ISO-10303-21;
HEADER;
FILE_DESCRIPTION((''),'2;1');
FILE_NAME('SniffDetectEnclP1', '2026-01-13T21:31:28', (''), (''), 'ImageToStl.com STEP Converter','', '');
FILE_SCHEMA(('AUTOMOTIVE_DESIGN_CC2'));
ENDSEC;
DATA;
#1=PRODUCT_DEFINITION_CONTEXT('',#4,'design');
#2=APPLICATION_PROTOCOL_DEFINITION('INTERNATIONAL STANDARD','automotive_design',1994,#4);
#3=(GEOMETRIC_REPRESENTATION_CONTEXT(3)GLOBAL_UNCERTAINTY_ASSIGNED_CONTEXT((#5))GLOBAL_UNIT_ASSIGNED_CONTEXT((#6,#7,#8))REPRESENTATION_CONTEXT('NONE','WORKSPACE'));
#4=APPLICATION_CONTEXT(' ');
#5=UNCERTAINTY_MEASURE_WITH_UNIT(LENGTH_MEASURE(1.0E-006),#6,'','');
#6=(CONVERSION_BASED_UNIT('METRE',#10)LENGTH_UNIT()NAMED_UNIT(#11));
#7=(NAMED_UNIT(#12)PLANE_ANGLE_UNIT()SI_UNIT($,.RADIAN.));
#8=(NAMED_UNIT(#12)SOLID_ANGLE_UNIT()SI_UNIT($,.STERADIAN.));
#9=AXIS2_PLACEMENT_3D('',#14,#15,#16);
#10=LENGTH_MEASURE_WITH_UNIT(LENGTH_MEASURE(1.0),#17);
#11=DIMENSIONAL_EXPONENTS(1.0,0.0,0.0,0.0,0.0,0.0,0.0);
#12=DIMENSIONAL_EXPONENTS(0.0,0.0,0.0,0.0,0.0,0.0,0.0);
#13=PRODUCT_CONTEXT('',#4,'mechanical');
#14=CARTESIAN_POINT('',(0.0,0.0,0.0));
#15=DIRECTION('',(0.0,0.0,1.0));
#16=DIRECTION('',(1.0,0.0,0.0));
#17=(NAMED_UNIT(#11)LENGTH_UNIT()SI_UNIT(.MILLI.,.METRE.));
#18=PRESENTATION_STYLE_ASSIGNMENT((#19));
#19=SURFACE_STYLE_USAGE(.BOTH.,#20);
#20=SURFACE_SIDE_STYLE('',(#21));
#21=SURFACE_STYLE_FILL_AREA(#22);
#22=FILL_AREA_STYLE('',(#23));
#23=FILL_AREA_STYLE_COLOUR('',#24);
#24=COLOUR_RGB('',0.85,0.85,0.85);
#25=SHAPE_DEFINITION_REPRESENTATION(#26,#27);
#26=PRODUCT_DEFINITION_SHAPE('productshape0','',#30);
#27=MANIFOLD_SURFACE_SHAPE_REPRESENTATION('',(#28,#9),#3);
#28=SHELL_BASED_SURFACE_MODEL('shell0',(#33));
#29=PRODUCT('product0','','',(#13));
#30=PRODUCT_DEFINITION('mesh0','',#31,#2);
#31=PRODUCT_DEFINITION_FORMATION_WITH_SPECIFIED_SOURCE('prodsource0','',#29,.NOT_KNOWN.);
#32=STYLED_ITEM('',(#18),#33);
#33=CLOSED_SHELL('',(#962,#984,#1006,#1028,#1050,#1072,#1094,#1116,#1138,#1160,#1182,#1204,#1226,#1248,#1270,#1292,#1314,#1336,#1358,#1380,#1402,#1424,#1446,#1468,#1490,#1512,#1534,#1556,#1578,#1600,#1622,#1644,#1666,#1688,#1710,#1732,#1754,#1776,#1798,#1820,#1842,#1864,#1886,#1908,#1930,#1952,#1974,#1996,#2018,#2040,#2062,#2084,#2106,#2128,#2150,#2172,#2194,#2216,#2238,#2260,#2282,#2304,#2326,#2348,#2370,#2392,#2414,#2436,#2458,#2480,#2502,#2524,#2546,#2568,#2590,#2612,#2634,#2656,#2678,#2700,#2722,#2744,#2766,#2788,#2810,#2832,#2854,#2876,#2898,#2920,#2942,#2964,#2986,#3008,#3030,#3052,#3074,#3096,#3118,#3140,#3162,#3184,#3206,#3228,#3250,#3272,#3294,#3316,#3338,#3360,#3382,#3404,#3426,#3448,#3470,#3492,#3514,#3536,#3558,#3580,#3602,#3624,#3646,#3668,#3690,#3712,#3734,#3756,#3778,#3800,#3822,#3844,#3866,#3888,#3910,#3932,#3954,#3976,#3998,#4020,#4042,#4064,#4086,#4108,#4130,#4152,#4174,#4196,#4218,#4240,#4262,#4284,#4306,#4328,#4350,#4372,#4394,#4416,#4438,#4460,#4482,#4504,#4526,#4548,#4570,#4592,#4614,#4636,#4658,#4680,#4702,#4724,#4746,#4768,#4790,#4812,#4834,#4856,#4878,#4900,#4922,#4944,#4966,#4988,#5010,#5032,#5054,#5076,#5098,#5120,#5142,#5164,#5186,#5208,#5230,#5252,#5274,#5296,#5318,#5340,#5362,#5384,#5406,#5428,#5450,#5472,#5494,#5516,#5538,#5560,#5582,#5604,#5626,#5648,#5670,#5692,#5714,#5736,#5758,#5780,#5802,#5824,#5846,#5868,#5890,#5912,#5934,#5956,#5978,#6000,#6022,#6044,#6066,#6088,#6110,#6132,#6154,#6176,#6198,#6220,#6242,#6264,#6286,#6308,#6330,#6352,#6374,#6396,#6418,#6440,#6462,#6484,#6506,#6528,#6550,#6572,#6594,#6616,#6638,#6660,#6682,#6704,#6726,#6748,#6770,#6792,#6814,#6836,#6858,#6880,#6902,#6924,#6946,#6968,#6990,#7012,#7034,#7056,#7078,#7100,#7122,#7144,#7166,#7188,#7210,#7232,#7254,#7276,#7298,#7320,#7342,#7364,#7386,#7408,#7430,#7452,#7474,#7496,#7518,#7540,#7562,#7584,#7606,#7628,#7650,#7672,#7694,#7716,#7738,#7760,#7782,#7804,#7826,#7848,#7870,#7892,#7914,#7936,#7958,#7980,#8002,#8024,#8046,#8068,#8090,#8112,#8134,#8156,#8178,#8200,#8222,#8244,#8266,#8288,#8310,#8332,#8354,#8376,#8398,#8420,#8442,#8464,#8486,#8508,#8530,#8552,#8574,#8596,#8618,#8640,#8662,#8684,#8706,#8728,#8750,#8772,#8794,#8816,#8838,#8860,#8882,#8904,#8926,#8948,#8970,#8992,#9014,#9036,#9058,#9080,#9102,#9124,#9146,#9168,#9190,#9212,#9234,#9256,#9278,#9300,#9322,#9344,#9366,#9388,#9410,#9432,#9454,#9476,#9498,#9520,#9542,#9564,#9586,#9608,#9630,#9652,#9674,#9696,#9718,#9740,#9762,#9784,#9806,#9828,#9850,#9872,#9894,#9916,#9938,#9960,#9982,#10004,#10026,#10048,#10070,#10092,#10114,#10136,#10158,#10180,#10202,#10224,#10246,#10268,#10290,#10312,#10334,#10356,#10378,#10400,#10422,#10444,#10466,#10488,#10510,#10532,#10554,#10576,#10598,#10620,#10642,#10664,#10686,#10708,#10730,#10752,#10774,#10796,#10818,#10840,#10862,#10884,#10906,#10928,#10950,#10972,#10994,#11016,#11038,#11060,#11082,#11104,#11126,#11148,#11170,#11192,#11214,#11236,#11258,#11280,#11302,#11324,#11346,#11368,#11390,#11412,#11434,#11456,#11478,#11500,#11522,#11544,#11566,#11588,#11610,#11632,#11654,#11676,#11698,#11720,#11742,#11764,#11786,#11808,#11830,#11852,#11874,#11896,#11918,#11940,#11962,#11984,#12006,#12028,#12050,#12072,#12094,#12116,#12138,#12160,#12182,#12204,#12226,#12248,#12270,#12292,#12314,#12336,#12358,#12380,#12402,#12424,#12446,#12468,#12490,#12512,#12534,#12556,#12578,#12600,#12622,#12644,#12666,#12688,#12710,#12732,#12754,#12776,#12798,#12820,#12842,#12864,#12886,#12908,#12930,#12952,#12974,#12996,#13018,#13040,#13062,#13084,#13106,#13128,#13150,#13172,#13194,#13216,#13238,#13260,#13282,#13304,#13326,#13348,#13370,#13392,#13414,#13436,#13458,#13480,#13502,#13524,#13546,#13568,#13590,#13612,#13634,#13656,#13678,#13700,#13722,#13744,#13766,#13788,#13810,#13832,#13854,#13876,#13898,#13920,#13942,#13964,#13986,#14008,#14030,#14052,#14074,#14096,#14118,#14140,#14162,#14184,#14206,#14228,#14250,#14272,#14294,#14316,#14338,#14360,#14382,#14404,#14426,#14448,#14470,#14492,#14514,#14536,#14558,#14580,#14602,#14624,#14646,#14668,#14690,#14712,#14734,#14756,#14778,#14800,#14822,#14844,#14866,#14888,#14910,#14932,#14954,#14976,#14998,#15020,#15042,#15064,#15086,#15108,#15130,#15152,#15174,#15196,#15218,#15240,#15262,#15284,#15306,#15328,#15350,#15372,#15394,#15416,#15438,#15460,#15482,#15504,#15526,#15548,#15570,#15592,#15614,#15636,#15658,#15680,#15702,#15724,#15746,#15768,#15790,#15812,#15834,#15856,#15878,#15900,#15922,#15944,#15966,#15988,#16010,#16032,#16054,#16076,#16098,#16120,#16142,#16164,#16186,#16208,#16230,#16252,#16274,#16296,#16318,#16340,#16362,#16384,#16406,#16428,#16450,#16472,#16494,#16516,#16538,#16560,#16582,#16604,#16626,#16648,#16670,#16692,#16714,#16736,#16758,#16780,#16802,#16824,#16846,#16868,#16890,#16912,#16934,#16956,#16978,#17000,#17022,#17044,#17066,#17088,#17110,#17132,#17154,#17176,#17198,#17220,#17242,#17264,#17286,#17308,#17330,#17352,#17374,#17396,#17418,#17440,#17462,#17484,#17506,#17528,#17550,#17572,#17594,#17616,#17638,#17660,#17682,#17704,#17726,#17748,#17770,#17792,#17814,#17836,#17858,#17880,#17902,#17924,#17946,#17968,#17990,#18012,#18034,#18056,#18078,#18100,#18122,#18144,#18166,#18188,#18210,#18232,#18254,#18276,#18298,#18320,#18342,#18364,#18386,#18408,#18430,#18452,#18474,#18496,#18518,#18540,#18562,#18584,#18606,#18628,#18650,#18672,#18694,#18716,#18738,#18760,#18782,#18804,#18826,#18848,#18870,#18892,#18914,#18936,#18958,#18980,#19002,#19024,#19046,#19068,#19090,#19112,#19134,#19156,#19178,#19200,#19222,#19244,#19266,#19288,#19310,#19332,#19354,#19376,#19398,#19420,#19442,#19464,#19486,#19508,#19530,#19552,#19574,#19596,#19618,#19640,#19662,#19684,#19706,#19728,#19750,#19772,#19794,#19816,#19838,#19860,#19882,#19904,#19926,#19948,#19970,#19992,#20014,#20036,#20058,#20080,#20102,#20124,#20146,#20168,#20190,#20212,#20234,#20256,#20278,#20300,#20322,#20344,#20366,#20388,#20410,#20432,#20454,#20476,#20498,#20520,#20542,#20564,#20586,#20608,#20630,#20652,#20674,#20696,#20718,#20740,#20762,#20784,#20806,#20828,#20850,#20872,#20894,#20916,#20938,#20960,#20982,#21004,#21026,#21048,#21070,#21092,#21114,#21136,#21158,#21180,#21202,#21224,#21246,#21268,#21290,#21312,#21334,#21356));
#34=CARTESIAN_POINT('',(39.20068359375,81.8250732421875,13.000000953674316));
#35=VERTEX_POINT('',#34);
#36=CARTESIAN_POINT('',(39.20068359375,81.8250732421875,8.000000953674316));
#37=VERTEX_POINT('',#36);
#38=CARTESIAN_POINT('',(39.20068359375,78.8250732421875,13.000000953674316));
#39=VERTEX_POINT('',#38);
#40=CARTESIAN_POINT('',(39.20068359375,78.8250732421875,8.000000953674316));
#41=VERTEX_POINT('',#40);
#42=CARTESIAN_POINT('',(34.20068359375,81.8250732421875,13.000000953674316));
#43=VERTEX_POINT('',#42);
#44=CARTESIAN_POINT('',(34.20068359375,78.8250732421875,13.000000953674316));
#45=VERTEX_POINT('',#44);
#46=CARTESIAN_POINT('',(34.20068359375,81.8250732421875,8.000000953674316));
#47=VERTEX_POINT('',#46);
#48=CARTESIAN_POINT('',(34.20068359375,78.8250732421875,8.000000953674316));
#49=VERTEX_POINT('',#48);
#50=CARTESIAN_POINT('',(62.95068359375,24.8250732421875,9.999999974752427E-07));
#51=VERTEX_POINT('',#50);
#52=CARTESIAN_POINT('',(62.95068359375,78.8250732421875,9.999999974752427E-07));
#53=VERTEX_POINT('',#52);
#54=CARTESIAN_POINT('',(62.95068359375,24.8250732421875,24.600000381469727));
#55=VERTEX_POINT('',#54);
#56=CARTESIAN_POINT('',(62.95068359375,78.8250732421875,24.600000381469727));
#57=VERTEX_POINT('',#56);
#58=CARTESIAN_POINT('',(65.95068359375,24.8250732421875,9.999999974752427E-07));
#59=VERTEX_POINT('',#58);
#60=CARTESIAN_POINT('',(65.95068359375,24.8250732421875,24.600000381469727));
#61=VERTEX_POINT('',#60);
#62=CARTESIAN_POINT('',(65.95068359375,78.8250732421875,9.999999974752427E-07));
#63=VERTEX_POINT('',#62);
#64=CARTESIAN_POINT('',(65.95068359375,78.8250732421875,24.600000381469727));
#65=VERTEX_POINT('',#64);
#66=CARTESIAN_POINT('',(65.95068359375,84.8250732421875,9.999999974752427E-07));
#67=VERTEX_POINT('',#66);
#68=CARTESIAN_POINT('',(59.95068359375,81.8250732421875,9.999999974752427E-07));
#69=VERTEX_POINT('',#68);
#70=CARTESIAN_POINT('',(59.95068359375,84.8250732421875,9.999999974752427E-07));
#71=VERTEX_POINT('',#70);
#72=CARTESIAN_POINT('',(59.95068359375,21.8250732421875,9.999999974752427E-07));
#73=VERTEX_POINT('',#72);
#74=CARTESIAN_POINT('',(13.450684547424316,21.8250732421875,9.999999974752427E-07));
#75=VERTEX_POINT('',#74);
#76=CARTESIAN_POINT('',(65.95068359375,18.8250732421875,9.999999974752427E-07));
#77=VERTEX_POINT('',#76);
#78=CARTESIAN_POINT('',(59.95068359375,18.8250732421875,9.999999974752427E-07));
#79=VERTEX_POINT('',#78);
#80=CARTESIAN_POINT('',(13.450684547424316,18.8250732421875,9.999999974752427E-07));
#81=VERTEX_POINT('',#80);
#82=CARTESIAN_POINT('',(7.450684547424316,18.8250732421875,9.999999974752427E-07));
#83=VERTEX_POINT('',#82);
#84=CARTESIAN_POINT('',(10.450684547424316,24.8250732421875,9.999999974752427E-07));
#85=VERTEX_POINT('',#84);
#86=CARTESIAN_POINT('',(13.450684547424316,81.8250732421875,9.999999974752427E-07));
#87=VERTEX_POINT('',#86);
#88=CARTESIAN_POINT('',(10.450684547424316,78.8250732421875,9.999999974752427E-07));
#89=VERTEX_POINT('',#88);
#90=CARTESIAN_POINT('',(7.450684547424316,84.8250732421875,9.999999974752427E-07));
#91=VERTEX_POINT('',#90);
#92=CARTESIAN_POINT('',(7.450684547424316,78.8250732421875,9.999999974752427E-07));
#93=VERTEX_POINT('',#92);
#94=CARTESIAN_POINT('',(7.450684547424316,24.8250732421875,9.999999974752427E-07));
#95=VERTEX_POINT('',#94);
#96=CARTESIAN_POINT('',(13.450684547424316,84.8250732421875,9.999999974752427E-07));
#97=VERTEX_POINT('',#96);
#98=CARTESIAN_POINT('',(65.95068359375,18.8250732421875,24.600000381469727));
#99=VERTEX_POINT('',#98);
#100=CARTESIAN_POINT('',(13.450684547424316,21.8250732421875,24.600000381469727));
#101=VERTEX_POINT('',#100);
#102=CARTESIAN_POINT('',(59.95068359375,21.8250732421875,24.600000381469727));
#103=VERTEX_POINT('',#102);
#104=CARTESIAN_POINT('',(13.450684547424316,18.8250732421875,24.600000381469727));
#105=VERTEX_POINT('',#104);
#106=CARTESIAN_POINT('',(59.95068359375,18.8250732421875,24.600000381469727));
#107=VERTEX_POINT('',#106);
#108=CARTESIAN_POINT('',(7.450684547424316,18.8250732421875,24.600000381469727));
#109=VERTEX_POINT('',#108);
#110=CARTESIAN_POINT('',(10.450684547424316,78.8250732421875,24.600000381469727));
#111=VERTEX_POINT('',#110);
#112=CARTESIAN_POINT('',(10.450684547424316,24.8250732421875,24.600000381469727));
#113=VERTEX_POINT('',#112);
#114=CARTESIAN_POINT('',(7.450684547424316,78.8250732421875,24.600000381469727));
#115=VERTEX_POINT('',#114);
#116=CARTESIAN_POINT('',(7.450684547424316,24.8250732421875,24.600000381469727));
#117=VERTEX_POINT('',#116);
#118=CARTESIAN_POINT('',(7.450684547424316,84.8250732421875,24.600000381469727));
#119=VERTEX_POINT('',#118);
#120=CARTESIAN_POINT('',(13.450684547424316,81.8250732421875,24.600000381469727));
#121=VERTEX_POINT('',#120);
#122=CARTESIAN_POINT('',(59.95068359375,81.8250732421875,24.600000381469727));
#123=VERTEX_POINT('',#122);
#124=CARTESIAN_POINT('',(59.95068359375,84.8250732421875,24.600000381469727));
#125=VERTEX_POINT('',#124);
#126=CARTESIAN_POINT('',(13.450684547424316,84.8250732421875,24.600000381469727));
#127=VERTEX_POINT('',#126);
#128=CARTESIAN_POINT('',(65.95068359375,84.8250732421875,24.600000381469727));
#129=VERTEX_POINT('',#128);
#130=CARTESIAN_POINT('',(11.400684356689453,81.8250732421875,21.600000381469727));
#131=VERTEX_POINT('',#130);
#132=CARTESIAN_POINT('',(11.400684356689453,81.8250732421875,24.600000381469727));
#133=VERTEX_POINT('',#132);
#134=CARTESIAN_POINT('',(11.368313789367676,82.07095336914062,21.600000381469727));
#135=VERTEX_POINT('',#134);
#136=CARTESIAN_POINT('',(11.368313789367676,82.07095336914062,24.600000381469727));
#137=VERTEX_POINT('',#136);
#138=CARTESIAN_POINT('',(11.273408889770508,82.3000717163086,21.600000381469727));
#139=VERTEX_POINT('',#138);
#140=CARTESIAN_POINT('',(11.273408889770508,82.3000717163086,24.600000381469727));
#141=VERTEX_POINT('',#140);
#142=CARTESIAN_POINT('',(11.1224365234375,82.496826171875,21.600000381469727));
#143=VERTEX_POINT('',#142);
#144=CARTESIAN_POINT('',(11.1224365234375,82.496826171875,24.600000381469727));
#145=VERTEX_POINT('',#144);
#146=CARTESIAN_POINT('',(10.925684928894043,82.64779663085938,21.600000381469727));
#147=VERTEX_POINT('',#146);
#148=CARTESIAN_POINT('',(10.925684928894043,82.64779663085938,24.600000381469727));
#149=VERTEX_POINT('',#148);
#150=CARTESIAN_POINT('',(10.696562767028809,82.7426986694336,21.600000381469727));
#151=VERTEX_POINT('',#150);
#152=CARTESIAN_POINT('',(10.696562767028809,82.7426986694336,24.600000381469727));
#153=VERTEX_POINT('',#152);
#154=CARTESIAN_POINT('',(10.450684547424316,82.77507019042969,21.600000381469727));
#155=VERTEX_POINT('',#154);
#156=CARTESIAN_POINT('',(10.450684547424316,82.77507019042969,24.600000381469727));
#157=VERTEX_POINT('',#156);
#158=CARTESIAN_POINT('',(10.204806327819824,82.7426986694336,21.600000381469727));
#159=VERTEX_POINT('',#158);
#160=CARTESIAN_POINT('',(10.204806327819824,82.7426986694336,24.600000381469727));
#161=VERTEX_POINT('',#160);
#162=CARTESIAN_POINT('',(9.975685119628906,82.64779663085938,21.600000381469727));
#163=VERTEX_POINT('',#162);
#164=CARTESIAN_POINT('',(9.975685119628906,82.64779663085938,24.600000381469727));
#165=VERTEX_POINT('',#164);
#166=CARTESIAN_POINT('',(9.77893352508545,82.496826171875,21.600000381469727));
#167=VERTEX_POINT('',#166);
#168=CARTESIAN_POINT('',(9.77893352508545,82.496826171875,24.600000381469727));
#169=VERTEX_POINT('',#168);
#170=CARTESIAN_POINT('',(9.627960205078125,82.3000717163086,21.600000381469727));
#171=VERTEX_POINT('',#170);
#172=CARTESIAN_POINT('',(9.627960205078125,82.3000717163086,24.600000381469727));
#173=VERTEX_POINT('',#172);
#174=CARTESIAN_POINT('',(9.533055305480957,82.07095336914062,21.600000381469727));
#175=VERTEX_POINT('',#174);
#176=CARTESIAN_POINT('',(9.533055305480957,82.07095336914062,24.600000381469727));
#177=VERTEX_POINT('',#176);
#178=CARTESIAN_POINT('',(9.50068473815918,81.8250732421875,21.600000381469727));
#179=VERTEX_POINT('',#178);
#180=CARTESIAN_POINT('',(9.50068473815918,81.8250732421875,24.600000381469727));
#181=VERTEX_POINT('',#180);
#182=CARTESIAN_POINT('',(9.533055305480957,81.57919311523438,21.600000381469727));
#183=VERTEX_POINT('',#182);
#184=CARTESIAN_POINT('',(9.533055305480957,81.57919311523438,24.600000381469727));
#185=VERTEX_POINT('',#184);
#186=CARTESIAN_POINT('',(9.627960205078125,81.3500747680664,21.600000381469727));
#187=VERTEX_POINT('',#186);
#188=CARTESIAN_POINT('',(9.627960205078125,81.3500747680664,24.600000381469727));
#189=VERTEX_POINT('',#188);
#190=CARTESIAN_POINT('',(9.77893352508545,81.1533203125,21.600000381469727));
#191=VERTEX_POINT('',#190);
#192=CARTESIAN_POINT('',(9.77893352508545,81.1533203125,24.600000381469727));
#193=VERTEX_POINT('',#192);
#194=CARTESIAN_POINT('',(9.975685119628906,81.00234985351562,21.600000381469727));
#195=VERTEX_POINT('',#194);
#196=CARTESIAN_POINT('',(9.975685119628906,81.00234985351562,24.600000381469727));
#197=VERTEX_POINT('',#196);
#198=CARTESIAN_POINT('',(10.204806327819824,80.90744018554688,21.600000381469727));
#199=VERTEX_POINT('',#198);
#200=CARTESIAN_POINT('',(10.204806327819824,80.90744018554688,24.600000381469727));
#201=VERTEX_POINT('',#200);
#202=CARTESIAN_POINT('',(10.450684547424316,80.87506866455078,21.600000381469727));
#203=VERTEX_POINT('',#202);
#204=CARTESIAN_POINT('',(10.450684547424316,80.87506866455078,24.600000381469727));
#205=VERTEX_POINT('',#204);
#206=CARTESIAN_POINT('',(10.696562767028809,80.90744018554688,21.600000381469727));
#207=VERTEX_POINT('',#206);
#208=CARTESIAN_POINT('',(10.696562767028809,80.90744018554688,24.600000381469727));
#209=VERTEX_POINT('',#208);
#210=CARTESIAN_POINT('',(10.925684928894043,81.00234985351562,21.600000381469727));
#211=VERTEX_POINT('',#210);
#212=CARTESIAN_POINT('',(10.925684928894043,81.00234985351562,24.600000381469727));
#213=VERTEX_POINT('',#212);
#214=CARTESIAN_POINT('',(11.1224365234375,81.1533203125,21.600000381469727));
#215=VERTEX_POINT('',#214);
#216=CARTESIAN_POINT('',(11.1224365234375,81.1533203125,24.600000381469727));
#217=VERTEX_POINT('',#216);
#218=CARTESIAN_POINT('',(11.273408889770508,81.3500747680664,21.600000381469727));
#219=VERTEX_POINT('',#218);
#220=CARTESIAN_POINT('',(11.273408889770508,81.3500747680664,24.600000381469727));
#221=VERTEX_POINT('',#220);
#222=CARTESIAN_POINT('',(11.368313789367676,81.57919311523438,21.600000381469727));
#223=VERTEX_POINT('',#222);
#224=CARTESIAN_POINT('',(11.368313789367676,81.57919311523438,24.600000381469727));
#225=VERTEX_POINT('',#224);
#226=CARTESIAN_POINT('',(63.90068435668945,21.8250732421875,21.600000381469727));
#227=VERTEX_POINT('',#226);
#228=CARTESIAN_POINT('',(63.90068435668945,21.8250732421875,24.600000381469727));
#229=VERTEX_POINT('',#228);
#230=CARTESIAN_POINT('',(63.86831283569336,22.070951461791992,21.600000381469727));
#231=VERTEX_POINT('',#230);
#232=CARTESIAN_POINT('',(63.86831283569336,22.070951461791992,24.600000381469727));
#233=VERTEX_POINT('',#232);
#234=CARTESIAN_POINT('',(63.773406982421875,22.300071716308594,21.600000381469727));
#235=VERTEX_POINT('',#234);
#236=CARTESIAN_POINT('',(63.773406982421875,22.300071716308594,24.600000381469727));
#237=VERTEX_POINT('',#236);
#238=CARTESIAN_POINT('',(63.6224365234375,22.496824264526367,21.600000381469727));
#239=VERTEX_POINT('',#238);
#240=CARTESIAN_POINT('',(63.6224365234375,22.496824264526367,24.600000381469727));
#241=VERTEX_POINT('',#240);
#242=CARTESIAN_POINT('',(63.42568588256836,22.647796630859375,21.600000381469727));
#243=VERTEX_POINT('',#242);
#244=CARTESIAN_POINT('',(63.42568588256836,22.647796630859375,24.600000381469727));
#245=VERTEX_POINT('',#244);
#246=CARTESIAN_POINT('',(63.196563720703125,22.74270248413086,21.600000381469727));
#247=VERTEX_POINT('',#246);
#248=CARTESIAN_POINT('',(63.196563720703125,22.74270248413086,24.600000381469727));
#249=VERTEX_POINT('',#248);
#250=CARTESIAN_POINT('',(62.95068359375,22.77507209777832,21.600000381469727));
#251=VERTEX_POINT('',#250);
#252=CARTESIAN_POINT('',(62.95068359375,22.77507209777832,24.600000381469727));
#253=VERTEX_POINT('',#252);
#254=CARTESIAN_POINT('',(62.70480728149414,22.74270248413086,21.600000381469727));
#255=VERTEX_POINT('',#254);
#256=CARTESIAN_POINT('',(62.70480728149414,22.74270248413086,24.600000381469727));
#257=VERTEX_POINT('',#256);
#258=CARTESIAN_POINT('',(62.475685119628906,22.647796630859375,21.600000381469727));
#259=VERTEX_POINT('',#258);
#260=CARTESIAN_POINT('',(62.475685119628906,22.647796630859375,24.600000381469727));
#261=VERTEX_POINT('',#260);
#262=CARTESIAN_POINT('',(62.278934478759766,22.496824264526367,21.600000381469727));
#263=VERTEX_POINT('',#262);
#264=CARTESIAN_POINT('',(62.278934478759766,22.496824264526367,24.600000381469727));
#265=VERTEX_POINT('',#264);
#266=CARTESIAN_POINT('',(62.127960205078125,22.300071716308594,21.600000381469727));
#267=VERTEX_POINT('',#266);
#268=CARTESIAN_POINT('',(62.127960205078125,22.300071716308594,24.600000381469727));
#269=VERTEX_POINT('',#268);
#270=CARTESIAN_POINT('',(62.03305435180664,22.070951461791992,21.600000381469727));
#271=VERTEX_POINT('',#270);
#272=CARTESIAN_POINT('',(62.03305435180664,22.070951461791992,24.600000381469727));
#273=VERTEX_POINT('',#272);
#274=CARTESIAN_POINT('',(62.00068283081055,21.8250732421875,21.600000381469727));
#275=VERTEX_POINT('',#274);
#276=CARTESIAN_POINT('',(62.00068283081055,21.8250732421875,24.600000381469727));
#277=VERTEX_POINT('',#276);
#278=CARTESIAN_POINT('',(62.03305435180664,21.579195022583008,21.600000381469727));
#279=VERTEX_POINT('',#278);
#280=CARTESIAN_POINT('',(62.03305435180664,21.579195022583008,24.600000381469727));
#281=VERTEX_POINT('',#280);
#282=CARTESIAN_POINT('',(62.127960205078125,21.350072860717773,21.600000381469727));
#283=VERTEX_POINT('',#282);
#284=CARTESIAN_POINT('',(62.127960205078125,21.350072860717773,24.600000381469727));
#285=VERTEX_POINT('',#284);
#286=CARTESIAN_POINT('',(62.278934478759766,21.1533203125,21.600000381469727));
#287=VERTEX_POINT('',#286);
#288=CARTESIAN_POINT('',(62.278934478759766,21.1533203125,24.600000381469727));
#289=VERTEX_POINT('',#288);
#290=CARTESIAN_POINT('',(62.475685119628906,21.002347946166992,21.600000381469727));
#291=VERTEX_POINT('',#290);
#292=CARTESIAN_POINT('',(62.475685119628906,21.002347946166992,24.600000381469727));
#293=VERTEX_POINT('',#292);
#294=CARTESIAN_POINT('',(62.70480728149414,20.907442092895508,21.600000381469727));
#295=VERTEX_POINT('',#294);
#296=CARTESIAN_POINT('',(62.70480728149414,20.907442092895508,24.600000381469727));
#297=VERTEX_POINT('',#296);
#298=CARTESIAN_POINT('',(62.95068359375,20.875072479248047,21.600000381469727));
#299=VERTEX_POINT('',#298);
#300=CARTESIAN_POINT('',(62.95068359375,20.875072479248047,24.600000381469727));
#301=VERTEX_POINT('',#300);
#302=CARTESIAN_POINT('',(63.196563720703125,20.907442092895508,21.600000381469727));
#303=VERTEX_POINT('',#302);
#304=CARTESIAN_POINT('',(63.196563720703125,20.907442092895508,24.600000381469727));
#305=VERTEX_POINT('',#304);
#306=CARTESIAN_POINT('',(63.42568588256836,21.002347946166992,21.600000381469727));
#307=VERTEX_POINT('',#306);
#308=CARTESIAN_POINT('',(63.42568588256836,21.002347946166992,24.600000381469727));
#309=VERTEX_POINT('',#308);
#310=CARTESIAN_POINT('',(63.6224365234375,21.1533203125,21.600000381469727));
#311=VERTEX_POINT('',#310);
#312=CARTESIAN_POINT('',(63.6224365234375,21.1533203125,24.600000381469727));
#313=VERTEX_POINT('',#312);
#314=CARTESIAN_POINT('',(63.773406982421875,21.350072860717773,21.600000381469727));
#315=VERTEX_POINT('',#314);
#316=CARTESIAN_POINT('',(63.773406982421875,21.350072860717773,24.600000381469727));
#317=VERTEX_POINT('',#316);
#318=CARTESIAN_POINT('',(63.86831283569336,21.579195022583008,21.600000381469727));
#319=VERTEX_POINT('',#318);
#320=CARTESIAN_POINT('',(63.86831283569336,21.579195022583008,24.600000381469727));
#321=VERTEX_POINT('',#320);
#322=CARTESIAN_POINT('',(63.90068435668945,81.8250732421875,21.600000381469727));
#323=VERTEX_POINT('',#322);
#324=CARTESIAN_POINT('',(63.90068435668945,81.8250732421875,24.600000381469727));
#325=VERTEX_POINT('',#324);
#326=CARTESIAN_POINT('',(63.86831283569336,82.07095336914062,21.600000381469727));
#327=VERTEX_POINT('',#326);
#328=CARTESIAN_POINT('',(63.86831283569336,82.07095336914062,24.600000381469727));
#329=VERTEX_POINT('',#328);
#330=CARTESIAN_POINT('',(63.773406982421875,82.3000717163086,21.600000381469727));
#331=VERTEX_POINT('',#330);
#332=CARTESIAN_POINT('',(63.773406982421875,82.3000717163086,24.600000381469727));
#333=VERTEX_POINT('',#332);
#334=CARTESIAN_POINT('',(63.6224365234375,82.496826171875,21.600000381469727));
#335=VERTEX_POINT('',#334);
#336=CARTESIAN_POINT('',(63.6224365234375,82.496826171875,24.600000381469727));
#337=VERTEX_POINT('',#336);
#338=CARTESIAN_POINT('',(63.42568588256836,82.64779663085938,21.600000381469727));
#339=VERTEX_POINT('',#338);
#340=CARTESIAN_POINT('',(63.42568588256836,82.64779663085938,24.600000381469727));
#341=VERTEX_POINT('',#340);
#342=CARTESIAN_POINT('',(63.196563720703125,82.7426986694336,21.600000381469727));
#343=VERTEX_POINT('',#342);
#344=CARTESIAN_POINT('',(63.196563720703125,82.7426986694336,24.600000381469727));
#345=VERTEX_POINT('',#344);
#346=CARTESIAN_POINT('',(62.95068359375,82.77507019042969,21.600000381469727));
#347=VERTEX_POINT('',#346);
#348=CARTESIAN_POINT('',(62.95068359375,82.77507019042969,24.600000381469727));
#349=VERTEX_POINT('',#348);
#350=CARTESIAN_POINT('',(62.70480728149414,82.7426986694336,21.600000381469727));
#351=VERTEX_POINT('',#350);
#352=CARTESIAN_POINT('',(62.70480728149414,82.7426986694336,24.600000381469727));
#353=VERTEX_POINT('',#352);
#354=CARTESIAN_POINT('',(62.475685119628906,82.64779663085938,21.600000381469727));
#355=VERTEX_POINT('',#354);
#356=CARTESIAN_POINT('',(62.475685119628906,82.64779663085938,24.600000381469727));
#357=VERTEX_POINT('',#356);
#358=CARTESIAN_POINT('',(62.278934478759766,82.496826171875,21.600000381469727));
#359=VERTEX_POINT('',#358);
#360=CARTESIAN_POINT('',(62.278934478759766,82.496826171875,24.600000381469727));
#361=VERTEX_POINT('',#360);
#362=CARTESIAN_POINT('',(62.127960205078125,82.3000717163086,21.600000381469727));
#363=VERTEX_POINT('',#362);
#364=CARTESIAN_POINT('',(62.127960205078125,82.3000717163086,24.600000381469727));
#365=VERTEX_POINT('',#364);
#366=CARTESIAN_POINT('',(62.03305435180664,82.07095336914062,21.600000381469727));
#367=VERTEX_POINT('',#366);
#368=CARTESIAN_POINT('',(62.03305435180664,82.07095336914062,24.600000381469727));
#369=VERTEX_POINT('',#368);
#370=CARTESIAN_POINT('',(62.00068283081055,81.8250732421875,21.600000381469727));
#371=VERTEX_POINT('',#370);
#372=CARTESIAN_POINT('',(62.00068283081055,81.8250732421875,24.600000381469727));
#373=VERTEX_POINT('',#372);
#374=CARTESIAN_POINT('',(62.03305435180664,81.57919311523438,21.600000381469727));
#375=VERTEX_POINT('',#374);
#376=CARTESIAN_POINT('',(62.03305435180664,81.57919311523438,24.600000381469727));
#377=VERTEX_POINT('',#376);
#378=CARTESIAN_POINT('',(62.127960205078125,81.3500747680664,21.600000381469727));
#379=VERTEX_POINT('',#378);
#380=CARTESIAN_POINT('',(62.127960205078125,81.3500747680664,24.600000381469727));
#381=VERTEX_POINT('',#380);
#382=CARTESIAN_POINT('',(62.278934478759766,81.1533203125,21.600000381469727));
#383=VERTEX_POINT('',#382);
#384=CARTESIAN_POINT('',(62.278934478759766,81.1533203125,24.600000381469727));
#385=VERTEX_POINT('',#384);
#386=CARTESIAN_POINT('',(62.475685119628906,81.00234985351562,21.600000381469727));
#387=VERTEX_POINT('',#386);
#388=CARTESIAN_POINT('',(62.475685119628906,81.00234985351562,24.600000381469727));
#389=VERTEX_POINT('',#388);
#390=CARTESIAN_POINT('',(62.70480728149414,80.90744018554688,21.600000381469727));
#391=VERTEX_POINT('',#390);
#392=CARTESIAN_POINT('',(62.70480728149414,80.90744018554688,24.600000381469727));
#393=VERTEX_POINT('',#392);
#394=CARTESIAN_POINT('',(62.95068359375,80.87506866455078,21.600000381469727));
#395=VERTEX_POINT('',#394);
#396=CARTESIAN_POINT('',(62.95068359375,80.87506866455078,24.600000381469727));
#397=VERTEX_POINT('',#396);
#398=CARTESIAN_POINT('',(63.196563720703125,80.90744018554688,21.600000381469727));
#399=VERTEX_POINT('',#398);
#400=CARTESIAN_POINT('',(63.196563720703125,80.90744018554688,24.600000381469727));
#401=VERTEX_POINT('',#400);
#402=CARTESIAN_POINT('',(63.42568588256836,81.00234985351562,21.600000381469727));
#403=VERTEX_POINT('',#402);
#404=CARTESIAN_POINT('',(63.42568588256836,81.00234985351562,24.600000381469727));
#405=VERTEX_POINT('',#404);
#406=CARTESIAN_POINT('',(63.6224365234375,81.1533203125,21.600000381469727));
#407=VERTEX_POINT('',#406);
#408=CARTESIAN_POINT('',(63.6224365234375,81.1533203125,24.600000381469727));
#409=VERTEX_POINT('',#408);
#410=CARTESIAN_POINT('',(63.773406982421875,81.3500747680664,21.600000381469727));
#411=VERTEX_POINT('',#410);
#412=CARTESIAN_POINT('',(63.773406982421875,81.3500747680664,24.600000381469727));
#413=VERTEX_POINT('',#412);
#414=CARTESIAN_POINT('',(63.86831283569336,81.57919311523438,21.600000381469727));
#415=VERTEX_POINT('',#414);
#416=CARTESIAN_POINT('',(63.86831283569336,81.57919311523438,24.600000381469727));
#417=VERTEX_POINT('',#416);
#418=CARTESIAN_POINT('',(11.400684356689453,21.8250732421875,21.600000381469727));
#419=VERTEX_POINT('',#418);
#420=CARTESIAN_POINT('',(11.400684356689453,21.8250732421875,24.600000381469727));
#421=VERTEX_POINT('',#420);
#422=CARTESIAN_POINT('',(11.368313789367676,22.070951461791992,21.600000381469727));
#423=VERTEX_POINT('',#422);
#424=CARTESIAN_POINT('',(11.368313789367676,22.070951461791992,24.600000381469727));
#425=VERTEX_POINT('',#424);
#426=CARTESIAN_POINT('',(11.273408889770508,22.300071716308594,21.600000381469727));
#427=VERTEX_POINT('',#426);
#428=CARTESIAN_POINT('',(11.273408889770508,22.300071716308594,24.600000381469727));
#429=VERTEX_POINT('',#428);
#430=CARTESIAN_POINT('',(11.1224365234375,22.496824264526367,21.600000381469727));
#431=VERTEX_POINT('',#430);
#432=CARTESIAN_POINT('',(11.1224365234375,22.496824264526367,24.600000381469727));
#433=VERTEX_POINT('',#432);
#434=CARTESIAN_POINT('',(10.925684928894043,22.647796630859375,21.600000381469727));
#435=VERTEX_POINT('',#434);
#436=CARTESIAN_POINT('',(10.925684928894043,22.647796630859375,24.600000381469727));
#437=VERTEX_POINT('',#436);
#438=CARTESIAN_POINT('',(10.696562767028809,22.74270248413086,21.600000381469727));
#439=VERTEX_POINT('',#438);
#440=CARTESIAN_POINT('',(10.696562767028809,22.74270248413086,24.600000381469727));
#441=VERTEX_POINT('',#440);
#442=CARTESIAN_POINT('',(10.450684547424316,22.77507209777832,21.600000381469727));
#443=VERTEX_POINT('',#442);
#444=CARTESIAN_POINT('',(10.450684547424316,22.77507209777832,24.600000381469727));
#445=VERTEX_POINT('',#444);
#446=CARTESIAN_POINT('',(10.204806327819824,22.74270248413086,21.600000381469727));
#447=VERTEX_POINT('',#446);
#448=CARTESIAN_POINT('',(10.204806327819824,22.74270248413086,24.600000381469727));
#449=VERTEX_POINT('',#448);
#450=CARTESIAN_POINT('',(9.975685119628906,22.647796630859375,21.600000381469727));
#451=VERTEX_POINT('',#450);
#452=CARTESIAN_POINT('',(9.975685119628906,22.647796630859375,24.600000381469727));
#453=VERTEX_POINT('',#452);
#454=CARTESIAN_POINT('',(9.77893352508545,22.496824264526367,21.600000381469727));
#455=VERTEX_POINT('',#454);
#456=CARTESIAN_POINT('',(9.77893352508545,22.496824264526367,24.600000381469727));
#457=VERTEX_POINT('',#456);
#458=CARTESIAN_POINT('',(9.627960205078125,22.300071716308594,21.600000381469727));
#459=VERTEX_POINT('',#458);
#460=CARTESIAN_POINT('',(9.627960205078125,22.300071716308594,24.600000381469727));
#461=VERTEX_POINT('',#460);
#462=CARTESIAN_POINT('',(9.533055305480957,22.070951461791992,21.600000381469727));
#463=VERTEX_POINT('',#462);
#464=CARTESIAN_POINT('',(9.533055305480957,22.070951461791992,24.600000381469727));
#465=VERTEX_POINT('',#464);
#466=CARTESIAN_POINT('',(9.50068473815918,21.8250732421875,21.600000381469727));
#467=VERTEX_POINT('',#466);
#468=CARTESIAN_POINT('',(9.50068473815918,21.8250732421875,24.600000381469727));
#469=VERTEX_POINT('',#468);
#470=CARTESIAN_POINT('',(9.533055305480957,21.579195022583008,21.600000381469727));
#471=VERTEX_POINT('',#470);
#472=CARTESIAN_POINT('',(9.533055305480957,21.579195022583008,24.600000381469727));
#473=VERTEX_POINT('',#472);
#474=CARTESIAN_POINT('',(9.627960205078125,21.350072860717773,21.600000381469727));
#475=VERTEX_POINT('',#474);
#476=CARTESIAN_POINT('',(9.627960205078125,21.350072860717773,24.600000381469727));
#477=VERTEX_POINT('',#476);
#478=CARTESIAN_POINT('',(9.77893352508545,21.1533203125,21.600000381469727));
#479=VERTEX_POINT('',#478);
#480=CARTESIAN_POINT('',(9.77893352508545,21.1533203125,24.600000381469727));
#481=VERTEX_POINT('',#480);
#482=CARTESIAN_POINT('',(9.975685119628906,21.002347946166992,21.600000381469727));
#483=VERTEX_POINT('',#482);
#484=CARTESIAN_POINT('',(9.975685119628906,21.002347946166992,24.600000381469727));
#485=VERTEX_POINT('',#484);
#486=CARTESIAN_POINT('',(10.204806327819824,20.907442092895508,21.600000381469727));
#487=VERTEX_POINT('',#486);
#488=CARTESIAN_POINT('',(10.204806327819824,20.907442092895508,24.600000381469727));
#489=VERTEX_POINT('',#488);
#490=CARTESIAN_POINT('',(10.450684547424316,20.875072479248047,21.600000381469727));
#491=VERTEX_POINT('',#490);
#492=CARTESIAN_POINT('',(10.450684547424316,20.875072479248047,24.600000381469727));
#493=VERTEX_POINT('',#492);
#494=CARTESIAN_POINT('',(10.696562767028809,20.907442092895508,21.600000381469727));
#495=VERTEX_POINT('',#494);
#496=CARTESIAN_POINT('',(10.696562767028809,20.907442092895508,24.600000381469727));
#497=VERTEX_POINT('',#496);
#498=CARTESIAN_POINT('',(10.925684928894043,21.002347946166992,21.600000381469727));
#499=VERTEX_POINT('',#498);
#500=CARTESIAN_POINT('',(10.925684928894043,21.002347946166992,24.600000381469727));
#501=VERTEX_POINT('',#500);
#502=CARTESIAN_POINT('',(11.1224365234375,21.1533203125,21.600000381469727));
#503=VERTEX_POINT('',#502);
#504=CARTESIAN_POINT('',(11.1224365234375,21.1533203125,24.600000381469727));
#505=VERTEX_POINT('',#504);
#506=CARTESIAN_POINT('',(11.273408889770508,21.350072860717773,21.600000381469727));
#507=VERTEX_POINT('',#506);
#508=CARTESIAN_POINT('',(11.273408889770508,21.350072860717773,24.600000381469727));
#509=VERTEX_POINT('',#508);
#510=CARTESIAN_POINT('',(11.368313789367676,21.579195022583008,21.600000381469727));
#511=VERTEX_POINT('',#510);
#512=CARTESIAN_POINT('',(11.368313789367676,21.579195022583008,24.600000381469727));
#513=VERTEX_POINT('',#512);
#514=CARTESIAN_POINT('',(13.450684547424316,24.8250732421875,6.000000953674316));
#515=VERTEX_POINT('',#514);
#516=CARTESIAN_POINT('',(13.450684547424316,31.875072479248047,6.000000953674316));
#517=VERTEX_POINT('',#516);
#518=CARTESIAN_POINT('',(13.450684547424316,24.8250732421875,24.600000381469727));
#519=VERTEX_POINT('',#518);
#520=CARTESIAN_POINT('',(13.450684547424316,71.77507019042969,6.000000953674316));
#521=VERTEX_POINT('',#520);
#522=CARTESIAN_POINT('',(13.450684547424316,78.8250732421875,24.600000381469727));
#523=VERTEX_POINT('',#522);
#524=CARTESIAN_POINT('',(13.450684547424316,78.8250732421875,6.000000953674316));
#525=VERTEX_POINT('',#524);
#526=CARTESIAN_POINT('',(13.450684547424316,31.875072479248047,2.0000009536743164));
#527=VERTEX_POINT('',#526);
#528=CARTESIAN_POINT('',(13.450684547424316,71.77507019042969,2.0000009536743164));
#529=VERTEX_POINT('',#528);
#530=CARTESIAN_POINT('',(20.450685501098633,78.8250732421875,6.000000953674316));
#531=VERTEX_POINT('',#530);
#532=CARTESIAN_POINT('',(20.450685501098633,78.8250732421875,2.0000009536743164));
#533=VERTEX_POINT('',#532);
#534=CARTESIAN_POINT('',(52.95068359375,78.8250732421875,2.0000009536743164));
#535=VERTEX_POINT('',#534);
#536=CARTESIAN_POINT('',(52.95068359375,78.8250732421875,6.000000953674316));
#537=VERTEX_POINT('',#536);
#538=CARTESIAN_POINT('',(59.95068359375,78.8250732421875,6.000000953674316));
#539=VERTEX_POINT('',#538);
#540=CARTESIAN_POINT('',(59.95068359375,78.8250732421875,24.600000381469727));
#541=VERTEX_POINT('',#540);
#542=CARTESIAN_POINT('',(20.450685501098633,24.8250732421875,6.000000953674316));
#543=VERTEX_POINT('',#542);
#544=CARTESIAN_POINT('',(59.95068359375,24.8250732421875,24.600000381469727));
#545=VERTEX_POINT('',#544);
#546=CARTESIAN_POINT('',(52.95068359375,24.8250732421875,6.000000953674316));
#547=VERTEX_POINT('',#546);
#548=CARTESIAN_POINT('',(59.95068359375,24.8250732421875,6.000000953674316));
#549=VERTEX_POINT('',#548);
#550=CARTESIAN_POINT('',(52.95068359375,24.8250732421875,2.0000009536743164));
#551=VERTEX_POINT('',#550);
#552=CARTESIAN_POINT('',(20.450685501098633,24.8250732421875,2.0000009536743164));
#553=VERTEX_POINT('',#552);
#554=CARTESIAN_POINT('',(59.95068359375,31.875072479248047,6.000000953674316));
#555=VERTEX_POINT('',#554);
#556=CARTESIAN_POINT('',(59.95068359375,71.77507019042969,6.000000953674316));
#557=VERTEX_POINT('',#556);
#558=CARTESIAN_POINT('',(59.95068359375,71.77507019042969,2.0000009536743164));
#559=VERTEX_POINT('',#558);
#560=CARTESIAN_POINT('',(59.95068359375,31.875072479248047,2.0000009536743164));
#561=VERTEX_POINT('',#560);
#562=CARTESIAN_POINT('',(20.450685501098633,31.875072479248047,2.0000009536743164));
#563=VERTEX_POINT('',#562);
#564=CARTESIAN_POINT('',(52.95068359375,31.875072479248047,2.0000009536743164));
#565=VERTEX_POINT('',#564);
#566=CARTESIAN_POINT('',(20.450685501098633,71.77507019042969,2.0000009536743164));
#567=VERTEX_POINT('',#566);
#568=CARTESIAN_POINT('',(52.95068359375,71.77507019042969,2.0000009536743164));
#569=VERTEX_POINT('',#568);
#570=CARTESIAN_POINT('',(56.80068588256836,74.7250747680664,4.000000953674316));
#571=VERTEX_POINT('',#570);
#572=CARTESIAN_POINT('',(56.80068588256836,74.7250747680664,6.000000953674316));
#573=VERTEX_POINT('',#572);
#574=CARTESIAN_POINT('',(56.768314361572266,74.970947265625,4.000000953674316));
#575=VERTEX_POINT('',#574);
#576=CARTESIAN_POINT('',(56.768314361572266,74.970947265625,6.000000953674316));
#577=VERTEX_POINT('',#576);
#578=CARTESIAN_POINT('',(56.67340850830078,75.2000732421875,4.000000953674316));
#579=VERTEX_POINT('',#578);
#580=CARTESIAN_POINT('',(56.67340850830078,75.2000732421875,6.000000953674316));
#581=VERTEX_POINT('',#580);
#582=CARTESIAN_POINT('',(56.522438049316406,75.39682006835938,4.000000953674316));
#583=VERTEX_POINT('',#582);
#584=CARTESIAN_POINT('',(56.522438049316406,75.39682006835938,6.000000953674316));
#585=VERTEX_POINT('',#584);
#586=CARTESIAN_POINT('',(56.32568359375,75.54779815673828,4.000000953674316));
#587=VERTEX_POINT('',#586);
#588=CARTESIAN_POINT('',(56.32568359375,75.54779815673828,6.000000953674316));
#589=VERTEX_POINT('',#588);
#590=CARTESIAN_POINT('',(56.096561431884766,75.6427001953125,4.000000953674316));
#591=VERTEX_POINT('',#590);
#592=CARTESIAN_POINT('',(56.096561431884766,75.6427001953125,6.000000953674316));
#593=VERTEX_POINT('',#592);
#594=CARTESIAN_POINT('',(55.850685119628906,75.6750717163086,4.000000953674316));
#595=VERTEX_POINT('',#594);
#596=CARTESIAN_POINT('',(55.850685119628906,75.6750717163086,6.000000953674316));
#597=VERTEX_POINT('',#596);
#598=CARTESIAN_POINT('',(55.60480499267578,75.6427001953125,4.000000953674316));
#599=VERTEX_POINT('',#598);
#600=CARTESIAN_POINT('',(55.60480499267578,75.6427001953125,6.000000953674316));
#601=VERTEX_POINT('',#600);
#602=CARTESIAN_POINT('',(55.37568283081055,75.54779815673828,4.000000953674316));
#603=VERTEX_POINT('',#602);
#604=CARTESIAN_POINT('',(55.37568283081055,75.54779815673828,6.000000953674316));
#605=VERTEX_POINT('',#604);
#606=CARTESIAN_POINT('',(55.178932189941406,75.39682006835938,4.000000953674316));
#607=VERTEX_POINT('',#606);
#608=CARTESIAN_POINT('',(55.178932189941406,75.39682006835938,6.000000953674316));
#609=VERTEX_POINT('',#608);
#610=CARTESIAN_POINT('',(55.02796173095703,75.2000732421875,4.000000953674316));
#611=VERTEX_POINT('',#610);
#612=CARTESIAN_POINT('',(55.02796173095703,75.2000732421875,6.000000953674316));
#613=VERTEX_POINT('',#612);
#614=CARTESIAN_POINT('',(54.93305587768555,74.970947265625,4.000000953674316));
#615=VERTEX_POINT('',#614);
#616=CARTESIAN_POINT('',(54.93305587768555,74.970947265625,6.000000953674316));
#617=VERTEX_POINT('',#616);
#618=CARTESIAN_POINT('',(54.90068435668945,74.7250747680664,4.000000953674316));
#619=VERTEX_POINT('',#618);
#620=CARTESIAN_POINT('',(54.90068435668945,74.7250747680664,6.000000953674316));
#621=VERTEX_POINT('',#620);
#622=CARTESIAN_POINT('',(54.93305587768555,74.47919464111328,4.000000953674316));
#623=VERTEX_POINT('',#622);
#624=CARTESIAN_POINT('',(54.93305587768555,74.47919464111328,6.000000953674316));
#625=VERTEX_POINT('',#624);
#626=CARTESIAN_POINT('',(55.02796173095703,74.25006866455078,4.000000953674316));
#627=VERTEX_POINT('',#626);
#628=CARTESIAN_POINT('',(55.02796173095703,74.25006866455078,6.000000953674316));
#629=VERTEX_POINT('',#628);
#630=CARTESIAN_POINT('',(55.178932189941406,74.0533218383789,4.000000953674316));
#631=VERTEX_POINT('',#630);
#632=CARTESIAN_POINT('',(55.178932189941406,74.0533218383789,6.000000953674316));
#633=VERTEX_POINT('',#632);
#634=CARTESIAN_POINT('',(55.37568283081055,73.90235137939453,4.000000953674316));
#635=VERTEX_POINT('',#634);
#636=CARTESIAN_POINT('',(55.37568283081055,73.90235137939453,6.000000953674316));
#637=VERTEX_POINT('',#636);
#638=CARTESIAN_POINT('',(55.60480499267578,73.80744171142578,4.000000953674316));
#639=VERTEX_POINT('',#638);
#640=CARTESIAN_POINT('',(55.60480499267578,73.80744171142578,6.000000953674316));
#641=VERTEX_POINT('',#640);
#642=CARTESIAN_POINT('',(55.850685119628906,73.77507019042969,4.000000953674316));
#643=VERTEX_POINT('',#642);
#644=CARTESIAN_POINT('',(55.850685119628906,73.77507019042969,6.000000953674316));
#645=VERTEX_POINT('',#644);
#646=CARTESIAN_POINT('',(56.096561431884766,73.80744171142578,4.000000953674316));
#647=VERTEX_POINT('',#646);
#648=CARTESIAN_POINT('',(56.096561431884766,73.80744171142578,6.000000953674316));
#649=VERTEX_POINT('',#648);
#650=CARTESIAN_POINT('',(56.32568359375,73.90235137939453,4.000000953674316));
#651=VERTEX_POINT('',#650);
#652=CARTESIAN_POINT('',(56.32568359375,73.90235137939453,6.000000953674316));
#653=VERTEX_POINT('',#652);
#654=CARTESIAN_POINT('',(56.522438049316406,74.0533218383789,4.000000953674316));
#655=VERTEX_POINT('',#654);
#656=CARTESIAN_POINT('',(56.522438049316406,74.0533218383789,6.000000953674316));
#657=VERTEX_POINT('',#656);
#658=CARTESIAN_POINT('',(56.67340850830078,74.25006866455078,4.000000953674316));
#659=VERTEX_POINT('',#658);
#660=CARTESIAN_POINT('',(56.67340850830078,74.25006866455078,6.000000953674316));
#661=VERTEX_POINT('',#660);
#662=CARTESIAN_POINT('',(56.768314361572266,74.47919464111328,4.000000953674316));
#663=VERTEX_POINT('',#662);
#664=CARTESIAN_POINT('',(56.768314361572266,74.47919464111328,6.000000953674316));
#665=VERTEX_POINT('',#664);
#666=CARTESIAN_POINT('',(56.80068588256836,28.925071716308594,4.000000953674316));
#667=VERTEX_POINT('',#666);
#668=CARTESIAN_POINT('',(56.80068588256836,28.925071716308594,6.000000953674316));
#669=VERTEX_POINT('',#668);
#670=CARTESIAN_POINT('',(56.768314361572266,29.170949935913086,4.000000953674316));
#671=VERTEX_POINT('',#670);
#672=CARTESIAN_POINT('',(56.768314361572266,29.170949935913086,6.000000953674316));
#673=VERTEX_POINT('',#672);
#674=CARTESIAN_POINT('',(56.67340850830078,29.40007209777832,4.000000953674316));
#675=VERTEX_POINT('',#674);
#676=CARTESIAN_POINT('',(56.67340850830078,29.40007209777832,6.000000953674316));
#677=VERTEX_POINT('',#676);
#678=CARTESIAN_POINT('',(56.522438049316406,29.596824645996094,4.000000953674316));
#679=VERTEX_POINT('',#678);
#680=CARTESIAN_POINT('',(56.522438049316406,29.596824645996094,6.000000953674316));
#681=VERTEX_POINT('',#680);
#682=CARTESIAN_POINT('',(56.32568359375,29.7477970123291,4.000000953674316));
#683=VERTEX_POINT('',#682);
#684=CARTESIAN_POINT('',(56.32568359375,29.7477970123291,6.000000953674316));
#685=VERTEX_POINT('',#684);
#686=CARTESIAN_POINT('',(56.096561431884766,29.842702865600586,4.000000953674316));
#687=VERTEX_POINT('',#686);
#688=CARTESIAN_POINT('',(56.096561431884766,29.842702865600586,6.000000953674316));
#689=VERTEX_POINT('',#688);
#690=CARTESIAN_POINT('',(55.850685119628906,29.875072479248047,4.000000953674316));
#691=VERTEX_POINT('',#690);
#692=CARTESIAN_POINT('',(55.850685119628906,29.875072479248047,6.000000953674316));
#693=VERTEX_POINT('',#692);
#694=CARTESIAN_POINT('',(55.60480499267578,29.842702865600586,4.000000953674316));
#695=VERTEX_POINT('',#694);
#696=CARTESIAN_POINT('',(55.60480499267578,29.842702865600586,6.000000953674316));
#697=VERTEX_POINT('',#696);
#698=CARTESIAN_POINT('',(55.37568283081055,29.7477970123291,4.000000953674316));
#699=VERTEX_POINT('',#698);
#700=CARTESIAN_POINT('',(55.37568283081055,29.7477970123291,6.000000953674316));
#701=VERTEX_POINT('',#700);
#702=CARTESIAN_POINT('',(55.178932189941406,29.596824645996094,4.000000953674316));
#703=VERTEX_POINT('',#702);
#704=CARTESIAN_POINT('',(55.178932189941406,29.596824645996094,6.000000953674316));
#705=VERTEX_POINT('',#704);
#706=CARTESIAN_POINT('',(55.02796173095703,29.40007209777832,4.000000953674316));
#707=VERTEX_POINT('',#706);
#708=CARTESIAN_POINT('',(55.02796173095703,29.40007209777832,6.000000953674316));
#709=VERTEX_POINT('',#708);
#710=CARTESIAN_POINT('',(54.93305587768555,29.170949935913086,4.000000953674316));
#711=VERTEX_POINT('',#710);
#712=CARTESIAN_POINT('',(54.93305587768555,29.170949935913086,6.000000953674316));
#713=VERTEX_POINT('',#712);
#714=CARTESIAN_POINT('',(54.90068435668945,28.925071716308594,4.000000953674316));
#715=VERTEX_POINT('',#714);
#716=CARTESIAN_POINT('',(54.90068435668945,28.925071716308594,6.000000953674316));
#717=VERTEX_POINT('',#716);
#718=CARTESIAN_POINT('',(54.93305587768555,28.6791934967041,4.000000953674316));
#719=VERTEX_POINT('',#718);
#720=CARTESIAN_POINT('',(54.93305587768555,28.6791934967041,6.000000953674316));
#721=VERTEX_POINT('',#720);
#722=CARTESIAN_POINT('',(55.02796173095703,28.4500732421875,4.000000953674316));
#723=VERTEX_POINT('',#722);
#724=CARTESIAN_POINT('',(55.02796173095703,28.4500732421875,6.000000953674316));
#725=VERTEX_POINT('',#724);
#726=CARTESIAN_POINT('',(55.178932189941406,28.253320693969727,4.000000953674316));
#727=VERTEX_POINT('',#726);
#728=CARTESIAN_POINT('',(55.178932189941406,28.253320693969727,6.000000953674316));
#729=VERTEX_POINT('',#728);
#730=CARTESIAN_POINT('',(55.37568283081055,28.10234832763672,4.000000953674316));
#731=VERTEX_POINT('',#730);
#732=CARTESIAN_POINT('',(55.37568283081055,28.10234832763672,6.000000953674316));
#733=VERTEX_POINT('',#732);
#734=CARTESIAN_POINT('',(55.60480499267578,28.007442474365234,4.000000953674316));
#735=VERTEX_POINT('',#734);
#736=CARTESIAN_POINT('',(55.60480499267578,28.007442474365234,6.000000953674316));
#737=VERTEX_POINT('',#736);
#738=CARTESIAN_POINT('',(55.850685119628906,27.975072860717773,4.000000953674316));
#739=VERTEX_POINT('',#738);
#740=CARTESIAN_POINT('',(55.850685119628906,27.975072860717773,6.000000953674316));
#741=VERTEX_POINT('',#740);
#742=CARTESIAN_POINT('',(56.096561431884766,28.007442474365234,4.000000953674316));
#743=VERTEX_POINT('',#742);
#744=CARTESIAN_POINT('',(56.096561431884766,28.007442474365234,6.000000953674316));
#745=VERTEX_POINT('',#744);
#746=CARTESIAN_POINT('',(56.32568359375,28.10234832763672,4.000000953674316));
#747=VERTEX_POINT('',#746);
#748=CARTESIAN_POINT('',(56.32568359375,28.10234832763672,6.000000953674316));
#749=VERTEX_POINT('',#748);
#750=CARTESIAN_POINT('',(56.522438049316406,28.253320693969727,4.000000953674316));
#751=VERTEX_POINT('',#750);
#752=CARTESIAN_POINT('',(56.522438049316406,28.253320693969727,6.000000953674316));
#753=VERTEX_POINT('',#752);
#754=CARTESIAN_POINT('',(56.67340850830078,28.4500732421875,4.000000953674316));
#755=VERTEX_POINT('',#754);
#756=CARTESIAN_POINT('',(56.67340850830078,28.4500732421875,6.000000953674316));
#757=VERTEX_POINT('',#756);
#758=CARTESIAN_POINT('',(56.768314361572266,28.6791934967041,4.000000953674316));
#759=VERTEX_POINT('',#758);
#760=CARTESIAN_POINT('',(56.768314361572266,28.6791934967041,6.000000953674316));
#761=VERTEX_POINT('',#760);
#762=CARTESIAN_POINT('',(18.50068473815918,74.7250747680664,4.000000953674316));
#763=VERTEX_POINT('',#762);
#764=CARTESIAN_POINT('',(18.50068473815918,74.7250747680664,6.000000953674316));
#765=VERTEX_POINT('',#764);
#766=CARTESIAN_POINT('',(18.46831512451172,74.970947265625,4.000000953674316));
#767=VERTEX_POINT('',#766);
#768=CARTESIAN_POINT('',(18.46831512451172,74.970947265625,6.000000953674316));
#769=VERTEX_POINT('',#768);
#770=CARTESIAN_POINT('',(18.373409271240234,75.2000732421875,4.000000953674316));
#771=VERTEX_POINT('',#770);
#772=CARTESIAN_POINT('',(18.373409271240234,75.2000732421875,6.000000953674316));
#773=VERTEX_POINT('',#772);
#774=CARTESIAN_POINT('',(18.222436904907227,75.39682006835938,4.000000953674316));
#775=VERTEX_POINT('',#774);
#776=CARTESIAN_POINT('',(18.222436904907227,75.39682006835938,6.000000953674316));
#777=VERTEX_POINT('',#776);
#778=CARTESIAN_POINT('',(18.025684356689453,75.54779815673828,4.000000953674316));
#779=VERTEX_POINT('',#778);
#780=CARTESIAN_POINT('',(18.025684356689453,75.54779815673828,6.000000953674316));
#781=VERTEX_POINT('',#780);
#782=CARTESIAN_POINT('',(17.79656219482422,75.6427001953125,4.000000953674316));
#783=VERTEX_POINT('',#782);
#784=CARTESIAN_POINT('',(17.79656219482422,75.6427001953125,6.000000953674316));
#785=VERTEX_POINT('',#784);
#786=CARTESIAN_POINT('',(17.550683975219727,75.6750717163086,4.000000953674316));
#787=VERTEX_POINT('',#786);
#788=CARTESIAN_POINT('',(17.550683975219727,75.6750717163086,6.000000953674316));
#789=VERTEX_POINT('',#788);
#790=CARTESIAN_POINT('',(17.304805755615234,75.6427001953125,4.000000953674316));
#791=VERTEX_POINT('',#790);
#792=CARTESIAN_POINT('',(17.304805755615234,75.6427001953125,6.000000953674316));
#793=VERTEX_POINT('',#792);
#794=CARTESIAN_POINT('',(17.075685501098633,75.54779815673828,4.000000953674316));
#795=VERTEX_POINT('',#794);
#796=CARTESIAN_POINT('',(17.075685501098633,75.54779815673828,6.000000953674316));
#797=VERTEX_POINT('',#796);
#798=CARTESIAN_POINT('',(16.87893295288086,75.39682006835938,4.000000953674316));
#799=VERTEX_POINT('',#798);
#800=CARTESIAN_POINT('',(16.87893295288086,75.39682006835938,6.000000953674316));
#801=VERTEX_POINT('',#800);
#802=CARTESIAN_POINT('',(16.72796058654785,75.2000732421875,4.000000953674316));
#803=VERTEX_POINT('',#802);
#804=CARTESIAN_POINT('',(16.72796058654785,75.2000732421875,6.000000953674316));
#805=VERTEX_POINT('',#804);
#806=CARTESIAN_POINT('',(16.633054733276367,74.970947265625,4.000000953674316));
#807=VERTEX_POINT('',#806);
#808=CARTESIAN_POINT('',(16.633054733276367,74.970947265625,6.000000953674316));
#809=VERTEX_POINT('',#808);
#810=CARTESIAN_POINT('',(16.600685119628906,74.7250747680664,4.000000953674316));
#811=VERTEX_POINT('',#810);
#812=CARTESIAN_POINT('',(16.600685119628906,74.7250747680664,6.000000953674316));
#813=VERTEX_POINT('',#812);
#814=CARTESIAN_POINT('',(16.633054733276367,74.47919464111328,4.000000953674316));
#815=VERTEX_POINT('',#814);
#816=CARTESIAN_POINT('',(16.633054733276367,74.47919464111328,6.000000953674316));
#817=VERTEX_POINT('',#816);
#818=CARTESIAN_POINT('',(16.72796058654785,74.25006866455078,4.000000953674316));
#819=VERTEX_POINT('',#818);
#820=CARTESIAN_POINT('',(16.72796058654785,74.25006866455078,6.000000953674316));
#821=VERTEX_POINT('',#820);
#822=CARTESIAN_POINT('',(16.87893295288086,74.0533218383789,4.000000953674316));
#823=VERTEX_POINT('',#822);
#824=CARTESIAN_POINT('',(16.87893295288086,74.0533218383789,6.000000953674316));
#825=VERTEX_POINT('',#824);
#826=CARTESIAN_POINT('',(17.075685501098633,73.90235137939453,4.000000953674316));
#827=VERTEX_POINT('',#826);
#828=CARTESIAN_POINT('',(17.075685501098633,73.90235137939453,6.000000953674316));
#829=VERTEX_POINT('',#828);
#830=CARTESIAN_POINT('',(17.304805755615234,73.80744171142578,4.000000953674316));
#831=VERTEX_POINT('',#830);
#832=CARTESIAN_POINT('',(17.304805755615234,73.80744171142578,6.000000953674316));
#833=VERTEX_POINT('',#832);
#834=CARTESIAN_POINT('',(17.550683975219727,73.77507019042969,4.000000953674316));
#835=VERTEX_POINT('',#834);
#836=CARTESIAN_POINT('',(17.550683975219727,73.77507019042969,6.000000953674316));
#837=VERTEX_POINT('',#836);
#838=CARTESIAN_POINT('',(17.79656219482422,73.80744171142578,4.000000953674316));
#839=VERTEX_POINT('',#838);
#840=CARTESIAN_POINT('',(17.79656219482422,73.80744171142578,6.000000953674316));
#841=VERTEX_POINT('',#840);
#842=CARTESIAN_POINT('',(18.025684356689453,73.90235137939453,4.000000953674316));
#843=VERTEX_POINT('',#842);
#844=CARTESIAN_POINT('',(18.025684356689453,73.90235137939453,6.000000953674316));
#845=VERTEX_POINT('',#844);
#846=CARTESIAN_POINT('',(18.222436904907227,74.0533218383789,4.000000953674316));
#847=VERTEX_POINT('',#846);
#848=CARTESIAN_POINT('',(18.222436904907227,74.0533218383789,6.000000953674316));
#849=VERTEX_POINT('',#848);
#850=CARTESIAN_POINT('',(18.373409271240234,74.25006866455078,4.000000953674316));
#851=VERTEX_POINT('',#850);
#852=CARTESIAN_POINT('',(18.373409271240234,74.25006866455078,6.000000953674316));
#853=VERTEX_POINT('',#852);
#854=CARTESIAN_POINT('',(18.46831512451172,74.47919464111328,4.000000953674316));
#855=VERTEX_POINT('',#854);
#856=CARTESIAN_POINT('',(18.46831512451172,74.47919464111328,6.000000953674316));
#857=VERTEX_POINT('',#856);
#858=CARTESIAN_POINT('',(18.50068473815918,28.925071716308594,4.000000953674316));
#859=VERTEX_POINT('',#858);
#860=CARTESIAN_POINT('',(18.50068473815918,28.925071716308594,6.000000953674316));
#861=VERTEX_POINT('',#860);
#862=CARTESIAN_POINT('',(18.46831512451172,29.170949935913086,4.000000953674316));
#863=VERTEX_POINT('',#862);
#864=CARTESIAN_POINT('',(18.46831512451172,29.170949935913086,6.000000953674316));
#865=VERTEX_POINT('',#864);
#866=CARTESIAN_POINT('',(18.373409271240234,29.40007209777832,4.000000953674316));
#867=VERTEX_POINT('',#866);
#868=CARTESIAN_POINT('',(18.373409271240234,29.40007209777832,6.000000953674316));
#869=VERTEX_POINT('',#868);
#870=CARTESIAN_POINT('',(18.222436904907227,29.596824645996094,4.000000953674316));
#871=VERTEX_POINT('',#870);
#872=CARTESIAN_POINT('',(18.222436904907227,29.596824645996094,6.000000953674316));
#873=VERTEX_POINT('',#872);
#874=CARTESIAN_POINT('',(18.025684356689453,29.7477970123291,4.000000953674316));
#875=VERTEX_POINT('',#874);
#876=CARTESIAN_POINT('',(18.025684356689453,29.7477970123291,6.000000953674316));
#877=VERTEX_POINT('',#876);
#878=CARTESIAN_POINT('',(17.79656219482422,29.842702865600586,4.000000953674316));
#879=VERTEX_POINT('',#878);
#880=CARTESIAN_POINT('',(17.79656219482422,29.842702865600586,6.000000953674316));
#881=VERTEX_POINT('',#880);
#882=CARTESIAN_POINT('',(17.550683975219727,29.875072479248047,4.000000953674316));
#883=VERTEX_POINT('',#882);
#884=CARTESIAN_POINT('',(17.550683975219727,29.875072479248047,6.000000953674316));
#885=VERTEX_POINT('',#884);
#886=CARTESIAN_POINT('',(17.304805755615234,29.842702865600586,4.000000953674316));
#887=VERTEX_POINT('',#886);
#888=CARTESIAN_POINT('',(17.304805755615234,29.842702865600586,6.000000953674316));
#889=VERTEX_POINT('',#888);
#890=CARTESIAN_POINT('',(17.075685501098633,29.7477970123291,4.000000953674316));
#891=VERTEX_POINT('',#890);
#892=CARTESIAN_POINT('',(17.075685501098633,29.7477970123291,6.000000953674316));
#893=VERTEX_POINT('',#892);
#894=CARTESIAN_POINT('',(16.87893295288086,29.596824645996094,4.000000953674316));
#895=VERTEX_POINT('',#894);
#896=CARTESIAN_POINT('',(16.87893295288086,29.596824645996094,6.000000953674316));
#897=VERTEX_POINT('',#896);
#898=CARTESIAN_POINT('',(16.72796058654785,29.40007209777832,4.000000953674316));
#899=VERTEX_POINT('',#898);
#900=CARTESIAN_POINT('',(16.72796058654785,29.40007209777832,6.000000953674316));
#901=VERTEX_POINT('',#900);
#902=CARTESIAN_POINT('',(16.633054733276367,29.170949935913086,4.000000953674316));
#903=VERTEX_POINT('',#902);
#904=CARTESIAN_POINT('',(16.633054733276367,29.170949935913086,6.000000953674316));
#905=VERTEX_POINT('',#904);
#906=CARTESIAN_POINT('',(16.600685119628906,28.925071716308594,4.000000953674316));
#907=VERTEX_POINT('',#906);
#908=CARTESIAN_POINT('',(16.600685119628906,28.925071716308594,6.000000953674316));
#909=VERTEX_POINT('',#908);
#910=CARTESIAN_POINT('',(16.633054733276367,28.6791934967041,4.000000953674316));
#911=VERTEX_POINT('',#910);
#912=CARTESIAN_POINT('',(16.633054733276367,28.6791934967041,6.000000953674316));
#913=VERTEX_POINT('',#912);
#914=CARTESIAN_POINT('',(16.72796058654785,28.4500732421875,4.000000953674316));
#915=VERTEX_POINT('',#914);
#916=CARTESIAN_POINT('',(16.72796058654785,28.4500732421875,6.000000953674316));
#917=VERTEX_POINT('',#916);
#918=CARTESIAN_POINT('',(16.87893295288086,28.253320693969727,4.000000953674316));
#919=VERTEX_POINT('',#918);
#920=CARTESIAN_POINT('',(16.87893295288086,28.253320693969727,6.000000953674316));
#921=VERTEX_POINT('',#920);
#922=CARTESIAN_POINT('',(17.075685501098633,28.10234832763672,4.000000953674316));
#923=VERTEX_POINT('',#922);
#924=CARTESIAN_POINT('',(17.075685501098633,28.10234832763672,6.000000953674316));
#925=VERTEX_POINT('',#924);
#926=CARTESIAN_POINT('',(17.304805755615234,28.007442474365234,4.000000953674316));
#927=VERTEX_POINT('',#926);
#928=CARTESIAN_POINT('',(17.304805755615234,28.007442474365234,6.000000953674316));
#929=VERTEX_POINT('',#928);
#930=CARTESIAN_POINT('',(17.550683975219727,27.975072860717773,4.000000953674316));
#931=VERTEX_POINT('',#930);
#932=CARTESIAN_POINT('',(17.550683975219727,27.975072860717773,6.000000953674316));
#933=VERTEX_POINT('',#932);
#934=CARTESIAN_POINT('',(17.79656219482422,28.007442474365234,4.000000953674316));
#935=VERTEX_POINT('',#934);
#936=CARTESIAN_POINT('',(17.79656219482422,28.007442474365234,6.000000953674316));
#937=VERTEX_POINT('',#936);
#938=CARTESIAN_POINT('',(18.025684356689453,28.10234832763672,4.000000953674316));
#939=VERTEX_POINT('',#938);
#940=CARTESIAN_POINT('',(18.025684356689453,28.10234832763672,6.000000953674316));
#941=VERTEX_POINT('',#940);
#942=CARTESIAN_POINT('',(18.222436904907227,28.253320693969727,4.000000953674316));
#943=VERTEX_POINT('',#942);
#944=CARTESIAN_POINT('',(18.222436904907227,28.253320693969727,6.000000953674316));
#945=VERTEX_POINT('',#944);
#946=CARTESIAN_POINT('',(18.373409271240234,28.4500732421875,4.000000953674316));
#947=VERTEX_POINT('',#946);
#948=CARTESIAN_POINT('',(18.373409271240234,28.4500732421875,6.000000953674316));
#949=VERTEX_POINT('',#948);
#950=CARTESIAN_POINT('',(18.46831512451172,28.6791934967041,4.000000953674316));
#951=VERTEX_POINT('',#950);
#952=CARTESIAN_POINT('',(18.46831512451172,28.6791934967041,6.000000953674316));
#953=VERTEX_POINT('',#952);
#954=CARTESIAN_POINT('',(52.95068359375,31.875072479248047,6.000000953674316));
#955=VERTEX_POINT('',#954);
#956=CARTESIAN_POINT('',(20.450685501098633,31.875072479248047,6.000000953674316));
#957=VERTEX_POINT('',#956);
#958=CARTESIAN_POINT('',(20.450685501098633,71.77507019042969,6.000000953674316));
#959=VERTEX_POINT('',#958);
#960=CARTESIAN_POINT('',(52.95068359375,71.77507019042969,6.000000953674316));
#961=VERTEX_POINT('',#960);
#962=FACE_SURFACE('',(#967),#963,.T.);
#963=PLANE('',#964);
#964=AXIS2_PLACEMENT_3D('',#34,#965,#966);
#965=DIRECTION('',(-1,-0,-0));
#966=DIRECTION('',(0,0,-1));
#967=FACE_BOUND('',#968,.T.);
#968=EDGE_LOOP('',(#969,#970,#971));
#969=ORIENTED_EDGE('',*,*,#972,.T.);
#970=ORIENTED_EDGE('',*,*,#973,.T.);
#971=ORIENTED_EDGE('',*,*,#974,.T.);
#972=EDGE_CURVE('',#35,#37,#975,.F.);
#973=EDGE_CURVE('',#37,#39,#976,.T.);
#974=EDGE_CURVE('',#39,#35,#977,.T.);
#975=LINE('',#34,#978);
#976=LINE('',#36,#979);
#977=LINE('',#38,#980);
#978=VECTOR('',#981,1.0);
#979=VECTOR('',#982,1.0);
#980=VECTOR('',#983,1.0);
#981=DIRECTION('',(0,0,-1));
#982=DIRECTION('',(0,-0.5144957554275265,0.8574929257125441));
#983=DIRECTION('',(0,1,0));
#984=FACE_SURFACE('',(#989),#985,.T.);
#985=PLANE('',#986);
#986=AXIS2_PLACEMENT_3D('',#38,#987,#988);
#987=DIRECTION('',(-1,0,0));
#988=DIRECTION('',(0,0.5144957554275265,-0.8574929257125441));
#989=FACE_BOUND('',#990,.T.);
#990=EDGE_LOOP('',(#991,#992,#993));
#991=ORIENTED_EDGE('',*,*,#994,.T.);
#992=ORIENTED_EDGE('',*,*,#995,.T.);
#993=ORIENTED_EDGE('',*,*,#996,.T.);
#994=EDGE_CURVE('',#39,#37,#997,.F.);
#995=EDGE_CURVE('',#37,#41,#998,.T.);
#996=EDGE_CURVE('',#41,#39,#999,.T.);
#997=LINE('',#38,#1000);
#998=LINE('',#36,#1001);
#999=LINE('',#40,#1002);
#1000=VECTOR('',#1003,1.0);
#1001=VECTOR('',#1004,1.0);
#1002=VECTOR('',#1005,1.0);
#1003=DIRECTION('',(0,0.5144957554275265,-0.8574929257125441));
#1004=DIRECTION('',(0,-1,0));
#1005=DIRECTION('',(0,0,1));
#1006=FACE_SURFACE('',(#1011),#1007,.T.);
#1007=PLANE('',#1008);
#1008=AXIS2_PLACEMENT_3D('',#42,#1009,#1010);
#1009=DIRECTION('',(0,0,-1));
#1010=DIRECTION('',(1,0,0));
#1011=FACE_BOUND('',#1012,.T.);
#1012=EDGE_LOOP('',(#1013,#1014,#1015));
#1013=ORIENTED_EDGE('',*,*,#1016,.T.);
#1014=ORIENTED_EDGE('',*,*,#1017,.T.);
#1015=ORIENTED_EDGE('',*,*,#1018,.T.);
#1016=EDGE_CURVE('',#43,#35,#1019,.F.);
#1017=EDGE_CURVE('',#35,#45,#1020,.T.);
#1018=EDGE_CURVE('',#45,#43,#1021,.T.);
#1019=LINE('',#42,#1022);
#1020=LINE('',#34,#1023);
#1021=LINE('',#44,#1024);
#1022=VECTOR('',#1025,1.0);
#1023=VECTOR('',#1026,1.0);
#1024=VECTOR('',#1027,1.0);
#1025=DIRECTION('',(1,0,0));
#1026=DIRECTION('',(-0.8574929257125441,-0.5144957554275265,0));
#1027=DIRECTION('',(0,1,0));
#1028=FACE_SURFACE('',(#1033),#1029,.T.);
#1029=PLANE('',#1030);
#1030=AXIS2_PLACEMENT_3D('',#44,#1031,#1032);
#1031=DIRECTION('',(0,0,-1));
#1032=DIRECTION('',(0.8574929257125441,0.5144957554275265,0));
#1033=FACE_BOUND('',#1034,.T.);
#1034=EDGE_LOOP('',(#1035,#1036,#1037));
#1035=ORIENTED_EDGE('',*,*,#1038,.T.);
#1036=ORIENTED_EDGE('',*,*,#1039,.T.);
#1037=ORIENTED_EDGE('',*,*,#1040,.T.);
#1038=EDGE_CURVE('',#45,#35,#1041,.F.);
#1039=EDGE_CURVE('',#35,#39,#1042,.T.);
#1040=EDGE_CURVE('',#39,#45,#1043,.T.);
#1041=LINE('',#44,#1044);
#1042=LINE('',#34,#1045);
#1043=LINE('',#38,#1046);
#1044=VECTOR('',#1047,1.0);
#1045=VECTOR('',#1048,1.0);
#1046=VECTOR('',#1049,1.0);
#1047=DIRECTION('',(0.8574929257125441,0.5144957554275265,0));
#1048=DIRECTION('',(0,-1,0));
#1049=DIRECTION('',(-1,0,0));
#1050=FACE_SURFACE('',(#1055),#1051,.T.);
#1051=PLANE('',#1052);
#1052=AXIS2_PLACEMENT_3D('',#46,#1053,#1054);
#1053=DIRECTION('',(1,0,-0));
#1054=DIRECTION('',(0,0,1));
#1055=FACE_BOUND('',#1056,.T.);
#1056=EDGE_LOOP('',(#1057,#1058,#1059));
#1057=ORIENTED_EDGE('',*,*,#1060,.T.);
#1058=ORIENTED_EDGE('',*,*,#1061,.T.);
#1059=ORIENTED_EDGE('',*,*,#1062,.T.);
#1060=EDGE_CURVE('',#47,#43,#1063,.F.);
#1061=EDGE_CURVE('',#43,#49,#1064,.T.);
#1062=EDGE_CURVE('',#49,#47,#1065,.T.);
#1063=LINE('',#46,#1066);
#1064=LINE('',#42,#1067);
#1065=LINE('',#48,#1068);
#1066=VECTOR('',#1069,1.0);
#1067=VECTOR('',#1070,1.0);
#1068=VECTOR('',#1071,1.0);
#1069=DIRECTION('',(0,0,1));
#1070=DIRECTION('',(0,-0.5144957554275265,-0.8574929257125441));
#1071=DIRECTION('',(0,1,0));
#1072=FACE_SURFACE('',(#1077),#1073,.T.);
#1073=PLANE('',#1074);
#1074=AXIS2_PLACEMENT_3D('',#48,#1075,#1076);
#1075=DIRECTION('',(1,0,0));
#1076=DIRECTION('',(0,0.5144957554275265,0.8574929257125441));
#1077=FACE_BOUND('',#1078,.T.);
#1078=EDGE_LOOP('',(#1079,#1080,#1081));
#1079=ORIENTED_EDGE('',*,*,#1082,.T.);
#1080=ORIENTED_EDGE('',*,*,#1083,.T.);
#1081=ORIENTED_EDGE('',*,*,#1084,.T.);
#1082=EDGE_CURVE('',#49,#43,#1085,.F.);
#1083=EDGE_CURVE('',#43,#45,#1086,.T.);
#1084=EDGE_CURVE('',#45,#49,#1087,.T.);
#1085=LINE('',#48,#1088);
#1086=LINE('',#42,#1089);
#1087=LINE('',#44,#1090);
#1088=VECTOR('',#1091,1.0);
#1089=VECTOR('',#1092,1.0);
#1090=VECTOR('',#1093,1.0);
#1091=DIRECTION('',(0,0.5144957554275265,0.8574929257125441));
#1092=DIRECTION('',(0,-1,0));
#1093=DIRECTION('',(0,0,-1));
#1094=FACE_SURFACE('',(#1099),#1095,.T.);
#1095=PLANE('',#1096);
#1096=AXIS2_PLACEMENT_3D('',#36,#1097,#1098);
#1097=DIRECTION('',(0,0,1));
#1098=DIRECTION('',(-1,0,0));
#1099=FACE_BOUND('',#1100,.T.);
#1100=EDGE_LOOP('',(#1101,#1102,#1103));
#1101=ORIENTED_EDGE('',*,*,#1104,.T.);
#1102=ORIENTED_EDGE('',*,*,#1105,.T.);
#1103=ORIENTED_EDGE('',*,*,#1106,.T.);
#1104=EDGE_CURVE('',#37,#47,#1107,.F.);
#1105=EDGE_CURVE('',#47,#41,#1108,.T.);
#1106=EDGE_CURVE('',#41,#37,#1109,.T.);
#1107=LINE('',#36,#1110);
#1108=LINE('',#46,#1111);
#1109=LINE('',#40,#1112);
#1110=VECTOR('',#1113,1.0);
#1111=VECTOR('',#1114,1.0);
#1112=VECTOR('',#1115,1.0);
#1113=DIRECTION('',(-1,0,0));
#1114=DIRECTION('',(0.8574929257125441,-0.5144957554275265,0));
#1115=DIRECTION('',(0,1,0));
#1116=FACE_SURFACE('',(#1121),#1117,.T.);
#1117=PLANE('',#1118);
#1118=AXIS2_PLACEMENT_3D('',#40,#1119,#1120);
#1119=DIRECTION('',(0,0,1));
#1120=DIRECTION('',(-0.8574929257125441,0.5144957554275265,0));
#1121=FACE_BOUND('',#1122,.T.);
#1122=EDGE_LOOP('',(#1123,#1124,#1125));
#1123=ORIENTED_EDGE('',*,*,#1126,.T.);
#1124=ORIENTED_EDGE('',*,*,#1127,.T.);
#1125=ORIENTED_EDGE('',*,*,#1128,.T.);
#1126=EDGE_CURVE('',#41,#47,#1129,.F.);
#1127=EDGE_CURVE('',#47,#49,#1130,.T.);
#1128=EDGE_CURVE('',#49,#41,#1131,.T.);
#1129=LINE('',#40,#1132);
#1130=LINE('',#46,#1133);
#1131=LINE('',#48,#1134);
#1132=VECTOR('',#1135,1.0);
#1133=VECTOR('',#1136,1.0);
#1134=VECTOR('',#1137,1.0);
#1135=DIRECTION('',(-0.8574929257125441,0.5144957554275265,0));
#1136=DIRECTION('',(0,-1,0));
#1137=DIRECTION('',(1,0,0));
#1138=FACE_SURFACE('',(#1143),#1139,.T.);
#1139=PLANE('',#1140);
#1140=AXIS2_PLACEMENT_3D('',#50,#1141,#1142);
#1141=DIRECTION('',(1,0,0));
#1142=DIRECTION('',(0,1,0));
#1143=FACE_BOUND('',#1144,.T.);
#1144=EDGE_LOOP('',(#1145,#1146,#1147));
#1145=ORIENTED_EDGE('',*,*,#1148,.T.);
#1146=ORIENTED_EDGE('',*,*,#1149,.T.);
#1147=ORIENTED_EDGE('',*,*,#1150,.T.);
#1148=EDGE_CURVE('',#51,#53,#1151,.F.);
#1149=EDGE_CURVE('',#53,#55,#1152,.T.);
#1150=EDGE_CURVE('',#55,#51,#1153,.T.);
#1151=LINE('',#50,#1154);
#1152=LINE('',#52,#1155);
#1153=LINE('',#54,#1156);
#1154=VECTOR('',#1157,1.0);
#1155=VECTOR('',#1158,1.0);
#1156=VECTOR('',#1159,1.0);
#1157=DIRECTION('',(0,1,0));
#1158=DIRECTION('',(0,-0.9100198841517806,0.4145646034677585));
#1159=DIRECTION('',(0,0,-1));
#1160=FACE_SURFACE('',(#1165),#1161,.T.);
#1161=PLANE('',#1162);
#1162=AXIS2_PLACEMENT_3D('',#54,#1163,#1164);
#1163=DIRECTION('',(1,-0,0));
#1164=DIRECTION('',(0,0.9100198841517806,-0.4145646034677585));
#1165=FACE_BOUND('',#1166,.T.);
#1166=EDGE_LOOP('',(#1167,#1168,#1169));
#1167=ORIENTED_EDGE('',*,*,#1170,.T.);
#1168=ORIENTED_EDGE('',*,*,#1171,.T.);
#1169=ORIENTED_EDGE('',*,*,#1172,.T.);
#1170=EDGE_CURVE('',#55,#53,#1173,.F.);
#1171=EDGE_CURVE('',#53,#57,#1174,.T.);
#1172=EDGE_CURVE('',#57,#55,#1175,.T.);
#1173=LINE('',#54,#1176);
#1174=LINE('',#52,#1177);
#1175=LINE('',#56,#1178);
#1176=VECTOR('',#1179,1.0);
#1177=VECTOR('',#1180,1.0);
#1178=VECTOR('',#1181,1.0);
#1179=DIRECTION('',(0,0.9100198841517806,-0.4145646034677585));
#1180=DIRECTION('',(0,0,1));
#1181=DIRECTION('',(0,-1,0));
#1182=FACE_SURFACE('',(#1187),#1183,.T.);
#1183=PLANE('',#1184);
#1184=AXIS2_PLACEMENT_3D('',#58,#1185,#1186);
#1185=DIRECTION('',(0,1,-0));
#1186=DIRECTION('',(-1,0,0));
#1187=FACE_BOUND('',#1188,.T.);
#1188=EDGE_LOOP('',(#1189,#1190,#1191));
#1189=ORIENTED_EDGE('',*,*,#1192,.T.);
#1190=ORIENTED_EDGE('',*,*,#1193,.T.);
#1191=ORIENTED_EDGE('',*,*,#1194,.T.);
#1192=EDGE_CURVE('',#59,#51,#1195,.F.);
#1193=EDGE_CURVE('',#51,#61,#1196,.T.);
#1194=EDGE_CURVE('',#61,#59,#1197,.T.);
#1195=LINE('',#58,#1198);
#1196=LINE('',#50,#1199);
#1197=LINE('',#60,#1200);
#1198=VECTOR('',#1201,1.0);
#1199=VECTOR('',#1202,1.0);
#1200=VECTOR('',#1203,1.0);
#1201=DIRECTION('',(-1,0,0));
#1202=DIRECTION('',(0.12105437831016803,0,0.9926458771847788));
#1203=DIRECTION('',(0,0,-1));
#1204=FACE_SURFACE('',(#1209),#1205,.T.);
#1205=PLANE('',#1206);
#1206=AXIS2_PLACEMENT_3D('',#60,#1207,#1208);
#1207=DIRECTION('',(0,1,0));
#1208=DIRECTION('',(-0.12105437831016803,0,-0.9926458771847788));
#1209=FACE_BOUND('',#1210,.T.);
#1210=EDGE_LOOP('',(#1211,#1212,#1213));
#1211=ORIENTED_EDGE('',*,*,#1214,.T.);
#1212=ORIENTED_EDGE('',*,*,#1215,.T.);
#1213=ORIENTED_EDGE('',*,*,#1216,.T.);
#1214=EDGE_CURVE('',#61,#51,#1217,.F.);
#1215=EDGE_CURVE('',#51,#55,#1218,.T.);
#1216=EDGE_CURVE('',#55,#61,#1219,.T.);
#1217=LINE('',#60,#1220);
#1218=LINE('',#50,#1221);
#1219=LINE('',#54,#1222);
#1220=VECTOR('',#1223,1.0);
#1221=VECTOR('',#1224,1.0);
#1222=VECTOR('',#1225,1.0);
#1223=DIRECTION('',(-0.12105437831016803,0,-0.9926458771847788));
#1224=DIRECTION('',(0,0,1));
#1225=DIRECTION('',(1,0,0));
#1226=FACE_SURFACE('',(#1231),#1227,.T.);
#1227=PLANE('',#1228);
#1228=AXIS2_PLACEMENT_3D('',#52,#1229,#1230);
#1229=DIRECTION('',(0,-1,0));
#1230=DIRECTION('',(1,0,0));
#1231=FACE_BOUND('',#1232,.T.);
#1232=EDGE_LOOP('',(#1233,#1234,#1235));
#1233=ORIENTED_EDGE('',*,*,#1236,.T.);
#1234=ORIENTED_EDGE('',*,*,#1237,.T.);
#1235=ORIENTED_EDGE('',*,*,#1238,.T.);
#1236=EDGE_CURVE('',#53,#63,#1239,.F.);
#1237=EDGE_CURVE('',#63,#57,#1240,.T.);
#1238=EDGE_CURVE('',#57,#53,#1241,.T.);
#1239=LINE('',#52,#1242);
#1240=LINE('',#62,#1243);
#1241=LINE('',#56,#1244);
#1242=VECTOR('',#1245,1.0);
#1243=VECTOR('',#1246,1.0);
#1244=VECTOR('',#1247,1.0);
#1245=DIRECTION('',(1,0,0));
#1246=DIRECTION('',(-0.12105437831016803,0,0.9926458771847788));
#1247=DIRECTION('',(0,0,-1));
#1248=FACE_SURFACE('',(#1253),#1249,.T.);
#1249=PLANE('',#1250);
#1250=AXIS2_PLACEMENT_3D('',#56,#1251,#1252);
#1251=DIRECTION('',(0,-1,0));
#1252=DIRECTION('',(0.12105437831016803,0,-0.9926458771847788));
#1253=FACE_BOUND('',#1254,.T.);
#1254=EDGE_LOOP('',(#1255,#1256,#1257));
#1255=ORIENTED_EDGE('',*,*,#1258,.T.);
#1256=ORIENTED_EDGE('',*,*,#1259,.T.);
#1257=ORIENTED_EDGE('',*,*,#1260,.T.);
#1258=EDGE_CURVE('',#57,#63,#1261,.F.);
#1259=EDGE_CURVE('',#63,#65,#1262,.T.);
#1260=EDGE_CURVE('',#65,#57,#1263,.T.);
#1261=LINE('',#56,#1264);
#1262=LINE('',#62,#1265);
#1263=LINE('',#64,#1266);
#1264=VECTOR('',#1267,1.0);
#1265=VECTOR('',#1268,1.0);
#1266=VECTOR('',#1269,1.0);
#1267=DIRECTION('',(0.12105437831016803,0,-0.9926458771847788));
#1268=DIRECTION('',(0,0,1));
#1269=DIRECTION('',(-1,0,0));
#1270=FACE_SURFACE('',(#1275),#1271,.T.);
#1271=PLANE('',#1272);
#1272=AXIS2_PLACEMENT_3D('',#62,#1273,#1274);
#1273=DIRECTION('',(0,0,-1));
#1274=DIRECTION('',(-1,0,0));
#1275=FACE_BOUND('',#1276,.T.);
#1276=EDGE_LOOP('',(#1277,#1278,#1279));
#1277=ORIENTED_EDGE('',*,*,#1280,.T.);
#1278=ORIENTED_EDGE('',*,*,#1281,.T.);
#1279=ORIENTED_EDGE('',*,*,#1282,.T.);
#1280=EDGE_CURVE('',#63,#53,#1283,.F.);
#1281=EDGE_CURVE('',#53,#67,#1284,.T.);
#1282=EDGE_CURVE('',#67,#63,#1285,.T.);
#1283=LINE('',#62,#1286);
#1284=LINE('',#52,#1287);
#1285=LINE('',#66,#1288);
#1286=VECTOR('',#1289,1.0);
#1287=VECTOR('',#1290,1.0);
#1288=VECTOR('',#1291,1.0);
#1289=DIRECTION('',(-1,0,0));
#1290=DIRECTION('',(0.4472135954999579,0.8944271909999159,0));
#1291=DIRECTION('',(0,-1,0));
#1292=FACE_SURFACE('',(#1297),#1293,.T.);
#1293=PLANE('',#1294);
#1294=AXIS2_PLACEMENT_3D('',#66,#1295,#1296);
#1295=DIRECTION('',(0,0,-1));
#1296=DIRECTION('',(-0.4472135954999579,-0.8944271909999159,0));
#1297=FACE_BOUND('',#1298,.T.);
#1298=EDGE_LOOP('',(#1299,#1300,#1301));
#1299=ORIENTED_EDGE('',*,*,#1302,.T.);
#1300=ORIENTED_EDGE('',*,*,#1303,.T.);
#1301=ORIENTED_EDGE('',*,*,#1304,.T.);
#1302=EDGE_CURVE('',#67,#53,#1305,.F.);
#1303=EDGE_CURVE('',#53,#69,#1306,.T.);
#1304=EDGE_CURVE('',#69,#67,#1307,.T.);
#1305=LINE('',#66,#1308);
#1306=LINE('',#52,#1309);
#1307=LINE('',#68,#1310);
#1308=VECTOR('',#1311,1.0);
#1309=VECTOR('',#1312,1.0);
#1310=VECTOR('',#1313,1.0);
#1311=DIRECTION('',(-0.4472135954999579,-0.8944271909999159,0));
#1312=DIRECTION('',(-0.7071067811865476,0.7071067811865476,0));
#1313=DIRECTION('',(0.8944271909999159,0.4472135954999579,0));
#1314=FACE_SURFACE('',(#1319),#1315,.T.);
#1315=PLANE('',#1316);
#1316=AXIS2_PLACEMENT_3D('',#66,#1317,#1318);
#1317=DIRECTION('',(-0,0,-1));
#1318=DIRECTION('',(-0.8944271909999159,-0.4472135954999579,0));
#1319=FACE_BOUND('',#1320,.T.);
#1320=EDGE_LOOP('',(#1321,#1322,#1323));
#1321=ORIENTED_EDGE('',*,*,#1324,.T.);
#1322=ORIENTED_EDGE('',*,*,#1325,.T.);
#1323=ORIENTED_EDGE('',*,*,#1326,.T.);
#1324=EDGE_CURVE('',#67,#69,#1327,.F.);
#1325=EDGE_CURVE('',#69,#71,#1328,.T.);
#1326=EDGE_CURVE('',#71,#67,#1329,.T.);
#1327=LINE('',#66,#1330);
#1328=LINE('',#68,#1331);
#1329=LINE('',#70,#1332);
#1330=VECTOR('',#1333,1.0);
#1331=VECTOR('',#1334,1.0);
#1332=VECTOR('',#1335,1.0);
#1333=DIRECTION('',(-0.8944271909999159,-0.4472135954999579,0));
#1334=DIRECTION('',(0,1,0));
#1335=DIRECTION('',(1,0,0));
#1336=FACE_SURFACE('',(#1341),#1337,.T.);
#1337=PLANE('',#1338);
#1338=AXIS2_PLACEMENT_3D('',#52,#1339,#1340);
#1339=DIRECTION('',(-0,-0,-1));
#1340=DIRECTION('',(0,-1,0));
#1341=FACE_BOUND('',#1342,.T.);
#1342=EDGE_LOOP('',(#1343,#1344,#1345));
#1343=ORIENTED_EDGE('',*,*,#1346,.T.);
#1344=ORIENTED_EDGE('',*,*,#1347,.T.);
#1345=ORIENTED_EDGE('',*,*,#1348,.T.);
#1346=EDGE_CURVE('',#53,#51,#1349,.F.);
#1347=EDGE_CURVE('',#51,#69,#1350,.T.);
#1348=EDGE_CURVE('',#69,#53,#1351,.T.);
#1349=LINE('',#52,#1352);
#1350=LINE('',#50,#1353);
#1351=LINE('',#68,#1354);
#1352=VECTOR('',#1355,1.0);
#1353=VECTOR('',#1356,1.0);
#1354=VECTOR('',#1357,1.0);
#1355=DIRECTION('',(0,-1,0));
#1356=DIRECTION('',(-0.052558833122763673,0.9986178293325098,0));
#1357=DIRECTION('',(0.7071067811865476,-0.7071067811865476,0));
#1358=FACE_SURFACE('',(#1363),#1359,.T.);
#1359=PLANE('',#1360);
#1360=AXIS2_PLACEMENT_3D('',#68,#1361,#1362);
#1361=DIRECTION('',(0,0,-1));
#1362=DIRECTION('',(0.052558833122763673,-0.9986178293325098,0));
#1363=FACE_BOUND('',#1364,.T.);
#1364=EDGE_LOOP('',(#1365,#1366,#1367));
#1365=ORIENTED_EDGE('',*,*,#1368,.T.);
#1366=ORIENTED_EDGE('',*,*,#1369,.T.);
#1367=ORIENTED_EDGE('',*,*,#1370,.T.);
#1368=EDGE_CURVE('',#69,#51,#1371,.F.);
#1369=EDGE_CURVE('',#51,#73,#1372,.T.);
#1370=EDGE_CURVE('',#73,#69,#1373,.T.);
#1371=LINE('',#68,#1374);
#1372=LINE('',#50,#1375);
#1373=LINE('',#72,#1376);
#1374=VECTOR('',#1377,1.0);
#1375=VECTOR('',#1378,1.0);
#1376=VECTOR('',#1379,1.0);
#1377=DIRECTION('',(0.052558833122763673,-0.9986178293325098,0));
#1378=DIRECTION('',(-0.7071067811865476,-0.7071067811865476,0));
#1379=DIRECTION('',(0,1,0));
#1380=FACE_SURFACE('',(#1385),#1381,.T.);
#1381=PLANE('',#1382);
#1382=AXIS2_PLACEMENT_3D('',#68,#1383,#1384);
#1383=DIRECTION('',(0,-0,-1));
#1384=DIRECTION('',(0,-1,0));
#1385=FACE_BOUND('',#1386,.T.);
#1386=EDGE_LOOP('',(#1387,#1388,#1389));
#1387=ORIENTED_EDGE('',*,*,#1390,.T.);
#1388=ORIENTED_EDGE('',*,*,#1391,.T.);
#1389=ORIENTED_EDGE('',*,*,#1392,.T.);
#1390=EDGE_CURVE('',#69,#73,#1393,.F.);
#1391=EDGE_CURVE('',#73,#75,#1394,.T.);
#1392=EDGE_CURVE('',#75,#69,#1395,.T.);
#1393=LINE('',#68,#1396);
#1394=LINE('',#72,#1397);
#1395=LINE('',#74,#1398);
#1396=VECTOR('',#1399,1.0);
#1397=VECTOR('',#1400,1.0);
#1398=VECTOR('',#1401,1.0);
#1399=DIRECTION('',(0,-1,0));
#1400=DIRECTION('',(-1,0,0));
#1401=DIRECTION('',(0.6125716575868118,0.7904150582582203,0));
#1402=FACE_SURFACE('',(#1407),#1403,.T.);
#1403=PLANE('',#1404);
#1404=AXIS2_PLACEMENT_3D('',#58,#1405,#1406);
#1405=DIRECTION('',(-0,-0,-1));
#1406=DIRECTION('',(0,-1,0));
#1407=FACE_BOUND('',#1408,.T.);
#1408=EDGE_LOOP('',(#1409,#1410,#1411));
#1409=ORIENTED_EDGE('',*,*,#1412,.T.);
#1410=ORIENTED_EDGE('',*,*,#1413,.T.);
#1411=ORIENTED_EDGE('',*,*,#1414,.T.);
#1412=EDGE_CURVE('',#59,#77,#1415,.F.);
#1413=EDGE_CURVE('',#77,#51,#1416,.T.);
#1414=EDGE_CURVE('',#51,#59,#1417,.T.);
#1415=LINE('',#58,#1418);
#1416=LINE('',#76,#1419);
#1417=LINE('',#50,#1420);
#1418=VECTOR('',#1421,1.0);
#1419=VECTOR('',#1422,1.0);
#1420=VECTOR('',#1423,1.0);
#1421=DIRECTION('',(0,-1,0));
#1422=DIRECTION('',(-0.4472135954999579,0.8944271909999159,0));
#1423=DIRECTION('',(1,0,0));
#1424=FACE_SURFACE('',(#1429),#1425,.T.);
#1425=PLANE('',#1426);
#1426=AXIS2_PLACEMENT_3D('',#50,#1427,#1428);
#1427=DIRECTION('',(0,-0,-1));
#1428=DIRECTION('',(0.4472135954999579,-0.8944271909999159,0));
#1429=FACE_BOUND('',#1430,.T.);
#1430=EDGE_LOOP('',(#1431,#1432,#1433));
#1431=ORIENTED_EDGE('',*,*,#1434,.T.);
#1432=ORIENTED_EDGE('',*,*,#1435,.T.);
#1433=ORIENTED_EDGE('',*,*,#1436,.T.);
#1434=EDGE_CURVE('',#51,#77,#1437,.F.);
#1435=EDGE_CURVE('',#77,#73,#1438,.T.);
#1436=EDGE_CURVE('',#73,#51,#1439,.T.);
#1437=LINE('',#50,#1440);
#1438=LINE('',#76,#1441);
#1439=LINE('',#72,#1442);
#1440=VECTOR('',#1443,1.0);
#1441=VECTOR('',#1444,1.0);
#1442=VECTOR('',#1445,1.0);
#1443=DIRECTION('',(0.4472135954999579,-0.8944271909999159,0));
#1444=DIRECTION('',(-0.8944271909999159,0.4472135954999579,0));
#1445=DIRECTION('',(0.7071067811865476,0.7071067811865476,0));
#1446=FACE_SURFACE('',(#1451),#1447,.T.);
#1447=PLANE('',#1448);
#1448=AXIS2_PLACEMENT_3D('',#76,#1449,#1450);
#1449=DIRECTION('',(0,0,-1));
#1450=DIRECTION('',(-1,0,0));
#1451=FACE_BOUND('',#1452,.T.);
#1452=EDGE_LOOP('',(#1453,#1454,#1455));
#1453=ORIENTED_EDGE('',*,*,#1456,.T.);
#1454=ORIENTED_EDGE('',*,*,#1457,.T.);
#1455=ORIENTED_EDGE('',*,*,#1458,.T.);
#1456=EDGE_CURVE('',#77,#79,#1459,.F.);
#1457=EDGE_CURVE('',#79,#73,#1460,.T.);
#1458=EDGE_CURVE('',#73,#77,#1461,.T.);
#1459=LINE('',#76,#1462);
#1460=LINE('',#78,#1463);
#1461=LINE('',#72,#1464);
#1462=VECTOR('',#1465,1.0);
#1463=VECTOR('',#1466,1.0);
#1464=VECTOR('',#1467,1.0);
#1465=DIRECTION('',(-1,0,0));
#1466=DIRECTION('',(0,1,0));
#1467=DIRECTION('',(0.8944271909999159,-0.4472135954999579,0));
#1468=FACE_SURFACE('',(#1473),#1469,.T.);
#1469=PLANE('',#1470);
#1470=AXIS2_PLACEMENT_3D('',#80,#1471,#1472);
#1471=DIRECTION('',(0,0,-1));
#1472=DIRECTION('',(-1,0,0));
#1473=FACE_BOUND('',#1474,.T.);
#1474=EDGE_LOOP('',(#1475,#1476,#1477));
#1475=ORIENTED_EDGE('',*,*,#1478,.T.);
#1476=ORIENTED_EDGE('',*,*,#1479,.T.);
#1477=ORIENTED_EDGE('',*,*,#1480,.T.);
#1478=EDGE_CURVE('',#81,#83,#1481,.F.);
#1479=EDGE_CURVE('',#83,#75,#1482,.T.);
#1480=EDGE_CURVE('',#75,#81,#1483,.T.);
#1481=LINE('',#80,#1484);
#1482=LINE('',#82,#1485);
#1483=LINE('',#74,#1486);
#1484=VECTOR('',#1487,1.0);
#1485=VECTOR('',#1488,1.0);
#1486=VECTOR('',#1489,1.0);
#1487=DIRECTION('',(-1,0,0));
#1488=DIRECTION('',(0.8944271909999159,0.4472135954999579,0));
#1489=DIRECTION('',(0,-1,0));
#1490=FACE_SURFACE('',(#1495),#1491,.T.);
#1491=PLANE('',#1492);
#1492=AXIS2_PLACEMENT_3D('',#74,#1493,#1494);
#1493=DIRECTION('',(-0,0,-1));
#1494=DIRECTION('',(-0.8944271909999159,-0.4472135954999579,0));
#1495=FACE_BOUND('',#1496,.T.);
#1496=EDGE_LOOP('',(#1497,#1498,#1499));
#1497=ORIENTED_EDGE('',*,*,#1500,.T.);
#1498=ORIENTED_EDGE('',*,*,#1501,.T.);
#1499=ORIENTED_EDGE('',*,*,#1502,.T.);
#1500=EDGE_CURVE('',#75,#83,#1503,.F.);
#1501=EDGE_CURVE('',#83,#85,#1504,.T.);
#1502=EDGE_CURVE('',#85,#75,#1505,.T.);
#1503=LINE('',#74,#1506);
#1504=LINE('',#82,#1507);
#1505=LINE('',#84,#1508);
#1506=VECTOR('',#1509,1.0);
#1507=VECTOR('',#1510,1.0);
#1508=VECTOR('',#1511,1.0);
#1509=DIRECTION('',(-0.8944271909999159,-0.4472135954999579,0));
#1510=DIRECTION('',(0.4472135954999579,0.8944271909999159,0));
#1511=DIRECTION('',(0.7071067811865476,-0.7071067811865476,0));
#1512=FACE_SURFACE('',(#1517),#1513,.T.);
#1513=PLANE('',#1514);
#1514=AXIS2_PLACEMENT_3D('',#74,#1515,#1516);
#1515=DIRECTION('',(0,0,-1));
#1516=DIRECTION('',(-0.7071067811865476,0.7071067811865476,0));
#1517=FACE_BOUND('',#1518,.T.);
#1518=EDGE_LOOP('',(#1519,#1520,#1521));
#1519=ORIENTED_EDGE('',*,*,#1522,.T.);
#1520=ORIENTED_EDGE('',*,*,#1523,.T.);
#1521=ORIENTED_EDGE('',*,*,#1524,.T.);
#1522=EDGE_CURVE('',#75,#85,#1525,.F.);
#1523=EDGE_CURVE('',#85,#87,#1526,.T.);
#1524=EDGE_CURVE('',#87,#75,#1527,.T.);
#1525=LINE('',#74,#1528);
#1526=LINE('',#84,#1529);
#1527=LINE('',#86,#1530);
#1528=VECTOR('',#1531,1.0);
#1529=VECTOR('',#1532,1.0);
#1530=VECTOR('',#1533,1.0);
#1531=DIRECTION('',(-0.7071067811865476,0.7071067811865476,0));
#1532=DIRECTION('',(0.052558833122763673,0.9986178293325098,0));
#1533=DIRECTION('',(0,-1,0));
#1534=FACE_SURFACE('',(#1539),#1535,.T.);
#1535=PLANE('',#1536);
#1536=AXIS2_PLACEMENT_3D('',#86,#1537,#1538);
#1537=DIRECTION('',(0,0,-1));
#1538=DIRECTION('',(-0.052558833122763673,-0.9986178293325098,0));
#1539=FACE_BOUND('',#1540,.T.);
#1540=EDGE_LOOP('',(#1541,#1542,#1543));
#1541=ORIENTED_EDGE('',*,*,#1544,.T.);
#1542=ORIENTED_EDGE('',*,*,#1545,.T.);
#1543=ORIENTED_EDGE('',*,*,#1546,.T.);
#1544=EDGE_CURVE('',#87,#85,#1547,.F.);
#1545=EDGE_CURVE('',#85,#89,#1548,.T.);
#1546=EDGE_CURVE('',#89,#87,#1549,.T.);
#1547=LINE('',#86,#1550);
#1548=LINE('',#84,#1551);
#1549=LINE('',#88,#1552);
#1550=VECTOR('',#1553,1.0);
#1551=VECTOR('',#1554,1.0);
#1552=VECTOR('',#1555,1.0);
#1553=DIRECTION('',(-0.052558833122763673,-0.9986178293325098,0));
#1554=DIRECTION('',(0,1,0));
#1555=DIRECTION('',(0.7071067811865476,0.7071067811865476,0));
#1556=FACE_SURFACE('',(#1561),#1557,.T.);
#1557=PLANE('',#1558);
#1558=AXIS2_PLACEMENT_3D('',#86,#1559,#1560);
#1559=DIRECTION('',(-0,0,-1));
#1560=DIRECTION('',(-0.7071067811865476,-0.7071067811865476,0));
#1561=FACE_BOUND('',#1562,.T.);
#1562=EDGE_LOOP('',(#1563,#1564,#1565));
#1563=ORIENTED_EDGE('',*,*,#1566,.T.);
#1564=ORIENTED_EDGE('',*,*,#1567,.T.);
#1565=ORIENTED_EDGE('',*,*,#1568,.T.);
#1566=EDGE_CURVE('',#87,#89,#1569,.F.);
#1567=EDGE_CURVE('',#89,#91,#1570,.T.);
#1568=EDGE_CURVE('',#91,#87,#1571,.T.);
#1569=LINE('',#86,#1572);
#1570=LINE('',#88,#1573);
#1571=LINE('',#90,#1574);
#1572=VECTOR('',#1575,1.0);
#1573=VECTOR('',#1576,1.0);
#1574=VECTOR('',#1577,1.0);
#1575=DIRECTION('',(-0.7071067811865476,-0.7071067811865476,0));
#1576=DIRECTION('',(-0.4472135954999579,0.8944271909999159,0));
#1577=DIRECTION('',(0.8944271909999159,-0.4472135954999579,0));
#1578=FACE_SURFACE('',(#1583),#1579,.T.);
#1579=PLANE('',#1580);
#1580=AXIS2_PLACEMENT_3D('',#90,#1581,#1582);
#1581=DIRECTION('',(0,0,-1));
#1582=DIRECTION('',(0.4472135954999579,-0.8944271909999159,0));
#1583=FACE_BOUND('',#1584,.T.);
#1584=EDGE_LOOP('',(#1585,#1586,#1587));
#1585=ORIENTED_EDGE('',*,*,#1588,.T.);
#1586=ORIENTED_EDGE('',*,*,#1589,.T.);
#1587=ORIENTED_EDGE('',*,*,#1590,.T.);
#1588=EDGE_CURVE('',#91,#89,#1591,.F.);
#1589=EDGE_CURVE('',#89,#93,#1592,.T.);
#1590=EDGE_CURVE('',#93,#91,#1593,.T.);
#1591=LINE('',#90,#1594);
#1592=LINE('',#88,#1595);
#1593=LINE('',#92,#1596);
#1594=VECTOR('',#1597,1.0);
#1595=VECTOR('',#1598,1.0);
#1596=VECTOR('',#1599,1.0);
#1597=DIRECTION('',(0.4472135954999579,-0.8944271909999159,0));
#1598=DIRECTION('',(-1,0,0));
#1599=DIRECTION('',(0,1,0));
#1600=FACE_SURFACE('',(#1605),#1601,.T.);
#1601=PLANE('',#1602);
#1602=AXIS2_PLACEMENT_3D('',#82,#1603,#1604);
#1603=DIRECTION('',(0,0,-1));
#1604=DIRECTION('',(0,1,0));
#1605=FACE_BOUND('',#1606,.T.);
#1606=EDGE_LOOP('',(#1607,#1608,#1609));
#1607=ORIENTED_EDGE('',*,*,#1610,.T.);
#1608=ORIENTED_EDGE('',*,*,#1611,.T.);
#1609=ORIENTED_EDGE('',*,*,#1612,.T.);
#1610=EDGE_CURVE('',#83,#95,#1613,.F.);
#1611=EDGE_CURVE('',#95,#85,#1614,.T.);
#1612=EDGE_CURVE('',#85,#83,#1615,.T.);
#1613=LINE('',#82,#1616);
#1614=LINE('',#94,#1617);
#1615=LINE('',#84,#1618);
#1616=VECTOR('',#1619,1.0);
#1617=VECTOR('',#1620,1.0);
#1618=VECTOR('',#1621,1.0);
#1619=DIRECTION('',(0,1,0));
#1620=DIRECTION('',(1,0,0));
#1621=DIRECTION('',(-0.4472135954999579,-0.8944271909999159,0));
#1622=FACE_SURFACE('',(#1627),#1623,.T.);
#1623=PLANE('',#1624);
#1624=AXIS2_PLACEMENT_3D('',#90,#1625,#1626);
#1625=DIRECTION('',(0,0,-1));
#1626=DIRECTION('',(1,0,0));
#1627=FACE_BOUND('',#1628,.T.);
#1628=EDGE_LOOP('',(#1629,#1630,#1631));
#1629=ORIENTED_EDGE('',*,*,#1632,.T.);
#1630=ORIENTED_EDGE('',*,*,#1633,.T.);
#1631=ORIENTED_EDGE('',*,*,#1634,.T.);
#1632=EDGE_CURVE('',#91,#97,#1635,.F.);
#1633=EDGE_CURVE('',#97,#87,#1636,.T.);
#1634=EDGE_CURVE('',#87,#91,#1637,.T.);
#1635=LINE('',#90,#1638);
#1636=LINE('',#96,#1639);
#1637=LINE('',#86,#1640);
#1638=VECTOR('',#1641,1.0);
#1639=VECTOR('',#1642,1.0);
#1640=VECTOR('',#1643,1.0);
#1641=DIRECTION('',(1,0,0));
#1642=DIRECTION('',(0,-1,0));
#1643=DIRECTION('',(-0.8944271909999159,0.4472135954999579,0));
#1644=FACE_SURFACE('',(#1649),#1645,.T.);
#1645=PLANE('',#1646);
#1646=AXIS2_PLACEMENT_3D('',#86,#1647,#1648);
#1647=DIRECTION('',(0,0,-1));
#1648=DIRECTION('',(1,0,0));
#1649=FACE_BOUND('',#1650,.T.);
#1650=EDGE_LOOP('',(#1651,#1652,#1653));
#1651=ORIENTED_EDGE('',*,*,#1654,.T.);
#1652=ORIENTED_EDGE('',*,*,#1655,.T.);
#1653=ORIENTED_EDGE('',*,*,#1656,.T.);
#1654=EDGE_CURVE('',#87,#69,#1657,.F.);
#1655=EDGE_CURVE('',#69,#75,#1658,.T.);
#1656=EDGE_CURVE('',#75,#87,#1659,.T.);
#1657=LINE('',#86,#1660);
#1658=LINE('',#68,#1661);
#1659=LINE('',#74,#1662);
#1660=VECTOR('',#1663,1.0);
#1661=VECTOR('',#1664,1.0);
#1662=VECTOR('',#1665,1.0);
#1663=DIRECTION('',(1,0,0));
#1664=DIRECTION('',(-0.6125716575868118,-0.7904150582582203,0));
#1665=DIRECTION('',(0,1,0));
#1666=FACE_SURFACE('',(#1671),#1667,.T.);
#1667=PLANE('',#1668);
#1668=AXIS2_PLACEMENT_3D('',#60,#1669,#1670);
#1669=DIRECTION('',(1,0,0));
#1670=DIRECTION('',(0,-1,0));
#1671=FACE_BOUND('',#1672,.T.);
#1672=EDGE_LOOP('',(#1673,#1674,#1675));
#1673=ORIENTED_EDGE('',*,*,#1676,.T.);
#1674=ORIENTED_EDGE('',*,*,#1677,.T.);
#1675=ORIENTED_EDGE('',*,*,#1678,.T.);
#1676=EDGE_CURVE('',#61,#99,#1679,.F.);
#1677=EDGE_CURVE('',#99,#59,#1680,.T.);
#1678=EDGE_CURVE('',#59,#61,#1681,.T.);
#1679=LINE('',#60,#1682);
#1680=LINE('',#98,#1683);
#1681=LINE('',#58,#1684);
#1682=VECTOR('',#1685,1.0);
#1683=VECTOR('',#1686,1.0);
#1684=VECTOR('',#1687,1.0);
#1685=DIRECTION('',(0,-1,0));
#1686=DIRECTION('',(0,0.23695618581439065,-0.9715203374115727));
#1687=DIRECTION('',(0,0,1));
#1688=FACE_SURFACE('',(#1693),#1689,.T.);
#1689=PLANE('',#1690);
#1690=AXIS2_PLACEMENT_3D('',#58,#1691,#1692);
#1691=DIRECTION('',(1,0,0));
#1692=DIRECTION('',(0,-0.23695618581439065,0.9715203374115727));
#1693=FACE_BOUND('',#1694,.T.);
#1694=EDGE_LOOP('',(#1695,#1696,#1697));
#1695=ORIENTED_EDGE('',*,*,#1698,.T.);
#1696=ORIENTED_EDGE('',*,*,#1699,.T.);
#1697=ORIENTED_EDGE('',*,*,#1700,.T.);
#1698=EDGE_CURVE('',#59,#99,#1701,.F.);
#1699=EDGE_CURVE('',#99,#77,#1702,.T.);
#1700=EDGE_CURVE('',#77,#59,#1703,.T.);
#1701=LINE('',#58,#1704);
#1702=LINE('',#98,#1705);
#1703=LINE('',#76,#1706);
#1704=VECTOR('',#1707,1.0);
#1705=VECTOR('',#1708,1.0);
#1706=VECTOR('',#1709,1.0);
#1707=DIRECTION('',(0,-0.23695618581439065,0.9715203374115727));
#1708=DIRECTION('',(0,0,-1));
#1709=DIRECTION('',(0,1,0));
#1710=FACE_SURFACE('',(#1715),#1711,.T.);
#1711=PLANE('',#1712);
#1712=AXIS2_PLACEMENT_3D('',#74,#1713,#1714);
#1713=DIRECTION('',(0,-1,0));
#1714=DIRECTION('',(1,0,0));
#1715=FACE_BOUND('',#1716,.T.);
#1716=EDGE_LOOP('',(#1717,#1718,#1719));
#1717=ORIENTED_EDGE('',*,*,#1720,.T.);
#1718=ORIENTED_EDGE('',*,*,#1721,.T.);
#1719=ORIENTED_EDGE('',*,*,#1722,.T.);
#1720=EDGE_CURVE('',#75,#73,#1723,.F.);
#1721=EDGE_CURVE('',#73,#101,#1724,.T.);
#1722=EDGE_CURVE('',#101,#75,#1725,.T.);
#1723=LINE('',#74,#1726);
#1724=LINE('',#72,#1727);
#1725=LINE('',#100,#1728);
#1726=VECTOR('',#1729,1.0);
#1727=VECTOR('',#1730,1.0);
#1728=VECTOR('',#1731,1.0);
#1729=DIRECTION('',(1,0,0));
#1730=DIRECTION('',(-0.8839265939966842,0,0.4676256798181866));
#1731=DIRECTION('',(0,0,-1));
#1732=FACE_SURFACE('',(#1737),#1733,.T.);
#1733=PLANE('',#1734);
#1734=AXIS2_PLACEMENT_3D('',#100,#1735,#1736);
#1735=DIRECTION('',(0,-1,0));
#1736=DIRECTION('',(0.8839265939966842,0,-0.4676256798181866));
#1737=FACE_BOUND('',#1738,.T.);
#1738=EDGE_LOOP('',(#1739,#1740,#1741));
#1739=ORIENTED_EDGE('',*,*,#1742,.T.);
#1740=ORIENTED_EDGE('',*,*,#1743,.T.);
#1741=ORIENTED_EDGE('',*,*,#1744,.T.);
#1742=EDGE_CURVE('',#101,#73,#1745,.F.);
#1743=EDGE_CURVE('',#73,#103,#1746,.T.);
#1744=EDGE_CURVE('',#103,#101,#1747,.T.);
#1745=LINE('',#100,#1748);
#1746=LINE('',#72,#1749);
#1747=LINE('',#102,#1750);
#1748=VECTOR('',#1751,1.0);
#1749=VECTOR('',#1752,1.0);
#1750=VECTOR('',#1753,1.0);
#1751=DIRECTION('',(0.8839265939966842,0,-0.4676256798181866));
#1752=DIRECTION('',(0,0,1));
#1753=DIRECTION('',(-1,0,0));
#1754=FACE_SURFACE('',(#1759),#1755,.T.);
#1755=PLANE('',#1756);
#1756=AXIS2_PLACEMENT_3D('',#80,#1757,#1758);
#1757=DIRECTION('',(1,0,0));
#1758=DIRECTION('',(0,1,0));
#1759=FACE_BOUND('',#1760,.T.);
#1760=EDGE_LOOP('',(#1761,#1762,#1763));
#1761=ORIENTED_EDGE('',*,*,#1764,.T.);
#1762=ORIENTED_EDGE('',*,*,#1765,.T.);
#1763=ORIENTED_EDGE('',*,*,#1766,.T.);
#1764=EDGE_CURVE('',#81,#75,#1767,.F.);
#1765=EDGE_CURVE('',#75,#105,#1768,.T.);
#1766=EDGE_CURVE('',#105,#81,#1769,.T.);
#1767=LINE('',#80,#1770);
#1768=LINE('',#74,#1771);
#1769=LINE('',#104,#1772);
#1770=VECTOR('',#1773,1.0);
#1771=VECTOR('',#1774,1.0);
#1772=VECTOR('',#1775,1.0);
#1773=DIRECTION('',(0,1,0));
#1774=DIRECTION('',(0,-0.12105437831016803,0.9926458771847788));
#1775=DIRECTION('',(0,0,-1));
#1776=FACE_SURFACE('',(#1781),#1777,.T.);
#1777=PLANE('',#1778);
#1778=AXIS2_PLACEMENT_3D('',#104,#1779,#1780);
#1779=DIRECTION('',(1,-0,0));
#1780=DIRECTION('',(0,0.12105437831016803,-0.9926458771847788));
#1781=FACE_BOUND('',#1782,.T.);
#1782=EDGE_LOOP('',(#1783,#1784,#1785));
#1783=ORIENTED_EDGE('',*,*,#1786,.T.);
#1784=ORIENTED_EDGE('',*,*,#1787,.T.);
#1785=ORIENTED_EDGE('',*,*,#1788,.T.);
#1786=EDGE_CURVE('',#105,#75,#1789,.F.);
#1787=EDGE_CURVE('',#75,#101,#1790,.T.);
#1788=EDGE_CURVE('',#101,#105,#1791,.T.);
#1789=LINE('',#104,#1792);
#1790=LINE('',#74,#1793);
#1791=LINE('',#100,#1794);
#1792=VECTOR('',#1795,1.0);
#1793=VECTOR('',#1796,1.0);
#1794=VECTOR('',#1797,1.0);
#1795=DIRECTION('',(0,0.12105437831016803,-0.9926458771847788));
#1796=DIRECTION('',(0,0,1));
#1797=DIRECTION('',(0,-1,0));
#1798=FACE_SURFACE('',(#1803),#1799,.T.);
#1799=PLANE('',#1800);
#1800=AXIS2_PLACEMENT_3D('',#72,#1801,#1802);
#1801=DIRECTION('',(-1,0,0));
#1802=DIRECTION('',(0,-1,0));
#1803=FACE_BOUND('',#1804,.T.);
#1804=EDGE_LOOP('',(#1805,#1806,#1807));
#1805=ORIENTED_EDGE('',*,*,#1808,.T.);
#1806=ORIENTED_EDGE('',*,*,#1809,.T.);
#1807=ORIENTED_EDGE('',*,*,#1810,.T.);
#1808=EDGE_CURVE('',#73,#79,#1811,.F.);
#1809=EDGE_CURVE('',#79,#103,#1812,.T.);
#1810=EDGE_CURVE('',#103,#73,#1813,.T.);
#1811=LINE('',#72,#1814);
#1812=LINE('',#78,#1815);
#1813=LINE('',#102,#1816);
#1814=VECTOR('',#1817,1.0);
#1815=VECTOR('',#1818,1.0);
#1816=VECTOR('',#1819,1.0);
#1817=DIRECTION('',(0,-1,0));
#1818=DIRECTION('',(0,0.12105437831016803,0.9926458771847788));
#1819=DIRECTION('',(0,0,-1));
#1820=FACE_SURFACE('',(#1825),#1821,.T.);
#1821=PLANE('',#1822);
#1822=AXIS2_PLACEMENT_3D('',#102,#1823,#1824);
#1823=DIRECTION('',(-1,-0,0));
#1824=DIRECTION('',(0,-0.12105437831016803,-0.9926458771847788));
#1825=FACE_BOUND('',#1826,.T.);
#1826=EDGE_LOOP('',(#1827,#1828,#1829));
#1827=ORIENTED_EDGE('',*,*,#1830,.T.);
#1828=ORIENTED_EDGE('',*,*,#1831,.T.);
#1829=ORIENTED_EDGE('',*,*,#1832,.T.);
#1830=EDGE_CURVE('',#103,#79,#1833,.F.);
#1831=EDGE_CURVE('',#79,#107,#1834,.T.);
#1832=EDGE_CURVE('',#107,#103,#1835,.T.);
#1833=LINE('',#102,#1836);
#1834=LINE('',#78,#1837);
#1835=LINE('',#106,#1838);
#1836=VECTOR('',#1839,1.0);
#1837=VECTOR('',#1840,1.0);
#1838=VECTOR('',#1841,1.0);
#1839=DIRECTION('',(0,-0.12105437831016803,-0.9926458771847788));
#1840=DIRECTION('',(0,0,1));
#1841=DIRECTION('',(0,1,0));
#1842=FACE_SURFACE('',(#1847),#1843,.T.);
#1843=PLANE('',#1844);
#1844=AXIS2_PLACEMENT_3D('',#104,#1845,#1846);
#1845=DIRECTION('',(-0,-1,-0));
#1846=DIRECTION('',(-1,0,0));
#1847=FACE_BOUND('',#1848,.T.);
#1848=EDGE_LOOP('',(#1849,#1850,#1851));
#1849=ORIENTED_EDGE('',*,*,#1852,.T.);
#1850=ORIENTED_EDGE('',*,*,#1853,.T.);
#1851=ORIENTED_EDGE('',*,*,#1854,.T.);
#1852=EDGE_CURVE('',#105,#109,#1855,.F.);
#1853=EDGE_CURVE('',#109,#81,#1856,.T.);
#1854=EDGE_CURVE('',#81,#105,#1857,.T.);
#1855=LINE('',#104,#1858);
#1856=LINE('',#108,#1859);
#1857=LINE('',#80,#1860);
#1858=VECTOR('',#1861,1.0);
#1859=VECTOR('',#1862,1.0);
#1860=VECTOR('',#1863,1.0);
#1861=DIRECTION('',(-1,0,0));
#1862=DIRECTION('',(0.23695618581439065,0,-0.9715203374115727));
#1863=DIRECTION('',(0,0,1));
#1864=FACE_SURFACE('',(#1869),#1865,.T.);
#1865=PLANE('',#1866);
#1866=AXIS2_PLACEMENT_3D('',#80,#1867,#1868);
#1867=DIRECTION('',(0,-1,0));
#1868=DIRECTION('',(-0.23695618581439065,0,0.9715203374115727));
#1869=FACE_BOUND('',#1870,.T.);
#1870=EDGE_LOOP('',(#1871,#1872,#1873));
#1871=ORIENTED_EDGE('',*,*,#1874,.T.);
#1872=ORIENTED_EDGE('',*,*,#1875,.T.);
#1873=ORIENTED_EDGE('',*,*,#1876,.T.);
#1874=EDGE_CURVE('',#81,#109,#1877,.F.);
#1875=EDGE_CURVE('',#109,#83,#1878,.T.);
#1876=EDGE_CURVE('',#83,#81,#1879,.T.);
#1877=LINE('',#80,#1880);
#1878=LINE('',#108,#1881);
#1879=LINE('',#82,#1882);
#1880=VECTOR('',#1883,1.0);
#1881=VECTOR('',#1884,1.0);
#1882=VECTOR('',#1885,1.0);
#1883=DIRECTION('',(-0.23695618581439065,0,0.9715203374115727));
#1884=DIRECTION('',(0,0,-1));
#1885=DIRECTION('',(1,0,0));
#1886=FACE_SURFACE('',(#1891),#1887,.T.);
#1887=PLANE('',#1888);
#1888=AXIS2_PLACEMENT_3D('',#88,#1889,#1890);
#1889=DIRECTION('',(-1,0,0));
#1890=DIRECTION('',(0,-1,0));
#1891=FACE_BOUND('',#1892,.T.);
#1892=EDGE_LOOP('',(#1893,#1894,#1895));
#1893=ORIENTED_EDGE('',*,*,#1896,.T.);
#1894=ORIENTED_EDGE('',*,*,#1897,.T.);
#1895=ORIENTED_EDGE('',*,*,#1898,.T.);
#1896=EDGE_CURVE('',#89,#85,#1899,.F.);
#1897=EDGE_CURVE('',#85,#111,#1900,.T.);
#1898=EDGE_CURVE('',#111,#89,#1901,.T.);
#1899=LINE('',#88,#1902);
#1900=LINE('',#84,#1903);
#1901=LINE('',#110,#1904);
#1902=VECTOR('',#1905,1.0);
#1903=VECTOR('',#1906,1.0);
#1904=VECTOR('',#1907,1.0);
#1905=DIRECTION('',(0,-1,0));
#1906=DIRECTION('',(0,0.9100198841517806,0.4145646034677585));
#1907=DIRECTION('',(0,0,-1));
#1908=FACE_SURFACE('',(#1913),#1909,.T.);
#1909=PLANE('',#1910);
#1910=AXIS2_PLACEMENT_3D('',#110,#1911,#1912);
#1911=DIRECTION('',(-1,-0,0));
#1912=DIRECTION('',(0,-0.9100198841517806,-0.4145646034677585));
#1913=FACE_BOUND('',#1914,.T.);
#1914=EDGE_LOOP('',(#1915,#1916,#1917));
#1915=ORIENTED_EDGE('',*,*,#1918,.T.);
#1916=ORIENTED_EDGE('',*,*,#1919,.T.);
#1917=ORIENTED_EDGE('',*,*,#1920,.T.);
#1918=EDGE_CURVE('',#111,#85,#1921,.F.);
#1919=EDGE_CURVE('',#85,#113,#1922,.T.);
#1920=EDGE_CURVE('',#113,#111,#1923,.T.);
#1921=LINE('',#110,#1924);
#1922=LINE('',#84,#1925);
#1923=LINE('',#112,#1926);
#1924=VECTOR('',#1927,1.0);
#1925=VECTOR('',#1928,1.0);
#1926=VECTOR('',#1929,1.0);
#1927=DIRECTION('',(0,-0.9100198841517806,-0.4145646034677585));
#1928=DIRECTION('',(0,0,1));
#1929=DIRECTION('',(0,1,0));
#1930=FACE_SURFACE('',(#1935),#1931,.T.);
#1931=PLANE('',#1932);
#1932=AXIS2_PLACEMENT_3D('',#92,#1933,#1934);
#1933=DIRECTION('',(0,-1,0));
#1934=DIRECTION('',(1,0,0));
#1935=FACE_BOUND('',#1936,.T.);
#1936=EDGE_LOOP('',(#1937,#1938,#1939));
#1937=ORIENTED_EDGE('',*,*,#1940,.T.);
#1938=ORIENTED_EDGE('',*,*,#1941,.T.);
#1939=ORIENTED_EDGE('',*,*,#1942,.T.);
#1940=EDGE_CURVE('',#93,#89,#1943,.F.);
#1941=EDGE_CURVE('',#89,#115,#1944,.T.);
#1942=EDGE_CURVE('',#115,#93,#1945,.T.);
#1943=LINE('',#92,#1946);
#1944=LINE('',#88,#1947);
#1945=LINE('',#114,#1948);
#1946=VECTOR('',#1949,1.0);
#1947=VECTOR('',#1950,1.0);
#1948=VECTOR('',#1951,1.0);
#1949=DIRECTION('',(1,0,0));
#1950=DIRECTION('',(-0.12105437831016803,0,0.9926458771847788));
#1951=DIRECTION('',(0,0,-1));
#1952=FACE_SURFACE('',(#1957),#1953,.T.);
#1953=PLANE('',#1954);
#1954=AXIS2_PLACEMENT_3D('',#114,#1955,#1956);
#1955=DIRECTION('',(0,-1,0));
#1956=DIRECTION('',(0.12105437831016803,0,-0.9926458771847788));
#1957=FACE_BOUND('',#1958,.T.);
#1958=EDGE_LOOP('',(#1959,#1960,#1961));
#1959=ORIENTED_EDGE('',*,*,#1962,.T.);
#1960=ORIENTED_EDGE('',*,*,#1963,.T.);
#1961=ORIENTED_EDGE('',*,*,#1964,.T.);
#1962=EDGE_CURVE('',#115,#89,#1965,.F.);
#1963=EDGE_CURVE('',#89,#111,#1966,.T.);
#1964=EDGE_CURVE('',#111,#115,#1967,.T.);
#1965=LINE('',#114,#1968);
#1966=LINE('',#88,#1969);
#1967=LINE('',#110,#1970);
#1968=VECTOR('',#1971,1.0);
#1969=VECTOR('',#1972,1.0);
#1970=VECTOR('',#1973,1.0);
#1971=DIRECTION('',(0.12105437831016803,0,-0.9926458771847788));
#1972=DIRECTION('',(0,0,1));
#1973=DIRECTION('',(-1,0,0));
#1974=FACE_SURFACE('',(#1979),#1975,.T.);
#1975=PLANE('',#1976);
#1976=AXIS2_PLACEMENT_3D('',#84,#1977,#1978);
#1977=DIRECTION('',(0,1,-0));
#1978=DIRECTION('',(-1,0,0));
#1979=FACE_BOUND('',#1980,.T.);
#1980=EDGE_LOOP('',(#1981,#1982,#1983));
#1981=ORIENTED_EDGE('',*,*,#1984,.T.);
#1982=ORIENTED_EDGE('',*,*,#1985,.T.);
#1983=ORIENTED_EDGE('',*,*,#1986,.T.);
#1984=EDGE_CURVE('',#85,#95,#1987,.F.);
#1985=EDGE_CURVE('',#95,#113,#1988,.T.);
#1986=EDGE_CURVE('',#113,#85,#1989,.T.);
#1987=LINE('',#84,#1990);
#1988=LINE('',#94,#1991);
#1989=LINE('',#112,#1992);
#1990=VECTOR('',#1993,1.0);
#1991=VECTOR('',#1994,1.0);
#1992=VECTOR('',#1995,1.0);
#1993=DIRECTION('',(-1,0,0));
#1994=DIRECTION('',(0.12105437831016803,0,0.9926458771847788));
#1995=DIRECTION('',(0,0,-1));
#1996=FACE_SURFACE('',(#2001),#1997,.T.);
#1997=PLANE('',#1998);
#1998=AXIS2_PLACEMENT_3D('',#112,#1999,#2000);
#1999=DIRECTION('',(0,1,0));
#2000=DIRECTION('',(-0.12105437831016803,0,-0.9926458771847788));
#2001=FACE_BOUND('',#2002,.T.);
#2002=EDGE_LOOP('',(#2003,#2004,#2005));
#2003=ORIENTED_EDGE('',*,*,#2006,.T.);
#2004=ORIENTED_EDGE('',*,*,#2007,.T.);
#2005=ORIENTED_EDGE('',*,*,#2008,.T.);
#2006=EDGE_CURVE('',#113,#95,#2009,.F.);
#2007=EDGE_CURVE('',#95,#117,#2010,.T.);
#2008=EDGE_CURVE('',#117,#113,#2011,.T.);
#2009=LINE('',#112,#2012);
#2010=LINE('',#94,#2013);
#2011=LINE('',#116,#2014);
#2012=VECTOR('',#2015,1.0);
#2013=VECTOR('',#2016,1.0);
#2014=VECTOR('',#2017,1.0);
#2015=DIRECTION('',(-0.12105437831016803,0,-0.9926458771847788));
#2016=DIRECTION('',(0,0,1));
#2017=DIRECTION('',(1,0,0));
#2018=FACE_SURFACE('',(#2023),#2019,.T.);
#2019=PLANE('',#2020);
#2020=AXIS2_PLACEMENT_3D('',#114,#2021,#2022);
#2021=DIRECTION('',(-1,0,0));
#2022=DIRECTION('',(0,1,0));
#2023=FACE_BOUND('',#2024,.T.);
#2024=EDGE_LOOP('',(#2025,#2026,#2027));
#2025=ORIENTED_EDGE('',*,*,#2028,.T.);
#2026=ORIENTED_EDGE('',*,*,#2029,.T.);
#2027=ORIENTED_EDGE('',*,*,#2030,.T.);
#2028=EDGE_CURVE('',#115,#119,#2031,.F.);
#2029=EDGE_CURVE('',#119,#93,#2032,.T.);
#2030=EDGE_CURVE('',#93,#115,#2033,.T.);
#2031=LINE('',#114,#2034);
#2032=LINE('',#118,#2035);
#2033=LINE('',#92,#2036);
#2034=VECTOR('',#2037,1.0);
#2035=VECTOR('',#2038,1.0);
#2036=VECTOR('',#2039,1.0);
#2037=DIRECTION('',(0,1,0));
#2038=DIRECTION('',(0,-0.23695618581439065,-0.9715203374115727));
#2039=DIRECTION('',(0,0,1));
#2040=FACE_SURFACE('',(#2045),#2041,.T.);
#2041=PLANE('',#2042);
#2042=AXIS2_PLACEMENT_3D('',#92,#2043,#2044);
#2043=DIRECTION('',(-1,0,0));
#2044=DIRECTION('',(0,0.23695618581439065,0.9715203374115727));
#2045=FACE_BOUND('',#2046,.T.);
#2046=EDGE_LOOP('',(#2047,#2048,#2049));
#2047=ORIENTED_EDGE('',*,*,#2050,.T.);
#2048=ORIENTED_EDGE('',*,*,#2051,.T.);
#2049=ORIENTED_EDGE('',*,*,#2052,.T.);
#2050=EDGE_CURVE('',#93,#119,#2053,.F.);
#2051=EDGE_CURVE('',#119,#91,#2054,.T.);
#2052=EDGE_CURVE('',#91,#93,#2055,.T.);
#2053=LINE('',#92,#2056);
#2054=LINE('',#118,#2057);
#2055=LINE('',#90,#2058);
#2056=VECTOR('',#2059,1.0);
#2057=VECTOR('',#2060,1.0);
#2058=VECTOR('',#2061,1.0);
#2059=DIRECTION('',(0,0.23695618581439065,0.9715203374115727));
#2060=DIRECTION('',(0,0,-1));
#2061=DIRECTION('',(0,-1,0));
#2062=FACE_SURFACE('',(#2067),#2063,.T.);
#2063=PLANE('',#2064);
#2064=AXIS2_PLACEMENT_3D('',#46,#2065,#2066);
#2065=DIRECTION('',(0,1,-0));
#2066=DIRECTION('',(-0.9330555645368527,0,-0.35973228029579873));
#2067=FACE_BOUND('',#2068,.T.);
#2068=EDGE_LOOP('',(#2069,#2070,#2071));
#2069=ORIENTED_EDGE('',*,*,#2072,.T.);
#2070=ORIENTED_EDGE('',*,*,#2073,.T.);
#2071=ORIENTED_EDGE('',*,*,#2074,.T.);
#2072=EDGE_CURVE('',#47,#87,#2075,.F.);
#2073=EDGE_CURVE('',#87,#43,#2076,.T.);
#2074=EDGE_CURVE('',#43,#47,#2077,.T.);
#2075=LINE('',#46,#2078);
#2076=LINE('',#86,#2079);
#2077=LINE('',#42,#2080);
#2078=VECTOR('',#2081,1.0);
#2079=VECTOR('',#2082,1.0);
#2080=VECTOR('',#2083,1.0);
#2081=DIRECTION('',(-0.9330555645368527,0,-0.35973228029579873));
#2082=DIRECTION('',(0.8474242056715412,0,0.5309163923274149));
#2083=DIRECTION('',(0,0,-1));
#2084=FACE_SURFACE('',(#2089),#2085,.T.);
#2085=PLANE('',#2086);
#2086=AXIS2_PLACEMENT_3D('',#42,#2087,#2088);
#2087=DIRECTION('',(0,1,0));
#2088=DIRECTION('',(-0.8474242056715412,0,-0.5309163923274149));
#2089=FACE_BOUND('',#2090,.T.);
#2090=EDGE_LOOP('',(#2091,#2092,#2093));
#2091=ORIENTED_EDGE('',*,*,#2094,.T.);
#2092=ORIENTED_EDGE('',*,*,#2095,.T.);
#2093=ORIENTED_EDGE('',*,*,#2096,.T.);
#2094=EDGE_CURVE('',#43,#87,#2097,.F.);
#2095=EDGE_CURVE('',#87,#121,#2098,.T.);
#2096=EDGE_CURVE('',#121,#43,#2099,.T.);
#2097=LINE('',#42,#2100);
#2098=LINE('',#86,#2101);
#2099=LINE('',#120,#2102);
#2100=VECTOR('',#2103,1.0);
#2101=VECTOR('',#2104,1.0);
#2102=VECTOR('',#2105,1.0);
#2103=DIRECTION('',(-0.8474242056715412,0,-0.5309163923274149));
#2104=DIRECTION('',(0,0,1));
#2105=DIRECTION('',(0.8728644421100784,0,-0.4879627708133702));
#2106=FACE_SURFACE('',(#2111),#2107,.T.);
#2107=PLANE('',#2108);
#2108=AXIS2_PLACEMENT_3D('',#42,#2109,#2110);
#2109=DIRECTION('',(0,1,-0));
#2110=DIRECTION('',(-0.8728644421100784,0,0.4879627708133702));
#2111=FACE_BOUND('',#2112,.T.);
#2112=EDGE_LOOP('',(#2113,#2114,#2115));
#2113=ORIENTED_EDGE('',*,*,#2116,.T.);
#2114=ORIENTED_EDGE('',*,*,#2117,.T.);
#2115=ORIENTED_EDGE('',*,*,#2118,.T.);
#2116=EDGE_CURVE('',#43,#121,#2119,.F.);
#2117=EDGE_CURVE('',#121,#123,#2120,.T.);
#2118=EDGE_CURVE('',#123,#43,#2121,.T.);
#2119=LINE('',#42,#2122);
#2120=LINE('',#120,#2123);
#2121=LINE('',#122,#2124);
#2122=VECTOR('',#2125,1.0);
#2123=VECTOR('',#2126,1.0);
#2124=VECTOR('',#2127,1.0);
#2125=DIRECTION('',(-0.8728644421100784,0,0.4879627708133702));
#2126=DIRECTION('',(1,0,0));
#2127=DIRECTION('',(-0.911755808582159,0,-0.4107326935084344));
#2128=FACE_SURFACE('',(#2133),#2129,.T.);
#2129=PLANE('',#2130);
#2130=AXIS2_PLACEMENT_3D('',#46,#2131,#2132);
#2131=DIRECTION('',(-0,1,0));
#2132=DIRECTION('',(1,0,0));
#2133=FACE_BOUND('',#2134,.T.);
#2134=EDGE_LOOP('',(#2135,#2136,#2137));
#2135=ORIENTED_EDGE('',*,*,#2138,.T.);
#2136=ORIENTED_EDGE('',*,*,#2139,.T.);
#2137=ORIENTED_EDGE('',*,*,#2140,.T.);
#2138=EDGE_CURVE('',#47,#37,#2141,.F.);
#2139=EDGE_CURVE('',#37,#87,#2142,.T.);
#2140=EDGE_CURVE('',#87,#47,#2143,.T.);
#2141=LINE('',#46,#2144);
#2142=LINE('',#36,#2145);
#2143=LINE('',#86,#2146);
#2144=VECTOR('',#2147,1.0);
#2145=VECTOR('',#2148,1.0);
#2146=VECTOR('',#2149,1.0);
#2147=DIRECTION('',(1,0,0));
#2148=DIRECTION('',(-0.9549735860893268,0,-0.2966908321328637));
#2149=DIRECTION('',(0.9330555645368527,0,0.35973228029579873));
#2150=FACE_SURFACE('',(#2155),#2151,.T.);
#2151=PLANE('',#2152);
#2152=AXIS2_PLACEMENT_3D('',#86,#2153,#2154);
#2153=DIRECTION('',(0,1,0));
#2154=DIRECTION('',(0.9549735860893268,0,0.2966908321328637));
#2155=FACE_BOUND('',#2156,.T.);
#2156=EDGE_LOOP('',(#2157,#2158,#2159));
#2157=ORIENTED_EDGE('',*,*,#2160,.T.);
#2158=ORIENTED_EDGE('',*,*,#2161,.T.);
#2159=ORIENTED_EDGE('',*,*,#2162,.T.);
#2160=EDGE_CURVE('',#87,#37,#2163,.F.);
#2161=EDGE_CURVE('',#37,#69,#2164,.T.);
#2162=EDGE_CURVE('',#69,#87,#2165,.T.);
#2163=LINE('',#86,#2166);
#2164=LINE('',#36,#2167);
#2165=LINE('',#68,#2168);
#2166=VECTOR('',#2169,1.0);
#2167=VECTOR('',#2170,1.0);
#2168=VECTOR('',#2171,1.0);
#2169=DIRECTION('',(0.9549735860893268,0,0.2966908321328637));
#2170=DIRECTION('',(0.9330555700862819,0,-0.3597322659019672));
#2171=DIRECTION('',(-1,0,0));
#2172=FACE_SURFACE('',(#2177),#2173,.T.);
#2173=PLANE('',#2174);
#2174=AXIS2_PLACEMENT_3D('',#68,#2175,#2176);
#2175=DIRECTION('',(0,1,0));
#2176=DIRECTION('',(-0.9330555700862819,0,0.3597322659019672));
#2177=FACE_BOUND('',#2178,.T.);
#2178=EDGE_LOOP('',(#2179,#2180,#2181));
#2179=ORIENTED_EDGE('',*,*,#2182,.T.);
#2180=ORIENTED_EDGE('',*,*,#2183,.T.);
#2181=ORIENTED_EDGE('',*,*,#2184,.T.);
#2182=EDGE_CURVE('',#69,#37,#2185,.F.);
#2183=EDGE_CURVE('',#37,#35,#2186,.T.);
#2184=EDGE_CURVE('',#35,#69,#2187,.T.);
#2185=LINE('',#68,#2188);
#2186=LINE('',#36,#2189);
#2187=LINE('',#34,#2190);
#2188=VECTOR('',#2191,1.0);
#2189=VECTOR('',#2192,1.0);
#2190=VECTOR('',#2193,1.0);
#2191=DIRECTION('',(-0.9330555700862819,0,0.3597322659019672));
#2192=DIRECTION('',(0,0,1));
#2193=DIRECTION('',(0.8474242166498418,0,-0.5309163748043585));
#2194=FACE_SURFACE('',(#2199),#2195,.T.);
#2195=PLANE('',#2196);
#2196=AXIS2_PLACEMENT_3D('',#68,#2197,#2198);
#2197=DIRECTION('',(0,1,-0));
#2198=DIRECTION('',(-0.8474242166498418,0,0.5309163748043585));
#2199=FACE_BOUND('',#2200,.T.);
#2200=EDGE_LOOP('',(#2201,#2202,#2203));
#2201=ORIENTED_EDGE('',*,*,#2204,.T.);
#2202=ORIENTED_EDGE('',*,*,#2205,.T.);
#2203=ORIENTED_EDGE('',*,*,#2206,.T.);
#2204=EDGE_CURVE('',#69,#35,#2207,.F.);
#2205=EDGE_CURVE('',#35,#123,#2208,.T.);
#2206=EDGE_CURVE('',#123,#69,#2209,.T.);
#2207=LINE('',#68,#2210);
#2208=LINE('',#34,#2211);
#2209=LINE('',#122,#2212);
#2210=VECTOR('',#2213,1.0);
#2211=VECTOR('',#2214,1.0);
#2212=VECTOR('',#2215,1.0);
#2213=DIRECTION('',(-0.8474242166498418,0,0.5309163748043585));
#2214=DIRECTION('',(0.872864451662251,0,0.4879627537265092));
#2215=DIRECTION('',(0,0,-1));
#2216=FACE_SURFACE('',(#2221),#2217,.T.);
#2217=PLANE('',#2218);
#2218=AXIS2_PLACEMENT_3D('',#122,#2219,#2220);
#2219=DIRECTION('',(0,1,0));
#2220=DIRECTION('',(-0.872864451662251,0,-0.4879627537265092));
#2221=FACE_BOUND('',#2222,.T.);
#2222=EDGE_LOOP('',(#2223,#2224,#2225));
#2223=ORIENTED_EDGE('',*,*,#2226,.T.);
#2224=ORIENTED_EDGE('',*,*,#2227,.T.);
#2225=ORIENTED_EDGE('',*,*,#2228,.T.);
#2226=EDGE_CURVE('',#123,#35,#2229,.F.);
#2227=EDGE_CURVE('',#35,#43,#2230,.T.);
#2228=EDGE_CURVE('',#43,#123,#2231,.T.);
#2229=LINE('',#122,#2232);
#2230=LINE('',#34,#2233);
#2231=LINE('',#42,#2234);
#2232=VECTOR('',#2235,1.0);
#2233=VECTOR('',#2236,1.0);
#2234=VECTOR('',#2237,1.0);
#2235=DIRECTION('',(-0.872864451662251,0,-0.4879627537265092));
#2236=DIRECTION('',(-1,0,0));
#2237=DIRECTION('',(0.911755808582159,0,0.4107326935084344));
#2238=FACE_SURFACE('',(#2243),#2239,.T.);
#2239=PLANE('',#2240);
#2240=AXIS2_PLACEMENT_3D('',#70,#2241,#2242);
#2241=DIRECTION('',(-1,0,0));
#2242=DIRECTION('',(0,-1,0));
#2243=FACE_BOUND('',#2244,.T.);
#2244=EDGE_LOOP('',(#2245,#2246,#2247));
#2245=ORIENTED_EDGE('',*,*,#2248,.T.);
#2246=ORIENTED_EDGE('',*,*,#2249,.T.);
#2247=ORIENTED_EDGE('',*,*,#2250,.T.);
#2248=EDGE_CURVE('',#71,#69,#2251,.F.);
#2249=EDGE_CURVE('',#69,#125,#2252,.T.);
#2250=EDGE_CURVE('',#125,#71,#2253,.T.);
#2251=LINE('',#70,#2254);
#2252=LINE('',#68,#2255);
#2253=LINE('',#124,#2256);
#2254=VECTOR('',#2257,1.0);
#2255=VECTOR('',#2258,1.0);
#2256=VECTOR('',#2259,1.0);
#2257=DIRECTION('',(0,-1,0));
#2258=DIRECTION('',(0,0.12105437831016803,0.9926458771847788));
#2259=DIRECTION('',(0,0,-1));
#2260=FACE_SURFACE('',(#2265),#2261,.T.);
#2261=PLANE('',#2262);
#2262=AXIS2_PLACEMENT_3D('',#124,#2263,#2264);
#2263=DIRECTION('',(-1,-0,0));
#2264=DIRECTION('',(0,-0.12105437831016803,-0.9926458771847788));
#2265=FACE_BOUND('',#2266,.T.);
#2266=EDGE_LOOP('',(#2267,#2268,#2269));
#2267=ORIENTED_EDGE('',*,*,#2270,.T.);
#2268=ORIENTED_EDGE('',*,*,#2271,.T.);
#2269=ORIENTED_EDGE('',*,*,#2272,.T.);
#2270=EDGE_CURVE('',#125,#69,#2273,.F.);
#2271=EDGE_CURVE('',#69,#123,#2274,.T.);
#2272=EDGE_CURVE('',#123,#125,#2275,.T.);
#2273=LINE('',#124,#2276);
#2274=LINE('',#68,#2277);
#2275=LINE('',#122,#2278);
#2276=VECTOR('',#2279,1.0);
#2277=VECTOR('',#2280,1.0);
#2278=VECTOR('',#2281,1.0);
#2279=DIRECTION('',(0,-0.12105437831016803,-0.9926458771847788));
#2280=DIRECTION('',(0,0,1));
#2281=DIRECTION('',(0,1,0));
#2282=FACE_SURFACE('',(#2287),#2283,.T.);
#2283=PLANE('',#2284);
#2284=AXIS2_PLACEMENT_3D('',#86,#2285,#2286);
#2285=DIRECTION('',(1,0,0));
#2286=DIRECTION('',(0,1,0));
#2287=FACE_BOUND('',#2288,.T.);
#2288=EDGE_LOOP('',(#2289,#2290,#2291));
#2289=ORIENTED_EDGE('',*,*,#2292,.T.);
#2290=ORIENTED_EDGE('',*,*,#2293,.T.);
#2291=ORIENTED_EDGE('',*,*,#2294,.T.);
#2292=EDGE_CURVE('',#87,#97,#2295,.F.);
#2293=EDGE_CURVE('',#97,#121,#2296,.T.);
#2294=EDGE_CURVE('',#121,#87,#2297,.T.);
#2295=LINE('',#86,#2298);
#2296=LINE('',#96,#2299);
#2297=LINE('',#120,#2300);
#2298=VECTOR('',#2301,1.0);
#2299=VECTOR('',#2302,1.0);
#2300=VECTOR('',#2303,1.0);
#2301=DIRECTION('',(0,1,0));
#2302=DIRECTION('',(0,-0.12105437831016803,0.9926458771847788));
#2303=DIRECTION('',(0,0,-1));
#2304=FACE_SURFACE('',(#2309),#2305,.T.);
#2305=PLANE('',#2306);
#2306=AXIS2_PLACEMENT_3D('',#120,#2307,#2308);
#2307=DIRECTION('',(1,-0,0));
#2308=DIRECTION('',(0,0.12105437831016803,-0.9926458771847788));
#2309=FACE_BOUND('',#2310,.T.);
#2310=EDGE_LOOP('',(#2311,#2312,#2313));
#2311=ORIENTED_EDGE('',*,*,#2314,.T.);
#2312=ORIENTED_EDGE('',*,*,#2315,.T.);
#2313=ORIENTED_EDGE('',*,*,#2316,.T.);
#2314=EDGE_CURVE('',#121,#97,#2317,.F.);
#2315=EDGE_CURVE('',#97,#127,#2318,.T.);
#2316=EDGE_CURVE('',#127,#121,#2319,.T.);
#2317=LINE('',#120,#2320);
#2318=LINE('',#96,#2321);
#2319=LINE('',#126,#2322);
#2320=VECTOR('',#2323,1.0);
#2321=VECTOR('',#2324,1.0);
#2322=VECTOR('',#2325,1.0);
#2323=DIRECTION('',(0,0.12105437831016803,-0.9926458771847788));
#2324=DIRECTION('',(0,0,1));
#2325=DIRECTION('',(0,-1,0));
#2326=FACE_SURFACE('',(#2331),#2327,.T.);
#2327=PLANE('',#2328);
#2328=AXIS2_PLACEMENT_3D('',#124,#2329,#2330);
#2329=DIRECTION('',(-0,1,0));
#2330=DIRECTION('',(1,0,0));
#2331=FACE_BOUND('',#2332,.T.);
#2332=EDGE_LOOP('',(#2333,#2334,#2335));
#2333=ORIENTED_EDGE('',*,*,#2336,.T.);
#2334=ORIENTED_EDGE('',*,*,#2337,.T.);
#2335=ORIENTED_EDGE('',*,*,#2338,.T.);
#2336=EDGE_CURVE('',#125,#129,#2339,.F.);
#2337=EDGE_CURVE('',#129,#71,#2340,.T.);
#2338=EDGE_CURVE('',#71,#125,#2341,.T.);
#2339=LINE('',#124,#2342);
#2340=LINE('',#128,#2343);
#2341=LINE('',#70,#2344);
#2342=VECTOR('',#2345,1.0);
#2343=VECTOR('',#2346,1.0);
#2344=VECTOR('',#2347,1.0);
#2345=DIRECTION('',(1,0,0));
#2346=DIRECTION('',(-0.23695618581439065,0,-0.9715203374115727));
#2347=DIRECTION('',(0,0,1));
#2348=FACE_SURFACE('',(#2353),#2349,.T.);
#2349=PLANE('',#2350);
#2350=AXIS2_PLACEMENT_3D('',#70,#2351,#2352);
#2351=DIRECTION('',(0,1,0));
#2352=DIRECTION('',(0.23695618581439065,0,0.9715203374115727));
#2353=FACE_BOUND('',#2354,.T.);
#2354=EDGE_LOOP('',(#2355,#2356,#2357));
#2355=ORIENTED_EDGE('',*,*,#2358,.T.);
#2356=ORIENTED_EDGE('',*,*,#2359,.T.);
#2357=ORIENTED_EDGE('',*,*,#2360,.T.);
#2358=EDGE_CURVE('',#71,#129,#2361,.F.);
#2359=EDGE_CURVE('',#129,#67,#2362,.T.);
#2360=EDGE_CURVE('',#67,#71,#2363,.T.);
#2361=LINE('',#70,#2364);
#2362=LINE('',#128,#2365);
#2363=LINE('',#66,#2366);
#2364=VECTOR('',#2367,1.0);
#2365=VECTOR('',#2368,1.0);
#2366=VECTOR('',#2369,1.0);
#2367=DIRECTION('',(0.23695618581439065,0,0.9715203374115727));
#2368=DIRECTION('',(0,0,-1));
#2369=DIRECTION('',(-1,0,0));
#2370=FACE_SURFACE('',(#2375),#2371,.T.);
#2371=PLANE('',#2372);
#2372=AXIS2_PLACEMENT_3D('',#130,#2373,#2374);
#2373=DIRECTION('',(-0.9914449477322775,-0.13052553626069216,0));
#2374=DIRECTION('',(0,0,1));
#2375=FACE_BOUND('',#2376,.T.);
#2376=EDGE_LOOP('',(#2377,#2378,#2379));
#2377=ORIENTED_EDGE('',*,*,#2380,.T.);
#2378=ORIENTED_EDGE('',*,*,#2381,.T.);
#2379=ORIENTED_EDGE('',*,*,#2382,.T.);
#2380=EDGE_CURVE('',#131,#133,#2383,.F.);
#2381=EDGE_CURVE('',#133,#135,#2384,.T.);
#2382=EDGE_CURVE('',#135,#131,#2385,.T.);
#2383=LINE('',#130,#2386);
#2384=LINE('',#132,#2387);
#2385=LINE('',#134,#2388);
#2386=VECTOR('',#2389,1.0);
#2387=VECTOR('',#2390,1.0);
#2388=VECTOR('',#2391,1.0);
#2389=DIRECTION('',(0,0,1));
#2390=DIRECTION('',(-0.010753507597183427,0.08168141716219013,-0.9966004756996325));
#2391=DIRECTION('',(0.13052553626069216,-0.9914449477322775,0));
#2392=FACE_SURFACE('',(#2397),#2393,.T.);
#2393=PLANE('',#2394);
#2394=AXIS2_PLACEMENT_3D('',#134,#2395,#2396);
#2395=DIRECTION('',(-0.9914449477322775,-0.13052553626069216,0));
#2396=DIRECTION('',(0.010753507597183427,-0.08168141716219013,0.9966004756996325));
#2397=FACE_BOUND('',#2398,.T.);
#2398=EDGE_LOOP('',(#2399,#2400,#2401));
#2399=ORIENTED_EDGE('',*,*,#2402,.T.);
#2400=ORIENTED_EDGE('',*,*,#2403,.T.);
#2401=ORIENTED_EDGE('',*,*,#2404,.T.);
#2402=EDGE_CURVE('',#135,#133,#2405,.F.);
#2403=EDGE_CURVE('',#133,#137,#2406,.T.);
#2404=EDGE_CURVE('',#137,#135,#2407,.T.);
#2405=LINE('',#134,#2408);
#2406=LINE('',#132,#2409);
#2407=LINE('',#136,#2410);
#2408=VECTOR('',#2411,1.0);
#2409=VECTOR('',#2412,1.0);
#2410=VECTOR('',#2413,1.0);
#2411=DIRECTION('',(0.010753507597183427,-0.08168141716219013,0.9966004756996325));
#2412=DIRECTION('',(-0.13052553626069216,0.9914449477322775,0));
#2413=DIRECTION('',(0,0,-1));
#2414=FACE_SURFACE('',(#2419),#2415,.T.);
#2415=PLANE('',#2416);
#2416=AXIS2_PLACEMENT_3D('',#134,#2417,#2418);
#2417=DIRECTION('',(-0.9238781456260902,-0.38268678058498035,0));
#2418=DIRECTION('',(0,0,1));
#2419=FACE_BOUND('',#2420,.T.);
#2420=EDGE_LOOP('',(#2421,#2422,#2423));
#2421=ORIENTED_EDGE('',*,*,#2424,.T.);
#2422=ORIENTED_EDGE('',*,*,#2425,.T.);
#2423=ORIENTED_EDGE('',*,*,#2426,.T.);
#2424=EDGE_CURVE('',#135,#137,#2427,.F.);
#2425=EDGE_CURVE('',#137,#139,#2428,.T.);
#2426=EDGE_CURVE('',#139,#135,#2429,.T.);
#2427=LINE('',#134,#2430);
#2428=LINE('',#136,#2431);
#2429=LINE('',#138,#2432);
#2430=VECTOR('',#2433,1.0);
#2431=VECTOR('',#2434,1.0);
#2432=VECTOR('',#2435,1.0);
#2433=DIRECTION('',(0,0,1));
#2434=DIRECTION('',(-0.03152742745018447,0.07611316273980724,-0.9966006260163179));
#2435=DIRECTION('',(0.38268678058498035,-0.9238781456260902,0));
#2436=FACE_SURFACE('',(#2441),#2437,.T.);
#2437=PLANE('',#2438);
#2438=AXIS2_PLACEMENT_3D('',#138,#2439,#2440);
#2439=DIRECTION('',(-0.9238781456260902,-0.38268678058498035,0));
#2440=DIRECTION('',(0.03152742745018447,-0.07611316273980724,0.9966006260163179));
#2441=FACE_BOUND('',#2442,.T.);
#2442=EDGE_LOOP('',(#2443,#2444,#2445));
#2443=ORIENTED_EDGE('',*,*,#2446,.T.);
#2444=ORIENTED_EDGE('',*,*,#2447,.T.);
#2445=ORIENTED_EDGE('',*,*,#2448,.T.);
#2446=EDGE_CURVE('',#139,#137,#2449,.F.);
#2447=EDGE_CURVE('',#137,#141,#2450,.T.);
#2448=EDGE_CURVE('',#141,#139,#2451,.T.);
#2449=LINE('',#138,#2452);
#2450=LINE('',#136,#2453);
#2451=LINE('',#140,#2454);
#2452=VECTOR('',#2455,1.0);
#2453=VECTOR('',#2456,1.0);
#2454=VECTOR('',#2457,1.0);
#2455=DIRECTION('',(0.03152742745018447,-0.07611316273980724,0.9966006260163179));
#2456=DIRECTION('',(-0.38268678058498035,0.9238781456260902,0));
#2457=DIRECTION('',(0,0,-1));
#2458=FACE_SURFACE('',(#2463),#2459,.T.);
#2459=PLANE('',#2460);
#2460=AXIS2_PLACEMENT_3D('',#138,#2461,#2462);
#2461=DIRECTION('',(-0.7933584764321567,-0.6087547354010867,0));
#2462=DIRECTION('',(0,0,1));
#2463=FACE_BOUND('',#2464,.T.);
#2464=EDGE_LOOP('',(#2465,#2466,#2467));
#2465=ORIENTED_EDGE('',*,*,#2468,.T.);
#2466=ORIENTED_EDGE('',*,*,#2469,.T.);
#2467=ORIENTED_EDGE('',*,*,#2470,.T.);
#2468=EDGE_CURVE('',#139,#141,#2471,.F.);
#2469=EDGE_CURVE('',#141,#143,#2472,.T.);
#2470=EDGE_CURVE('',#143,#139,#2473,.T.);
#2471=LINE('',#138,#2474);
#2472=LINE('',#140,#2475);
#2473=LINE('',#142,#2476);
#2474=VECTOR('',#2477,1.0);
#2475=VECTOR('',#2478,1.0);
#2476=VECTOR('',#2479,1.0);
#2477=DIRECTION('',(0,0,1));
#2478=DIRECTION('',(-0.050153043811603515,0.06536186104670413,-0.9966004712606464));
#2479=DIRECTION('',(0.6087547354010867,-0.7933584764321566,0));
#2480=FACE_SURFACE('',(#2485),#2481,.T.);
#2481=PLANE('',#2482);
#2482=AXIS2_PLACEMENT_3D('',#142,#2483,#2484);
#2483=DIRECTION('',(-0.7933584764321567,-0.6087547354010867,0));
#2484=DIRECTION('',(0.050153043811603515,-0.06536186104670413,0.9966004712606464));
#2485=FACE_BOUND('',#2486,.T.);
#2486=EDGE_LOOP('',(#2487,#2488,#2489));
#2487=ORIENTED_EDGE('',*,*,#2490,.T.);
#2488=ORIENTED_EDGE('',*,*,#2491,.T.);
#2489=ORIENTED_EDGE('',*,*,#2492,.T.);
#2490=EDGE_CURVE('',#143,#141,#2493,.F.);
#2491=EDGE_CURVE('',#141,#145,#2494,.T.);
#2492=EDGE_CURVE('',#145,#143,#2495,.T.);
#2493=LINE('',#142,#2496);
#2494=LINE('',#140,#2497);
#2495=LINE('',#144,#2498);
#2496=VECTOR('',#2499,1.0);
#2497=VECTOR('',#2500,1.0);
#2498=VECTOR('',#2501,1.0);
#2499=DIRECTION('',(0.050153043811603515,-0.06536186104670413,0.9966004712606464));
#2500=DIRECTION('',(-0.6087547354010867,0.7933584764321566,0));
#2501=DIRECTION('',(0,0,-1));
#2502=FACE_SURFACE('',(#2507),#2503,.T.);
#2503=PLANE('',#2504);
#2504=AXIS2_PLACEMENT_3D('',#142,#2505,#2506);
#2505=DIRECTION('',(-0.6087554662228866,-0.7933579156621279,0));
#2506=DIRECTION('',(0,0,1));
#2507=FACE_BOUND('',#2508,.T.);
#2508=EDGE_LOOP('',(#2509,#2510,#2511));
#2509=ORIENTED_EDGE('',*,*,#2512,.T.);
#2510=ORIENTED_EDGE('',*,*,#2513,.T.);
#2511=ORIENTED_EDGE('',*,*,#2514,.T.);
#2512=EDGE_CURVE('',#143,#145,#2515,.F.);
#2513=EDGE_CURVE('',#145,#147,#2516,.T.);
#2514=EDGE_CURVE('',#147,#143,#2517,.T.);
#2515=LINE('',#142,#2518);
#2516=LINE('',#144,#2519);
#2517=LINE('',#146,#2520);
#2518=VECTOR('',#2521,1.0);
#2519=VECTOR('',#2522,1.0);
#2520=VECTOR('',#2523,1.0);
#2521=DIRECTION('',(0,0,1));
#2522=DIRECTION('',(-0.06536091675178327,0.050152414899370834,-0.9966005648408632));
#2523=DIRECTION('',(0.7933579156621279,-0.6087554662228865,0));
#2524=FACE_SURFACE('',(#2529),#2525,.T.);
#2525=PLANE('',#2526);
#2526=AXIS2_PLACEMENT_3D('',#146,#2527,#2528);
#2527=DIRECTION('',(-0.6087554662228866,-0.7933579156621279,0));
#2528=DIRECTION('',(0.06536091675178327,-0.050152414899370834,0.9966005648408632));
#2529=FACE_BOUND('',#2530,.T.);
#2530=EDGE_LOOP('',(#2531,#2532,#2533));
#2531=ORIENTED_EDGE('',*,*,#2534,.T.);
#2532=ORIENTED_EDGE('',*,*,#2535,.T.);
#2533=ORIENTED_EDGE('',*,*,#2536,.T.);
#2534=EDGE_CURVE('',#147,#145,#2537,.F.);
#2535=EDGE_CURVE('',#145,#149,#2538,.T.);
#2536=EDGE_CURVE('',#149,#147,#2539,.T.);
#2537=LINE('',#146,#2540);
#2538=LINE('',#144,#2541);
#2539=LINE('',#148,#2542);
#2540=VECTOR('',#2543,1.0);
#2541=VECTOR('',#2544,1.0);
#2542=VECTOR('',#2545,1.0);
#2543=DIRECTION('',(0.06536091675178327,-0.050152414899370834,0.9966005648408632));
#2544=DIRECTION('',(-0.7933579156621279,0.6087554662228865,0));
#2545=DIRECTION('',(0,0,-1));
#2546=FACE_SURFACE('',(#2551),#2547,.T.);
#2547=PLANE('',#2548);
#2548=AXIS2_PLACEMENT_3D('',#146,#2549,#2550);
#2549=DIRECTION('',(-0.38267149522172944,-0.9238844769476138,0));
#2550=DIRECTION('',(0,0,1));
#2551=FACE_BOUND('',#2552,.T.);
#2552=EDGE_LOOP('',(#2553,#2554,#2555));
#2553=ORIENTED_EDGE('',*,*,#2556,.T.);
#2554=ORIENTED_EDGE('',*,*,#2557,.T.);
#2555=ORIENTED_EDGE('',*,*,#2558,.T.);
#2556=EDGE_CURVE('',#147,#149,#2559,.F.);
#2557=EDGE_CURVE('',#149,#151,#2560,.T.);
#2558=EDGE_CURVE('',#151,#147,#2561,.T.);
#2559=LINE('',#146,#2562);
#2560=LINE('',#148,#2563);
#2561=LINE('',#150,#2564);
#2562=VECTOR('',#2565,1.0);
#2563=VECTOR('',#2566,1.0);
#2564=VECTOR('',#2567,1.0);
#2565=DIRECTION('',(0,0,1));
#2566=DIRECTION('',(-0.0761144249221523,0.031526474921554117,-0.9966005597518951));
#2567=DIRECTION('',(0.9238844769476138,-0.38267149522172944,0));
#2568=FACE_SURFACE('',(#2573),#2569,.T.);
#2569=PLANE('',#2570);
#2570=AXIS2_PLACEMENT_3D('',#150,#2571,#2572);
#2571=DIRECTION('',(-0.38267149522172944,-0.9238844769476138,0));
#2572=DIRECTION('',(0.0761144249221523,-0.031526474921554117,0.9966005597518951));
#2573=FACE_BOUND('',#2574,.T.);
#2574=EDGE_LOOP('',(#2575,#2576,#2577));
#2575=ORIENTED_EDGE('',*,*,#2578,.T.);
#2576=ORIENTED_EDGE('',*,*,#2579,.T.);
#2577=ORIENTED_EDGE('',*,*,#2580,.T.);
#2578=EDGE_CURVE('',#151,#149,#2581,.F.);
#2579=EDGE_CURVE('',#149,#153,#2582,.T.);
#2580=EDGE_CURVE('',#153,#151,#2583,.T.);
#2581=LINE('',#150,#2584);
#2582=LINE('',#148,#2585);
#2583=LINE('',#152,#2586);
#2584=VECTOR('',#2587,1.0);
#2585=VECTOR('',#2588,1.0);
#2586=VECTOR('',#2589,1.0);
#2587=DIRECTION('',(0.0761144249221523,-0.031526474921554117,0.9966005597518951));
#2588=DIRECTION('',(-0.9238844769476138,0.38267149522172944,0));
#2589=DIRECTION('',(0,0,-1));
#2590=FACE_SURFACE('',(#2595),#2591,.T.);
#2591=PLANE('',#2592);
#2592=AXIS2_PLACEMENT_3D('',#150,#2593,#2594);
#2593=DIRECTION('',(-0.13053031147840144,-0.9914443190544547,0));
#2594=DIRECTION('',(0,0,1));
#2595=FACE_BOUND('',#2596,.T.);
#2596=EDGE_LOOP('',(#2597,#2598,#2599));
#2597=ORIENTED_EDGE('',*,*,#2600,.T.);
#2598=ORIENTED_EDGE('',*,*,#2601,.T.);
#2599=ORIENTED_EDGE('',*,*,#2602,.T.);
#2600=EDGE_CURVE('',#151,#153,#2603,.F.);
#2601=EDGE_CURVE('',#153,#155,#2604,.T.);
#2602=EDGE_CURVE('',#155,#151,#2605,.T.);
#2603=LINE('',#150,#2606);
#2604=LINE('',#152,#2607);
#2605=LINE('',#154,#2608);
#2606=VECTOR('',#2609,1.0);
#2607=VECTOR('',#2610,1.0);
#2608=VECTOR('',#2611,1.0);
#2609=DIRECTION('',(0,0,1));
#2610=DIRECTION('',(-0.08168078748977678,0.010753824927868774,-0.9966005238833013));
#2611=DIRECTION('',(0.9914443190544547,-0.1305303114784014,0));
#2612=FACE_SURFACE('',(#2617),#2613,.T.);
#2613=PLANE('',#2614);
#2614=AXIS2_PLACEMENT_3D('',#154,#2615,#2616);
#2615=DIRECTION('',(-0.13053031147840144,-0.9914443190544547,0));
#2616=DIRECTION('',(0.08168078748977678,-0.010753824927868774,0.9966005238833013));
#2617=FACE_BOUND('',#2618,.T.);
#2618=EDGE_LOOP('',(#2619,#2620,#2621));
#2619=ORIENTED_EDGE('',*,*,#2622,.T.);
#2620=ORIENTED_EDGE('',*,*,#2623,.T.);
#2621=ORIENTED_EDGE('',*,*,#2624,.T.);
#2622=EDGE_CURVE('',#155,#153,#2625,.F.);
#2623=EDGE_CURVE('',#153,#157,#2626,.T.);
#2624=EDGE_CURVE('',#157,#155,#2627,.T.);
#2625=LINE('',#154,#2628);
#2626=LINE('',#152,#2629);
#2627=LINE('',#156,#2630);
#2628=VECTOR('',#2631,1.0);
#2629=VECTOR('',#2632,1.0);
#2630=VECTOR('',#2633,1.0);
#2631=DIRECTION('',(0.08168078748977678,-0.010753824927868774,0.9966005238833013));
#2632=DIRECTION('',(-0.9914443190544547,0.1305303114784014,0));
#2633=DIRECTION('',(0,0,-1));
#2634=FACE_SURFACE('',(#2639),#2635,.T.);
#2635=PLANE('',#2636);
#2636=AXIS2_PLACEMENT_3D('',#154,#2637,#2638);
#2637=DIRECTION('',(0.13053031147840144,-0.9914443190544547,0));
#2638=DIRECTION('',(0,0,1));
#2639=FACE_BOUND('',#2640,.T.);
#2640=EDGE_LOOP('',(#2641,#2642,#2643));
#2641=ORIENTED_EDGE('',*,*,#2644,.T.);
#2642=ORIENTED_EDGE('',*,*,#2645,.T.);
#2643=ORIENTED_EDGE('',*,*,#2646,.T.);
#2644=EDGE_CURVE('',#155,#157,#2647,.F.);
#2645=EDGE_CURVE('',#157,#159,#2648,.T.);
#2646=EDGE_CURVE('',#159,#155,#2649,.T.);
#2647=LINE('',#154,#2650);
#2648=LINE('',#156,#2651);
#2649=LINE('',#158,#2652);
#2650=VECTOR('',#2653,1.0);
#2651=VECTOR('',#2654,1.0);
#2652=VECTOR('',#2655,1.0);
#2653=DIRECTION('',(0,0,1));
#2654=DIRECTION('',(-0.08168078748977678,-0.010753824927868774,-0.9966005238833013));
#2655=DIRECTION('',(0.9914443190544547,0.1305303114784014,0));
#2656=FACE_SURFACE('',(#2661),#2657,.T.);
#2657=PLANE('',#2658);
#2658=AXIS2_PLACEMENT_3D('',#158,#2659,#2660);
#2659=DIRECTION('',(0.13053031147840144,-0.9914443190544547,0));
#2660=DIRECTION('',(0.08168078748977678,0.010753824927868774,0.9966005238833013));
#2661=FACE_BOUND('',#2662,.T.);
#2662=EDGE_LOOP('',(#2663,#2664,#2665));
#2663=ORIENTED_EDGE('',*,*,#2666,.T.);
#2664=ORIENTED_EDGE('',*,*,#2667,.T.);
#2665=ORIENTED_EDGE('',*,*,#2668,.T.);
#2666=EDGE_CURVE('',#159,#157,#2669,.F.);
#2667=EDGE_CURVE('',#157,#161,#2670,.T.);
#2668=EDGE_CURVE('',#161,#159,#2671,.T.);
#2669=LINE('',#158,#2672);
#2670=LINE('',#156,#2673);
#2671=LINE('',#160,#2674);
#2672=VECTOR('',#2675,1.0);
#2673=VECTOR('',#2676,1.0);
#2674=VECTOR('',#2677,1.0);
#2675=DIRECTION('',(0.08168078748977678,0.010753824927868774,0.9966005238833013));
#2676=DIRECTION('',(-0.9914443190544547,-0.1305303114784014,0));
#2677=DIRECTION('',(0,0,-1));
#2678=FACE_SURFACE('',(#2683),#2679,.T.);
#2679=PLANE('',#2680);
#2680=AXIS2_PLACEMENT_3D('',#158,#2681,#2682);
#2681=DIRECTION('',(0.3826728547738218,-0.9238839138221066,0));
#2682=DIRECTION('',(0,0,1));
#2683=FACE_BOUND('',#2684,.T.);
#2684=EDGE_LOOP('',(#2685,#2686,#2687));
#2685=ORIENTED_EDGE('',*,*,#2688,.T.);
#2686=ORIENTED_EDGE('',*,*,#2689,.T.);
#2687=ORIENTED_EDGE('',*,*,#2690,.T.);
#2688=EDGE_CURVE('',#159,#161,#2691,.F.);
#2689=EDGE_CURVE('',#161,#163,#2692,.T.);
#2690=EDGE_CURVE('',#163,#159,#2693,.T.);
#2691=LINE('',#158,#2694);
#2692=LINE('',#160,#2695);
#2693=LINE('',#162,#2696);
#2694=VECTOR('',#2697,1.0);
#2695=VECTOR('',#2698,1.0);
#2696=VECTOR('',#2699,1.0);
#2697=DIRECTION('',(0,0,1));
#2698=DIRECTION('',(-0.07611410994676847,-0.0315264756817779,-0.996600583783743));
#2699=DIRECTION('',(0.9238839138221064,0.3826728547738218,0));
#2700=FACE_SURFACE('',(#2705),#2701,.T.);
#2701=PLANE('',#2702);
#2702=AXIS2_PLACEMENT_3D('',#162,#2703,#2704);
#2703=DIRECTION('',(0.3826728547738218,-0.9238839138221066,0));
#2704=DIRECTION('',(0.07611410994676847,0.0315264756817779,0.996600583783743));
#2705=FACE_BOUND('',#2706,.T.);
#2706=EDGE_LOOP('',(#2707,#2708,#2709));
#2707=ORIENTED_EDGE('',*,*,#2710,.T.);
#2708=ORIENTED_EDGE('',*,*,#2711,.T.);
#2709=ORIENTED_EDGE('',*,*,#2712,.T.);
#2710=EDGE_CURVE('',#163,#161,#2713,.F.);
#2711=EDGE_CURVE('',#161,#165,#2714,.T.);
#2712=EDGE_CURVE('',#165,#163,#2715,.T.);
#2713=LINE('',#162,#2716);
#2714=LINE('',#160,#2717);
#2715=LINE('',#164,#2718);
#2716=VECTOR('',#2719,1.0);
#2717=VECTOR('',#2720,1.0);
#2718=VECTOR('',#2721,1.0);
#2719=DIRECTION('',(0.07611410994676847,0.0315264756817779,0.996600583783743));
#2720=DIRECTION('',(-0.9238839138221064,-0.3826728547738218,0));
#2721=DIRECTION('',(0,0,-1));
#2722=FACE_SURFACE('',(#2727),#2723,.T.);
#2723=PLANE('',#2724);
#2724=AXIS2_PLACEMENT_3D('',#162,#2725,#2726);
#2725=DIRECTION('',(0.6087554662228866,-0.7933579156621279,0));
#2726=DIRECTION('',(0,0,1));
#2727=FACE_BOUND('',#2728,.T.);
#2728=EDGE_LOOP('',(#2729,#2730,#2731));
#2729=ORIENTED_EDGE('',*,*,#2732,.T.);
#2730=ORIENTED_EDGE('',*,*,#2733,.T.);
#2731=ORIENTED_EDGE('',*,*,#2734,.T.);
#2732=EDGE_CURVE('',#163,#165,#2735,.F.);
#2733=EDGE_CURVE('',#165,#167,#2736,.T.);
#2734=EDGE_CURVE('',#167,#163,#2737,.T.);
#2735=LINE('',#162,#2738);
#2736=LINE('',#164,#2739);
#2737=LINE('',#166,#2740);
#2738=VECTOR('',#2741,1.0);
#2739=VECTOR('',#2742,1.0);
#2740=VECTOR('',#2743,1.0);
#2741=DIRECTION('',(0,0,1));
#2742=DIRECTION('',(-0.06536091675178327,-0.050152414899370834,-0.9966005648408632));
#2743=DIRECTION('',(0.7933579156621279,0.6087554662228865,0));
#2744=FACE_SURFACE('',(#2749),#2745,.T.);
#2745=PLANE('',#2746);
#2746=AXIS2_PLACEMENT_3D('',#166,#2747,#2748);
#2747=DIRECTION('',(0.6087554662228866,-0.7933579156621279,0));
#2748=DIRECTION('',(0.06536091675178327,0.050152414899370834,0.9966005648408632));
#2749=FACE_BOUND('',#2750,.T.);
#2750=EDGE_LOOP('',(#2751,#2752,#2753));
#2751=ORIENTED_EDGE('',*,*,#2754,.T.);
#2752=ORIENTED_EDGE('',*,*,#2755,.T.);
#2753=ORIENTED_EDGE('',*,*,#2756,.T.);
#2754=EDGE_CURVE('',#167,#165,#2757,.F.);
#2755=EDGE_CURVE('',#165,#169,#2758,.T.);
#2756=EDGE_CURVE('',#169,#167,#2759,.T.);
#2757=LINE('',#166,#2760);
#2758=LINE('',#164,#2761);
#2759=LINE('',#168,#2762);
#2760=VECTOR('',#2763,1.0);
#2761=VECTOR('',#2764,1.0);
#2762=VECTOR('',#2765,1.0);
#2763=DIRECTION('',(0.06536091675178327,0.050152414899370834,0.9966005648408632));
#2764=DIRECTION('',(-0.7933579156621279,-0.6087554662228865,0));
#2765=DIRECTION('',(0,0,-1));
#2766=FACE_SURFACE('',(#2771),#2767,.T.);
#2767=PLANE('',#2768);
#2768=AXIS2_PLACEMENT_3D('',#166,#2769,#2770);
#2769=DIRECTION('',(0.7933566192408483,-0.6087571557745598,0));
#2770=DIRECTION('',(0,0,1));
#2771=FACE_BOUND('',#2772,.T.);
#2772=EDGE_LOOP('',(#2773,#2774,#2775));
#2773=ORIENTED_EDGE('',*,*,#2776,.T.);
#2774=ORIENTED_EDGE('',*,*,#2777,.T.);
#2775=ORIENTED_EDGE('',*,*,#2778,.T.);
#2776=EDGE_CURVE('',#167,#169,#2779,.F.);
#2777=EDGE_CURVE('',#169,#171,#2780,.T.);
#2778=EDGE_CURVE('',#171,#167,#2781,.T.);
#2779=LINE('',#166,#2782);
#2780=LINE('',#168,#2783);
#2781=LINE('',#170,#2784);
#2782=VECTOR('',#2785,1.0);
#2783=VECTOR('',#2786,1.0);
#2784=VECTOR('',#2787,1.0);
#2785=DIRECTION('',(0,0,1));
#2786=DIRECTION('',(-0.050153359825470804,-0.06536186000816471,-0.9966004554255883));
#2787=DIRECTION('',(0.6087571557745598,0.7933566192408483,0));
#2788=FACE_SURFACE('',(#2793),#2789,.T.);
#2789=PLANE('',#2790);
#2790=AXIS2_PLACEMENT_3D('',#170,#2791,#2792);
#2791=DIRECTION('',(0.7933566192408483,-0.6087571557745598,0));
#2792=DIRECTION('',(0.050153359825470804,0.06536186000816471,0.9966004554255883));
#2793=FACE_BOUND('',#2794,.T.);
#2794=EDGE_LOOP('',(#2795,#2796,#2797));
#2795=ORIENTED_EDGE('',*,*,#2798,.T.);
#2796=ORIENTED_EDGE('',*,*,#2799,.T.);
#2797=ORIENTED_EDGE('',*,*,#2800,.T.);
#2798=EDGE_CURVE('',#171,#169,#2801,.F.);
#2799=EDGE_CURVE('',#169,#173,#2802,.T.);
#2800=EDGE_CURVE('',#173,#171,#2803,.T.);
#2801=LINE('',#170,#2804);
#2802=LINE('',#168,#2805);
#2803=LINE('',#172,#2806);
#2804=VECTOR('',#2807,1.0);
#2805=VECTOR('',#2808,1.0);
#2806=VECTOR('',#2809,1.0);
#2807=DIRECTION('',(0.050153359825470804,0.06536186000816471,0.9966004554255883));
#2808=DIRECTION('',(-0.6087571557745598,-0.7933566192408483,0));
#2809=DIRECTION('',(0,0,-1));
#2810=FACE_SURFACE('',(#2815),#2811,.T.);
#2811=PLANE('',#2812);
#2812=AXIS2_PLACEMENT_3D('',#170,#2813,#2814);
#2813=DIRECTION('',(0.9238781456260902,-0.38268678058498035,0));
#2814=DIRECTION('',(0,0,1));
#2815=FACE_BOUND('',#2816,.T.);
#2816=EDGE_LOOP('',(#2817,#2818,#2819));
#2817=ORIENTED_EDGE('',*,*,#2820,.T.);
#2818=ORIENTED_EDGE('',*,*,#2821,.T.);
#2819=ORIENTED_EDGE('',*,*,#2822,.T.);
#2820=EDGE_CURVE('',#171,#173,#2823,.F.);
#2821=EDGE_CURVE('',#173,#175,#2824,.T.);
#2822=EDGE_CURVE('',#175,#171,#2825,.T.);
#2823=LINE('',#170,#2826);
#2824=LINE('',#172,#2827);
#2825=LINE('',#174,#2828);
#2826=VECTOR('',#2829,1.0);
#2827=VECTOR('',#2830,1.0);
#2828=VECTOR('',#2831,1.0);
#2829=DIRECTION('',(0,0,1));
#2830=DIRECTION('',(-0.03152742745018447,-0.07611316273980724,-0.9966006260163179));
#2831=DIRECTION('',(0.38268678058498035,0.9238781456260902,0));
#2832=FACE_SURFACE('',(#2837),#2833,.T.);
#2833=PLANE('',#2834);
#2834=AXIS2_PLACEMENT_3D('',#174,#2835,#2836);
#2835=DIRECTION('',(0.9238781456260902,-0.38268678058498035,0));
#2836=DIRECTION('',(0.03152742745018447,0.07611316273980724,0.9966006260163179));
#2837=FACE_BOUND('',#2838,.T.);
#2838=EDGE_LOOP('',(#2839,#2840,#2841));
#2839=ORIENTED_EDGE('',*,*,#2842,.T.);
#2840=ORIENTED_EDGE('',*,*,#2843,.T.);
#2841=ORIENTED_EDGE('',*,*,#2844,.T.);
#2842=EDGE_CURVE('',#175,#173,#2845,.F.);
#2843=EDGE_CURVE('',#173,#177,#2846,.T.);
#2844=EDGE_CURVE('',#177,#175,#2847,.T.);
#2845=LINE('',#174,#2848);
#2846=LINE('',#172,#2849);
#2847=LINE('',#176,#2850);
#2848=VECTOR('',#2851,1.0);
#2849=VECTOR('',#2852,1.0);
#2850=VECTOR('',#2853,1.0);
#2851=DIRECTION('',(0.03152742745018447,0.07611316273980724,0.9966006260163179));
#2852=DIRECTION('',(-0.38268678058498035,-0.9238781456260902,0));
#2853=DIRECTION('',(0,0,-1));
#2854=FACE_SURFACE('',(#2859),#2855,.T.);
#2855=PLANE('',#2856);
#2856=AXIS2_PLACEMENT_3D('',#174,#2857,#2858);
#2857=DIRECTION('',(0.9914449477322775,-0.13052553626069216,0));
#2858=DIRECTION('',(0,0,1));
#2859=FACE_BOUND('',#2860,.T.);
#2860=EDGE_LOOP('',(#2861,#2862,#2863));
#2861=ORIENTED_EDGE('',*,*,#2864,.T.);
#2862=ORIENTED_EDGE('',*,*,#2865,.T.);
#2863=ORIENTED_EDGE('',*,*,#2866,.T.);
#2864=EDGE_CURVE('',#175,#177,#2867,.F.);
#2865=EDGE_CURVE('',#177,#179,#2868,.T.);
#2866=EDGE_CURVE('',#179,#175,#2869,.T.);
#2867=LINE('',#174,#2870);
#2868=LINE('',#176,#2871);
#2869=LINE('',#178,#2872);
#2870=VECTOR('',#2873,1.0);
#2871=VECTOR('',#2874,1.0);
#2872=VECTOR('',#2875,1.0);
#2873=DIRECTION('',(0,0,1));
#2874=DIRECTION('',(-0.010753507597183427,-0.08168141716219013,-0.9966004756996325));
#2875=DIRECTION('',(0.13052553626069216,0.9914449477322775,0));
#2876=FACE_SURFACE('',(#2881),#2877,.T.);
#2877=PLANE('',#2878);
#2878=AXIS2_PLACEMENT_3D('',#178,#2879,#2880);
#2879=DIRECTION('',(0.9914449477322775,-0.13052553626069216,0));
#2880=DIRECTION('',(0.010753507597183427,0.08168141716219013,0.9966004756996325));
#2881=FACE_BOUND('',#2882,.T.);
#2882=EDGE_LOOP('',(#2883,#2884,#2885));
#2883=ORIENTED_EDGE('',*,*,#2886,.T.);
#2884=ORIENTED_EDGE('',*,*,#2887,.T.);
#2885=ORIENTED_EDGE('',*,*,#2888,.T.);
#2886=EDGE_CURVE('',#179,#177,#2889,.F.);
#2887=EDGE_CURVE('',#177,#181,#2890,.T.);
#2888=EDGE_CURVE('',#181,#179,#2891,.T.);
#2889=LINE('',#178,#2892);
#2890=LINE('',#176,#2893);
#2891=LINE('',#180,#2894);
#2892=VECTOR('',#2895,1.0);
#2893=VECTOR('',#2896,1.0);
#2894=VECTOR('',#2897,1.0);
#2895=DIRECTION('',(0.010753507597183427,0.08168141716219013,0.9966004756996325));
#2896=DIRECTION('',(-0.13052553626069216,-0.9914449477322775,0));
#2897=DIRECTION('',(0,0,-1));
#2898=FACE_SURFACE('',(#2903),#2899,.T.);
#2899=PLANE('',#2900);
#2900=AXIS2_PLACEMENT_3D('',#178,#2901,#2902);
#2901=DIRECTION('',(0.9914449477322775,0.13052553626069216,-0));
#2902=DIRECTION('',(0,0,1));
#2903=FACE_BOUND('',#2904,.T.);
#2904=EDGE_LOOP('',(#2905,#2906,#2907));
#2905=ORIENTED_EDGE('',*,*,#2908,.T.);
#2906=ORIENTED_EDGE('',*,*,#2909,.T.);
#2907=ORIENTED_EDGE('',*,*,#2910,.T.);
#2908=EDGE_CURVE('',#179,#181,#2911,.F.);
#2909=EDGE_CURVE('',#181,#183,#2912,.T.);
#2910=EDGE_CURVE('',#183,#179,#2913,.T.);
#2911=LINE('',#178,#2914);
#2912=LINE('',#180,#2915);
#2913=LINE('',#182,#2916);
#2914=VECTOR('',#2917,1.0);
#2915=VECTOR('',#2918,1.0);
#2916=VECTOR('',#2919,1.0);
#2917=DIRECTION('',(0,0,1));
#2918=DIRECTION('',(0.010753507597183427,-0.08168141716219013,-0.9966004756996325));
#2919=DIRECTION('',(-0.13052553626069216,0.9914449477322775,0));
#2920=FACE_SURFACE('',(#2925),#2921,.T.);
#2921=PLANE('',#2922);
#2922=AXIS2_PLACEMENT_3D('',#182,#2923,#2924);
#2923=DIRECTION('',(0.9914449477322775,0.13052553626069216,-0));
#2924=DIRECTION('',(-0.010753507597183427,0.08168141716219013,0.9966004756996325));
#2925=FACE_BOUND('',#2926,.T.);
#2926=EDGE_LOOP('',(#2927,#2928,#2929));
#2927=ORIENTED_EDGE('',*,*,#2930,.T.);
#2928=ORIENTED_EDGE('',*,*,#2931,.T.);
#2929=ORIENTED_EDGE('',*,*,#2932,.T.);
#2930=EDGE_CURVE('',#183,#181,#2933,.F.);
#2931=EDGE_CURVE('',#181,#185,#2934,.T.);
#2932=EDGE_CURVE('',#185,#183,#2935,.T.);
#2933=LINE('',#182,#2936);
#2934=LINE('',#180,#2937);
#2935=LINE('',#184,#2938);
#2936=VECTOR('',#2939,1.0);
#2937=VECTOR('',#2940,1.0);
#2938=VECTOR('',#2941,1.0);
#2939=DIRECTION('',(-0.010753507597183427,0.08168141716219013,0.9966004756996325));
#2940=DIRECTION('',(0.13052553626069216,-0.9914449477322775,0));
#2941=DIRECTION('',(0,0,-1));
#2942=FACE_SURFACE('',(#2947),#2943,.T.);
#2943=PLANE('',#2944);
#2944=AXIS2_PLACEMENT_3D('',#182,#2945,#2946);
#2945=DIRECTION('',(0.9238781456260902,0.38268678058498035,-0));
#2946=DIRECTION('',(0,0,1));
#2947=FACE_BOUND('',#2948,.T.);
#2948=EDGE_LOOP('',(#2949,#2950,#2951));
#2949=ORIENTED_EDGE('',*,*,#2952,.T.);
#2950=ORIENTED_EDGE('',*,*,#2953,.T.);
#2951=ORIENTED_EDGE('',*,*,#2954,.T.);
#2952=EDGE_CURVE('',#183,#185,#2955,.F.);
#2953=EDGE_CURVE('',#185,#187,#2956,.T.);
#2954=EDGE_CURVE('',#187,#183,#2957,.T.);
#2955=LINE('',#182,#2958);
#2956=LINE('',#184,#2959);
#2957=LINE('',#186,#2960);
#2958=VECTOR('',#2961,1.0);
#2959=VECTOR('',#2962,1.0);
#2960=VECTOR('',#2963,1.0);
#2961=DIRECTION('',(0,0,1));
#2962=DIRECTION('',(0.03152742745018447,-0.07611316273980724,-0.9966006260163179));
#2963=DIRECTION('',(-0.38268678058498035,0.9238781456260902,0));
#2964=FACE_SURFACE('',(#2969),#2965,.T.);
#2965=PLANE('',#2966);
#2966=AXIS2_PLACEMENT_3D('',#186,#2967,#2968);
#2967=DIRECTION('',(0.9238781456260902,0.38268678058498035,-0));
#2968=DIRECTION('',(-0.03152742745018447,0.07611316273980724,0.9966006260163179));
#2969=FACE_BOUND('',#2970,.T.);
#2970=EDGE_LOOP('',(#2971,#2972,#2973));
#2971=ORIENTED_EDGE('',*,*,#2974,.T.);
#2972=ORIENTED_EDGE('',*,*,#2975,.T.);
#2973=ORIENTED_EDGE('',*,*,#2976,.T.);
#2974=EDGE_CURVE('',#187,#185,#2977,.F.);
#2975=EDGE_CURVE('',#185,#189,#2978,.T.);
#2976=EDGE_CURVE('',#189,#187,#2979,.T.);
#2977=LINE('',#186,#2980);
#2978=LINE('',#184,#2981);
#2979=LINE('',#188,#2982);
#2980=VECTOR('',#2983,1.0);
#2981=VECTOR('',#2984,1.0);
#2982=VECTOR('',#2985,1.0);
#2983=DIRECTION('',(-0.03152742745018447,0.07611316273980724,0.9966006260163179));
#2984=DIRECTION('',(0.38268678058498035,-0.9238781456260902,0));
#2985=DIRECTION('',(0,0,-1));
#2986=FACE_SURFACE('',(#2991),#2987,.T.);
#2987=PLANE('',#2988);
#2988=AXIS2_PLACEMENT_3D('',#186,#2989,#2990);
#2989=DIRECTION('',(0.7933566192408483,0.6087571557745598,-0));
#2990=DIRECTION('',(0,0,1));
#2991=FACE_BOUND('',#2992,.T.);
#2992=EDGE_LOOP('',(#2993,#2994,#2995));
#2993=ORIENTED_EDGE('',*,*,#2996,.T.);
#2994=ORIENTED_EDGE('',*,*,#2997,.T.);
#2995=ORIENTED_EDGE('',*,*,#2998,.T.);
#2996=EDGE_CURVE('',#187,#189,#2999,.F.);
#2997=EDGE_CURVE('',#189,#191,#3000,.T.);
#2998=EDGE_CURVE('',#191,#187,#3001,.T.);
#2999=LINE('',#186,#3002);
#3000=LINE('',#188,#3003);
#3001=LINE('',#190,#3004);
#3002=VECTOR('',#3005,1.0);
#3003=VECTOR('',#3006,1.0);
#3004=VECTOR('',#3007,1.0);
#3005=DIRECTION('',(0,0,1));
#3006=DIRECTION('',(0.050153359825470804,-0.06536186000816471,-0.9966004554255883));
#3007=DIRECTION('',(-0.6087571557745598,0.7933566192408483,0));
#3008=FACE_SURFACE('',(#3013),#3009,.T.);
#3009=PLANE('',#3010);
#3010=AXIS2_PLACEMENT_3D('',#190,#3011,#3012);
#3011=DIRECTION('',(0.7933566192408483,0.6087571557745598,-0));
#3012=DIRECTION('',(-0.050153359825470804,0.06536186000816471,0.9966004554255883));
#3013=FACE_BOUND('',#3014,.T.);
#3014=EDGE_LOOP('',(#3015,#3016,#3017));
#3015=ORIENTED_EDGE('',*,*,#3018,.T.);
#3016=ORIENTED_EDGE('',*,*,#3019,.T.);
#3017=ORIENTED_EDGE('',*,*,#3020,.T.);
#3018=EDGE_CURVE('',#191,#189,#3021,.F.);
#3019=EDGE_CURVE('',#189,#193,#3022,.T.);
#3020=EDGE_CURVE('',#193,#191,#3023,.T.);
#3021=LINE('',#190,#3024);
#3022=LINE('',#188,#3025);
#3023=LINE('',#192,#3026);
#3024=VECTOR('',#3027,1.0);
#3025=VECTOR('',#3028,1.0);
#3026=VECTOR('',#3029,1.0);
#3027=DIRECTION('',(-0.050153359825470804,0.06536186000816471,0.9966004554255883));
#3028=DIRECTION('',(0.6087571557745598,-0.7933566192408483,0));
#3029=DIRECTION('',(0,0,-1));
#3030=FACE_SURFACE('',(#3035),#3031,.T.);
#3031=PLANE('',#3032);
#3032=AXIS2_PLACEMENT_3D('',#190,#3033,#3034);
#3033=DIRECTION('',(0.6087554662228866,0.7933579156621279,-0));
#3034=DIRECTION('',(0,0,1));
#3035=FACE_BOUND('',#3036,.T.);
#3036=EDGE_LOOP('',(#3037,#3038,#3039));
#3037=ORIENTED_EDGE('',*,*,#3040,.T.);
#3038=ORIENTED_EDGE('',*,*,#3041,.T.);
#3039=ORIENTED_EDGE('',*,*,#3042,.T.);
#3040=EDGE_CURVE('',#191,#193,#3043,.F.);
#3041=EDGE_CURVE('',#193,#195,#3044,.T.);
#3042=EDGE_CURVE('',#195,#191,#3045,.T.);
#3043=LINE('',#190,#3046);
#3044=LINE('',#192,#3047);
#3045=LINE('',#194,#3048);
#3046=VECTOR('',#3049,1.0);
#3047=VECTOR('',#3050,1.0);
#3048=VECTOR('',#3051,1.0);
#3049=DIRECTION('',(0,0,1));
#3050=DIRECTION('',(0.06536091675178327,-0.050152414899370834,-0.9966005648408632));
#3051=DIRECTION('',(-0.7933579156621279,0.6087554662228865,0));
#3052=FACE_SURFACE('',(#3057),#3053,.T.);
#3053=PLANE('',#3054);
#3054=AXIS2_PLACEMENT_3D('',#194,#3055,#3056);
#3055=DIRECTION('',(0.6087554662228866,0.7933579156621279,-0));
#3056=DIRECTION('',(-0.06536091675178327,0.050152414899370834,0.9966005648408632));
#3057=FACE_BOUND('',#3058,.T.);
#3058=EDGE_LOOP('',(#3059,#3060,#3061));
#3059=ORIENTED_EDGE('',*,*,#3062,.T.);
#3060=ORIENTED_EDGE('',*,*,#3063,.T.);
#3061=ORIENTED_EDGE('',*,*,#3064,.T.);
#3062=EDGE_CURVE('',#195,#193,#3065,.F.);
#3063=EDGE_CURVE('',#193,#197,#3066,.T.);
#3064=EDGE_CURVE('',#197,#195,#3067,.T.);
#3065=LINE('',#194,#3068);
#3066=LINE('',#192,#3069);
#3067=LINE('',#196,#3070);
#3068=VECTOR('',#3071,1.0);
#3069=VECTOR('',#3072,1.0);
#3070=VECTOR('',#3073,1.0);
#3071=DIRECTION('',(-0.06536091675178327,0.050152414899370834,0.9966005648408632));
#3072=DIRECTION('',(0.7933579156621279,-0.6087554662228865,0));
#3073=DIRECTION('',(0,0,-1));
#3074=FACE_SURFACE('',(#3079),#3075,.T.);
#3075=PLANE('',#3076);
#3076=AXIS2_PLACEMENT_3D('',#194,#3077,#3078);
#3077=DIRECTION('',(0.38269911323854067,0.923873037124926,-0));
#3078=DIRECTION('',(0,0,1));
#3079=FACE_BOUND('',#3080,.T.);
#3080=EDGE_LOOP('',(#3081,#3082,#3083));
#3081=ORIENTED_EDGE('',*,*,#3084,.T.);
#3082=ORIENTED_EDGE('',*,*,#3085,.T.);
#3083=ORIENTED_EDGE('',*,*,#3086,.T.);
#3084=EDGE_CURVE('',#195,#197,#3087,.F.);
#3085=EDGE_CURVE('',#197,#199,#3088,.T.);
#3086=EDGE_CURVE('',#199,#195,#3089,.T.);
#3087=LINE('',#194,#3090);
#3088=LINE('',#196,#3091);
#3089=LINE('',#198,#3092);
#3090=VECTOR('',#3093,1.0);
#3091=VECTOR('',#3094,1.0);
#3092=VECTOR('',#3095,1.0);
#3093=DIRECTION('',(0,0,1));
#3094=DIRECTION('',(0.07611410386474686,-0.031529007648749045,-0.9966005041487545));
#3095=DIRECTION('',(-0.9238730371249259,0.3826991132385406,0));
#3096=FACE_SURFACE('',(#3101),#3097,.T.);
#3097=PLANE('',#3098);
#3098=AXIS2_PLACEMENT_3D('',#198,#3099,#3100);
#3099=DIRECTION('',(0.38269911323854067,0.923873037124926,-0));
#3100=DIRECTION('',(-0.07611410386474686,0.031529007648749045,0.9966005041487545));
#3101=FACE_BOUND('',#3102,.T.);
#3102=EDGE_LOOP('',(#3103,#3104,#3105));
#3103=ORIENTED_EDGE('',*,*,#3106,.T.);
#3104=ORIENTED_EDGE('',*,*,#3107,.T.);
#3105=ORIENTED_EDGE('',*,*,#3108,.T.);
#3106=EDGE_CURVE('',#199,#197,#3109,.F.);
#3107=EDGE_CURVE('',#197,#201,#3110,.T.);
#3108=EDGE_CURVE('',#201,#199,#3111,.T.);
#3109=LINE('',#198,#3112);
#3110=LINE('',#196,#3113);
#3111=LINE('',#200,#3114);
#3112=VECTOR('',#3115,1.0);
#3113=VECTOR('',#3116,1.0);
#3114=VECTOR('',#3117,1.0);
#3115=DIRECTION('',(-0.07611410386474686,0.031529007648749045,0.9966005041487545));
#3116=DIRECTION('',(0.9238730371249259,-0.3826991132385406,0));
#3117=DIRECTION('',(0,0,-1));
#3118=FACE_SURFACE('',(#3123),#3119,.T.);
#3119=PLANE('',#3120);
#3120=AXIS2_PLACEMENT_3D('',#198,#3121,#3122);
#3121=DIRECTION('',(0.13053031147840144,0.9914443190544547,-0));
#3122=DIRECTION('',(0,0,1));
#3123=FACE_BOUND('',#3124,.T.);
#3124=EDGE_LOOP('',(#3125,#3126,#3127));
#3125=ORIENTED_EDGE('',*,*,#3128,.T.);
#3126=ORIENTED_EDGE('',*,*,#3129,.T.);
#3127=ORIENTED_EDGE('',*,*,#3130,.T.);
#3128=EDGE_CURVE('',#199,#201,#3131,.F.);
#3129=EDGE_CURVE('',#201,#203,#3132,.T.);
#3130=EDGE_CURVE('',#203,#199,#3133,.T.);
#3131=LINE('',#198,#3134);
#3132=LINE('',#200,#3135);
#3133=LINE('',#202,#3136);
#3134=VECTOR('',#3137,1.0);
#3135=VECTOR('',#3138,1.0);
#3136=VECTOR('',#3139,1.0);
#3137=DIRECTION('',(0,0,1));
#3138=DIRECTION('',(0.08168078748977678,-0.010753824927868774,-0.9966005238833013));
#3139=DIRECTION('',(-0.9914443190544547,0.1305303114784014,0));
#3140=FACE_SURFACE('',(#3145),#3141,.T.);
#3141=PLANE('',#3142);
#3142=AXIS2_PLACEMENT_3D('',#202,#3143,#3144);
#3143=DIRECTION('',(0.13053031147840144,0.9914443190544547,-0));
#3144=DIRECTION('',(-0.08168078748977678,0.010753824927868774,0.9966005238833013));
#3145=FACE_BOUND('',#3146,.T.);
#3146=EDGE_LOOP('',(#3147,#3148,#3149));
#3147=ORIENTED_EDGE('',*,*,#3150,.T.);
#3148=ORIENTED_EDGE('',*,*,#3151,.T.);
#3149=ORIENTED_EDGE('',*,*,#3152,.T.);
#3150=EDGE_CURVE('',#203,#201,#3153,.F.);
#3151=EDGE_CURVE('',#201,#205,#3154,.T.);
#3152=EDGE_CURVE('',#205,#203,#3155,.T.);
#3153=LINE('',#202,#3156);
#3154=LINE('',#200,#3157);
#3155=LINE('',#204,#3158);
#3156=VECTOR('',#3159,1.0);
#3157=VECTOR('',#3160,1.0);
#3158=VECTOR('',#3161,1.0);
#3159=DIRECTION('',(-0.08168078748977678,0.010753824927868774,0.9966005238833013));
#3160=DIRECTION('',(0.9914443190544547,-0.1305303114784014,0));
#3161=DIRECTION('',(0,0,-1));
#3162=FACE_SURFACE('',(#3167),#3163,.T.);
#3163=PLANE('',#3164);
#3164=AXIS2_PLACEMENT_3D('',#202,#3165,#3166);
#3165=DIRECTION('',(-0.13053031147840144,0.9914443190544547,0));
#3166=DIRECTION('',(0,0,1));
#3167=FACE_BOUND('',#3168,.T.);
#3168=EDGE_LOOP('',(#3169,#3170,#3171));
#3169=ORIENTED_EDGE('',*,*,#3172,.T.);
#3170=ORIENTED_EDGE('',*,*,#3173,.T.);
#3171=ORIENTED_EDGE('',*,*,#3174,.T.);
#3172=EDGE_CURVE('',#203,#205,#3175,.F.);
#3173=EDGE_CURVE('',#205,#207,#3176,.T.);
#3174=EDGE_CURVE('',#207,#203,#3177,.T.);
#3175=LINE('',#202,#3178);
#3176=LINE('',#204,#3179);
#3177=LINE('',#206,#3180);
#3178=VECTOR('',#3181,1.0);
#3179=VECTOR('',#3182,1.0);
#3180=VECTOR('',#3183,1.0);
#3181=DIRECTION('',(0,0,1));
#3182=DIRECTION('',(0.08168078748977678,0.010753824927868774,-0.9966005238833013));
#3183=DIRECTION('',(-0.9914443190544547,-0.1305303114784014,0));
#3184=FACE_SURFACE('',(#3189),#3185,.T.);
#3185=PLANE('',#3186);
#3186=AXIS2_PLACEMENT_3D('',#206,#3187,#3188);
#3187=DIRECTION('',(-0.13053031147840144,0.9914443190544547,0));
#3188=DIRECTION('',(-0.08168078748977678,-0.010753824927868774,0.9966005238833013));
#3189=FACE_BOUND('',#3190,.T.);
#3190=EDGE_LOOP('',(#3191,#3192,#3193));
#3191=ORIENTED_EDGE('',*,*,#3194,.T.);
#3192=ORIENTED_EDGE('',*,*,#3195,.T.);
#3193=ORIENTED_EDGE('',*,*,#3196,.T.);
#3194=EDGE_CURVE('',#207,#205,#3197,.F.);
#3195=EDGE_CURVE('',#205,#209,#3198,.T.);
#3196=EDGE_CURVE('',#209,#207,#3199,.T.);
#3197=LINE('',#206,#3200);
#3198=LINE('',#204,#3201);
#3199=LINE('',#208,#3202);
#3200=VECTOR('',#3203,1.0);
#3201=VECTOR('',#3204,1.0);
#3202=VECTOR('',#3205,1.0);
#3203=DIRECTION('',(-0.08168078748977678,-0.010753824927868774,0.9966005238833013));
#3204=DIRECTION('',(0.9914443190544547,0.1305303114784014,0));
#3205=DIRECTION('',(0,0,-1));
#3206=FACE_SURFACE('',(#3211),#3207,.T.);
#3207=PLANE('',#3208);
#3208=AXIS2_PLACEMENT_3D('',#206,#3209,#3210);
#3209=DIRECTION('',(-0.38269775362517106,0.9238736003210871,0));
#3210=DIRECTION('',(0,0,1));
#3211=FACE_BOUND('',#3212,.T.);
#3212=EDGE_LOOP('',(#3213,#3214,#3215));
#3213=ORIENTED_EDGE('',*,*,#3216,.T.);
#3214=ORIENTED_EDGE('',*,*,#3217,.T.);
#3215=ORIENTED_EDGE('',*,*,#3218,.T.);
#3216=EDGE_CURVE('',#207,#209,#3219,.F.);
#3217=EDGE_CURVE('',#209,#211,#3220,.T.);
#3218=EDGE_CURVE('',#211,#207,#3221,.T.);
#3219=LINE('',#206,#3222);
#3220=LINE('',#208,#3223);
#3221=LINE('',#210,#3224);
#3222=VECTOR('',#3225,1.0);
#3223=VECTOR('',#3226,1.0);
#3224=VECTOR('',#3227,1.0);
#3225=DIRECTION('',(0,0,1));
#3226=DIRECTION('',(0.07611441884010582,0.03152900688846433,-0.9966004801169124));
#3227=DIRECTION('',(-0.9238736003210871,-0.38269775362517106,0));
#3228=FACE_SURFACE('',(#3233),#3229,.T.);
#3229=PLANE('',#3230);
#3230=AXIS2_PLACEMENT_3D('',#210,#3231,#3232);
#3231=DIRECTION('',(-0.38269775362517106,0.9238736003210871,0));
#3232=DIRECTION('',(-0.07611441884010582,-0.03152900688846433,0.9966004801169124));
#3233=FACE_BOUND('',#3234,.T.);
#3234=EDGE_LOOP('',(#3235,#3236,#3237));
#3235=ORIENTED_EDGE('',*,*,#3238,.T.);
#3236=ORIENTED_EDGE('',*,*,#3239,.T.);
#3237=ORIENTED_EDGE('',*,*,#3240,.T.);
#3238=EDGE_CURVE('',#211,#209,#3241,.F.);
#3239=EDGE_CURVE('',#209,#213,#3242,.T.);
#3240=EDGE_CURVE('',#213,#211,#3243,.T.);
#3241=LINE('',#210,#3244);
#3242=LINE('',#208,#3245);
#3243=LINE('',#212,#3246);
#3244=VECTOR('',#3247,1.0);
#3245=VECTOR('',#3248,1.0);
#3246=VECTOR('',#3249,1.0);
#3247=DIRECTION('',(-0.07611441884010582,-0.03152900688846433,0.9966004801169124));
#3248=DIRECTION('',(0.9238736003210871,0.38269775362517106,0));
#3249=DIRECTION('',(0,0,-1));
#3250=FACE_SURFACE('',(#3255),#3251,.T.);
#3251=PLANE('',#3252);
#3252=AXIS2_PLACEMENT_3D('',#210,#3253,#3254);
#3253=DIRECTION('',(-0.6087554662228866,0.7933579156621279,0));
#3254=DIRECTION('',(0,0,1));
#3255=FACE_BOUND('',#3256,.T.);
#3256=EDGE_LOOP('',(#3257,#3258,#3259));
#3257=ORIENTED_EDGE('',*,*,#3260,.T.);
#3258=ORIENTED_EDGE('',*,*,#3261,.T.);
#3259=ORIENTED_EDGE('',*,*,#3262,.T.);
#3260=EDGE_CURVE('',#211,#213,#3263,.F.);
#3261=EDGE_CURVE('',#213,#215,#3264,.T.);
#3262=EDGE_CURVE('',#215,#211,#3265,.T.);
#3263=LINE('',#210,#3266);
#3264=LINE('',#212,#3267);
#3265=LINE('',#214,#3268);
#3266=VECTOR('',#3269,1.0);
#3267=VECTOR('',#3270,1.0);
#3268=VECTOR('',#3271,1.0);
#3269=DIRECTION('',(0,0,1));
#3270=DIRECTION('',(0.06536091675178327,0.050152414899370834,-0.9966005648408632));
#3271=DIRECTION('',(-0.7933579156621279,-0.6087554662228865,0));
#3272=FACE_SURFACE('',(#3277),#3273,.T.);
#3273=PLANE('',#3274);
#3274=AXIS2_PLACEMENT_3D('',#214,#3275,#3276);
#3275=DIRECTION('',(-0.6087554662228866,0.7933579156621279,0));
#3276=DIRECTION('',(-0.06536091675178327,-0.050152414899370834,0.9966005648408632));
#3277=FACE_BOUND('',#3278,.T.);
#3278=EDGE_LOOP('',(#3279,#3280,#3281));
#3279=ORIENTED_EDGE('',*,*,#3282,.T.);
#3280=ORIENTED_EDGE('',*,*,#3283,.T.);
#3281=ORIENTED_EDGE('',*,*,#3284,.T.);
#3282=EDGE_CURVE('',#215,#213,#3285,.F.);
#3283=EDGE_CURVE('',#213,#217,#3286,.T.);
#3284=EDGE_CURVE('',#217,#215,#3287,.T.);
#3285=LINE('',#214,#3288);
#3286=LINE('',#212,#3289);
#3287=LINE('',#216,#3290);
#3288=VECTOR('',#3291,1.0);
#3289=VECTOR('',#3292,1.0);
#3290=VECTOR('',#3293,1.0);
#3291=DIRECTION('',(-0.06536091675178327,-0.050152414899370834,0.9966005648408632));
#3292=DIRECTION('',(0.7933579156621279,0.6087554662228865,0));
#3293=DIRECTION('',(0,0,-1));
#3294=FACE_SURFACE('',(#3299),#3295,.T.);
#3295=PLANE('',#3296);
#3296=AXIS2_PLACEMENT_3D('',#214,#3297,#3298);
#3297=DIRECTION('',(-0.7933584764321567,0.6087547354010867,0));
#3298=DIRECTION('',(0,0,1));
#3299=FACE_BOUND('',#3300,.T.);
#3300=EDGE_LOOP('',(#3301,#3302,#3303));
#3301=ORIENTED_EDGE('',*,*,#3304,.T.);
#3302=ORIENTED_EDGE('',*,*,#3305,.T.);
#3303=ORIENTED_EDGE('',*,*,#3306,.T.);
#3304=EDGE_CURVE('',#215,#217,#3307,.F.);
#3305=EDGE_CURVE('',#217,#219,#3308,.T.);
#3306=EDGE_CURVE('',#219,#215,#3309,.T.);
#3307=LINE('',#214,#3310);
#3308=LINE('',#216,#3311);
#3309=LINE('',#218,#3312);
#3310=VECTOR('',#3313,1.0);
#3311=VECTOR('',#3314,1.0);
#3312=VECTOR('',#3315,1.0);
#3313=DIRECTION('',(0,0,1));
#3314=DIRECTION('',(0.050153043811603515,0.06536186104670413,-0.9966004712606464));
#3315=DIRECTION('',(-0.6087547354010867,-0.7933584764321566,0));
#3316=FACE_SURFACE('',(#3321),#3317,.T.);
#3317=PLANE('',#3318);
#3318=AXIS2_PLACEMENT_3D('',#218,#3319,#3320);
#3319=DIRECTION('',(-0.7933584764321567,0.6087547354010867,0));
#3320=DIRECTION('',(-0.050153043811603515,-0.06536186104670413,0.9966004712606464));
#3321=FACE_BOUND('',#3322,.T.);
#3322=EDGE_LOOP('',(#3323,#3324,#3325));
#3323=ORIENTED_EDGE('',*,*,#3326,.T.);
#3324=ORIENTED_EDGE('',*,*,#3327,.T.);
#3325=ORIENTED_EDGE('',*,*,#3328,.T.);
#3326=EDGE_CURVE('',#219,#217,#3329,.F.);
#3327=EDGE_CURVE('',#217,#221,#3330,.T.);
#3328=EDGE_CURVE('',#221,#219,#3331,.T.);
#3329=LINE('',#218,#3332);
#3330=LINE('',#216,#3333);
#3331=LINE('',#220,#3334);
#3332=VECTOR('',#3335,1.0);
#3333=VECTOR('',#3336,1.0);
#3334=VECTOR('',#3337,1.0);
#3335=DIRECTION('',(-0.050153043811603515,-0.06536186104670413,0.9966004712606464));
#3336=DIRECTION('',(0.6087547354010867,0.7933584764321566,0));
#3337=DIRECTION('',(0,0,-1));
#3338=FACE_SURFACE('',(#3343),#3339,.T.);
#3339=PLANE('',#3340);
#3340=AXIS2_PLACEMENT_3D('',#218,#3341,#3342);
#3341=DIRECTION('',(-0.9238781456260902,0.38268678058498035,0));
#3342=DIRECTION('',(0,0,1));
#3343=FACE_BOUND('',#3344,.T.);
#3344=EDGE_LOOP('',(#3345,#3346,#3347));
#3345=ORIENTED_EDGE('',*,*,#3348,.T.);
#3346=ORIENTED_EDGE('',*,*,#3349,.T.);
#3347=ORIENTED_EDGE('',*,*,#3350,.T.);
#3348=EDGE_CURVE('',#219,#221,#3351,.F.);
#3349=EDGE_CURVE('',#221,#223,#3352,.T.);
#3350=EDGE_CURVE('',#223,#219,#3353,.T.);
#3351=LINE('',#218,#3354);
#3352=LINE('',#220,#3355);
#3353=LINE('',#222,#3356);
#3354=VECTOR('',#3357,1.0);
#3355=VECTOR('',#3358,1.0);
#3356=VECTOR('',#3359,1.0);
#3357=DIRECTION('',(0,0,1));
#3358=DIRECTION('',(0.03152742745018447,0.07611316273980724,-0.9966006260163179));
#3359=DIRECTION('',(-0.38268678058498035,-0.9238781456260902,0));
#3360=FACE_SURFACE('',(#3365),#3361,.T.);
#3361=PLANE('',#3362);
#3362=AXIS2_PLACEMENT_3D('',#222,#3363,#3364);
#3363=DIRECTION('',(-0.9238781456260902,0.38268678058498035,0));
#3364=DIRECTION('',(-0.03152742745018447,-0.07611316273980724,0.9966006260163179));
#3365=FACE_BOUND('',#3366,.T.);
#3366=EDGE_LOOP('',(#3367,#3368,#3369));
#3367=ORIENTED_EDGE('',*,*,#3370,.T.);
#3368=ORIENTED_EDGE('',*,*,#3371,.T.);
#3369=ORIENTED_EDGE('',*,*,#3372,.T.);
#3370=EDGE_CURVE('',#223,#221,#3373,.F.);
#3371=EDGE_CURVE('',#221,#225,#3374,.T.);
#3372=EDGE_CURVE('',#225,#223,#3375,.T.);
#3373=LINE('',#222,#3376);
#3374=LINE('',#220,#3377);
#3375=LINE('',#224,#3378);
#3376=VECTOR('',#3379,1.0);
#3377=VECTOR('',#3380,1.0);
#3378=VECTOR('',#3381,1.0);
#3379=DIRECTION('',(-0.03152742745018447,-0.07611316273980724,0.9966006260163179));
#3380=DIRECTION('',(0.38268678058498035,0.9238781456260902,0));
#3381=DIRECTION('',(0,0,-1));
#3382=FACE_SURFACE('',(#3387),#3383,.T.);
#3383=PLANE('',#3384);
#3384=AXIS2_PLACEMENT_3D('',#222,#3385,#3386);
#3385=DIRECTION('',(-0.9914449477322775,0.13052553626069216,0));
#3386=DIRECTION('',(0,0,1));
#3387=FACE_BOUND('',#3388,.T.);
#3388=EDGE_LOOP('',(#3389,#3390,#3391));
#3389=ORIENTED_EDGE('',*,*,#3392,.T.);
#3390=ORIENTED_EDGE('',*,*,#3393,.T.);
#3391=ORIENTED_EDGE('',*,*,#3394,.T.);
#3392=EDGE_CURVE('',#223,#225,#3395,.F.);
#3393=EDGE_CURVE('',#225,#131,#3396,.T.);
#3394=EDGE_CURVE('',#131,#223,#3397,.T.);
#3395=LINE('',#222,#3398);
#3396=LINE('',#224,#3399);
#3397=LINE('',#130,#3400);
#3398=VECTOR('',#3401,1.0);
#3399=VECTOR('',#3402,1.0);
#3400=VECTOR('',#3403,1.0);
#3401=DIRECTION('',(0,0,1));
#3402=DIRECTION('',(0.010753507597183427,0.08168141716219013,-0.9966004756996325));
#3403=DIRECTION('',(-0.13052553626069216,-0.9914449477322775,0));
#3404=FACE_SURFACE('',(#3409),#3405,.T.);
#3405=PLANE('',#3406);
#3406=AXIS2_PLACEMENT_3D('',#130,#3407,#3408);
#3407=DIRECTION('',(-0.9914449477322775,0.13052553626069216,0));
#3408=DIRECTION('',(-0.010753507597183427,-0.08168141716219013,0.9966004756996325));
#3409=FACE_BOUND('',#3410,.T.);
#3410=EDGE_LOOP('',(#3411,#3412,#3413));
#3411=ORIENTED_EDGE('',*,*,#3414,.T.);
#3412=ORIENTED_EDGE('',*,*,#3415,.T.);
#3413=ORIENTED_EDGE('',*,*,#3416,.T.);
#3414=EDGE_CURVE('',#131,#225,#3417,.F.);
#3415=EDGE_CURVE('',#225,#133,#3418,.T.);
#3416=EDGE_CURVE('',#133,#131,#3419,.T.);
#3417=LINE('',#130,#3420);
#3418=LINE('',#224,#3421);
#3419=LINE('',#132,#3422);
#3420=VECTOR('',#3423,1.0);
#3421=VECTOR('',#3424,1.0);
#3422=VECTOR('',#3425,1.0);
#3423=DIRECTION('',(-0.010753507597183427,-0.08168141716219013,0.9966004756996325));
#3424=DIRECTION('',(0.13052553626069216,0.9914449477322775,0));
#3425=DIRECTION('',(0,0,-1));
#3426=FACE_SURFACE('',(#3431),#3427,.T.);
#3427=PLANE('',#3428);
#3428=AXIS2_PLACEMENT_3D('',#134,#3429,#3430);
#3429=DIRECTION('',(0,0,1));
#3430=DIRECTION('',(-1,0,0));
#3431=FACE_BOUND('',#3432,.T.);
#3432=EDGE_LOOP('',(#3433,#3434,#3435));
#3433=ORIENTED_EDGE('',*,*,#3436,.T.);
#3434=ORIENTED_EDGE('',*,*,#3437,.T.);
#3435=ORIENTED_EDGE('',*,*,#3438,.T.);
#3436=EDGE_CURVE('',#135,#175,#3439,.F.);
#3437=EDGE_CURVE('',#175,#131,#3440,.T.);
#3438=EDGE_CURVE('',#131,#135,#3441,.T.);
#3439=LINE('',#134,#3442);
#3440=LINE('',#174,#3443);
#3441=LINE('',#130,#3444);
#3442=VECTOR('',#3445,1.0);
#3443=VECTOR('',#3446,1.0);
#3444=VECTOR('',#3447,1.0);
#3445=DIRECTION('',(-1,0,0));
#3446=DIRECTION('',(0.9914447172588947,-0.1305272868768455,0));
#3447=DIRECTION('',(-0.13052553626069216,0.9914449477322775,0));
#3448=FACE_SURFACE('',(#3453),#3449,.T.);
#3449=PLANE('',#3450);
#3450=AXIS2_PLACEMENT_3D('',#130,#3451,#3452);
#3451=DIRECTION('',(0,0,1));
#3452=DIRECTION('',(-0.9914447172588947,0.1305272868768455,0));
#3453=FACE_BOUND('',#3454,.T.);
#3454=EDGE_LOOP('',(#3455,#3456,#3457));
#3455=ORIENTED_EDGE('',*,*,#3458,.T.);
#3456=ORIENTED_EDGE('',*,*,#3459,.T.);
#3457=ORIENTED_EDGE('',*,*,#3460,.T.);
#3458=EDGE_CURVE('',#131,#175,#3461,.F.);
#3459=EDGE_CURVE('',#175,#179,#3462,.T.);
#3460=EDGE_CURVE('',#179,#131,#3463,.T.);
#3461=LINE('',#130,#3464);
#3462=LINE('',#174,#3465);
#3463=LINE('',#178,#3466);
#3464=VECTOR('',#3467,1.0);
#3465=VECTOR('',#3468,1.0);
#3466=VECTOR('',#3469,1.0);
#3467=DIRECTION('',(-0.9914447172588947,0.1305272868768455,0));
#3468=DIRECTION('',(-0.13052553626069216,-0.9914449477322775,0));
#3469=DIRECTION('',(1,0,0));
#3470=FACE_SURFACE('',(#3475),#3471,.T.);
#3471=PLANE('',#3472);
#3472=AXIS2_PLACEMENT_3D('',#130,#3473,#3474);
#3473=DIRECTION('',(0,0,1));
#3474=DIRECTION('',(-1,0,0));
#3475=FACE_BOUND('',#3476,.T.);
#3476=EDGE_LOOP('',(#3477,#3478,#3479));
#3477=ORIENTED_EDGE('',*,*,#3480,.T.);
#3478=ORIENTED_EDGE('',*,*,#3481,.T.);
#3479=ORIENTED_EDGE('',*,*,#3482,.T.);
#3480=EDGE_CURVE('',#131,#179,#3483,.F.);
#3481=EDGE_CURVE('',#179,#223,#3484,.T.);
#3482=EDGE_CURVE('',#223,#131,#3485,.T.);
#3483=LINE('',#130,#3486);
#3484=LINE('',#178,#3487);
#3485=LINE('',#222,#3488);
#3486=VECTOR('',#3489,1.0);
#3487=VECTOR('',#3490,1.0);
#3488=VECTOR('',#3491,1.0);
#3489=DIRECTION('',(-1,0,0));
#3490=DIRECTION('',(0.9914447172588947,-0.1305272868768455,0));
#3491=DIRECTION('',(0.13052553626069216,0.9914449477322775,0));
#3492=FACE_SURFACE('',(#3497),#3493,.T.);
#3493=PLANE('',#3494);
#3494=AXIS2_PLACEMENT_3D('',#222,#3495,#3496);
#3495=DIRECTION('',(0,0,1));
#3496=DIRECTION('',(-0.9914447172588947,0.1305272868768455,0));
#3497=FACE_BOUND('',#3498,.T.);
#3498=EDGE_LOOP('',(#3499,#3500,#3501));
#3499=ORIENTED_EDGE('',*,*,#3502,.T.);
#3500=ORIENTED_EDGE('',*,*,#3503,.T.);
#3501=ORIENTED_EDGE('',*,*,#3504,.T.);
#3502=EDGE_CURVE('',#223,#179,#3505,.F.);
#3503=EDGE_CURVE('',#179,#183,#3506,.T.);
#3504=EDGE_CURVE('',#183,#223,#3507,.T.);
#3505=LINE('',#222,#3508);
#3506=LINE('',#178,#3509);
#3507=LINE('',#182,#3510);
#3508=VECTOR('',#3511,1.0);
#3509=VECTOR('',#3512,1.0);
#3510=VECTOR('',#3513,1.0);
#3511=DIRECTION('',(-0.9914447172588947,0.1305272868768455,0));
#3512=DIRECTION('',(0.13052553626069216,-0.9914449477322775,0));
#3513=DIRECTION('',(1,0,0));
#3514=FACE_SURFACE('',(#3519),#3515,.T.);
#3515=PLANE('',#3516);
#3516=AXIS2_PLACEMENT_3D('',#222,#3517,#3518);
#3517=DIRECTION('',(0,0,1));
#3518=DIRECTION('',(-1,0,0));
#3519=FACE_BOUND('',#3520,.T.);
#3520=EDGE_LOOP('',(#3521,#3522,#3523));
#3521=ORIENTED_EDGE('',*,*,#3524,.T.);
#3522=ORIENTED_EDGE('',*,*,#3525,.T.);
#3523=ORIENTED_EDGE('',*,*,#3526,.T.);
#3524=EDGE_CURVE('',#223,#183,#3527,.F.);
#3525=EDGE_CURVE('',#183,#219,#3528,.T.);
#3526=EDGE_CURVE('',#219,#223,#3529,.T.);
#3527=LINE('',#222,#3530);
#3528=LINE('',#182,#3531);
#3529=LINE('',#218,#3532);
#3530=VECTOR('',#3533,1.0);
#3531=VECTOR('',#3534,1.0);
#3532=VECTOR('',#3535,1.0);
#3533=DIRECTION('',(-1,0,0));
#3534=DIRECTION('',(0.991445123003198,-0.1305242049321644,0));
#3535=DIRECTION('',(0.38268678058498035,0.9238781456260902,0));
#3536=FACE_SURFACE('',(#3541),#3537,.T.);
#3537=PLANE('',#3538);
#3538=AXIS2_PLACEMENT_3D('',#218,#3539,#3540);
#3539=DIRECTION('',(0,0,1));
#3540=DIRECTION('',(-0.991445123003198,0.1305242049321644,0));
#3541=FACE_BOUND('',#3542,.T.);
#3542=EDGE_LOOP('',(#3543,#3544,#3545));
#3543=ORIENTED_EDGE('',*,*,#3546,.T.);
#3544=ORIENTED_EDGE('',*,*,#3547,.T.);
#3545=ORIENTED_EDGE('',*,*,#3548,.T.);
#3546=EDGE_CURVE('',#219,#183,#3549,.F.);
#3547=EDGE_CURVE('',#183,#187,#3550,.T.);
#3548=EDGE_CURVE('',#187,#219,#3551,.T.);
#3549=LINE('',#218,#3552);
#3550=LINE('',#182,#3553);
#3551=LINE('',#186,#3554);
#3552=VECTOR('',#3555,1.0);
#3553=VECTOR('',#3556,1.0);
#3554=VECTOR('',#3557,1.0);
#3555=DIRECTION('',(-0.991445123003198,0.1305242049321644,0));
#3556=DIRECTION('',(0.38268678058498035,-0.9238781456260902,0));
#3557=DIRECTION('',(1,0,0));
#3558=FACE_SURFACE('',(#3563),#3559,.T.);
#3559=PLANE('',#3560);
#3560=AXIS2_PLACEMENT_3D('',#218,#3561,#3562);
#3561=DIRECTION('',(0,0,1));
#3562=DIRECTION('',(-1,0,0));
#3563=FACE_BOUND('',#3564,.T.);
#3564=EDGE_LOOP('',(#3565,#3566,#3567));
#3565=ORIENTED_EDGE('',*,*,#3568,.T.);
#3566=ORIENTED_EDGE('',*,*,#3569,.T.);
#3567=ORIENTED_EDGE('',*,*,#3570,.T.);
#3568=EDGE_CURVE('',#219,#187,#3571,.F.);
#3569=EDGE_CURVE('',#187,#215,#3572,.T.);
#3570=EDGE_CURVE('',#215,#219,#3573,.T.);
#3571=LINE('',#218,#3574);
#3572=LINE('',#186,#3575);
#3573=LINE('',#214,#3576);
#3574=VECTOR('',#3577,1.0);
#3575=VECTOR('',#3578,1.0);
#3576=VECTOR('',#3579,1.0);
#3577=DIRECTION('',(-1,0,0));
#3578=DIRECTION('',(0.9914446110587023,-0.13052809353797593,0));
#3579=DIRECTION('',(0.6087547354010867,0.7933584764321566,0));
#3580=FACE_SURFACE('',(#3585),#3581,.T.);
#3581=PLANE('',#3582);
#3582=AXIS2_PLACEMENT_3D('',#214,#3583,#3584);
#3583=DIRECTION('',(0,0,1));
#3584=DIRECTION('',(-0.9914446110587023,0.13052809353797593,0));
#3585=FACE_BOUND('',#3586,.T.);
#3586=EDGE_LOOP('',(#3587,#3588,#3589));
#3587=ORIENTED_EDGE('',*,*,#3590,.T.);
#3588=ORIENTED_EDGE('',*,*,#3591,.T.);
#3589=ORIENTED_EDGE('',*,*,#3592,.T.);
#3590=EDGE_CURVE('',#215,#187,#3593,.F.);
#3591=EDGE_CURVE('',#187,#191,#3594,.T.);
#3592=EDGE_CURVE('',#191,#215,#3595,.T.);
#3593=LINE('',#214,#3596);
#3594=LINE('',#186,#3597);
#3595=LINE('',#190,#3598);
#3596=VECTOR('',#3599,1.0);
#3597=VECTOR('',#3600,1.0);
#3598=VECTOR('',#3601,1.0);
#3599=DIRECTION('',(-0.9914446110587023,0.13052809353797593,0));
#3600=DIRECTION('',(0.6087571557745598,-0.7933566192408483,0));
#3601=DIRECTION('',(1,0,0));
#3602=FACE_SURFACE('',(#3607),#3603,.T.);
#3603=PLANE('',#3604);
#3604=AXIS2_PLACEMENT_3D('',#214,#3605,#3606);
#3605=DIRECTION('',(0,0,1));
#3606=DIRECTION('',(-1,0,0));
#3607=FACE_BOUND('',#3608,.T.);
#3608=EDGE_LOOP('',(#3609,#3610,#3611));
#3609=ORIENTED_EDGE('',*,*,#3612,.T.);
#3610=ORIENTED_EDGE('',*,*,#3613,.T.);
#3611=ORIENTED_EDGE('',*,*,#3614,.T.);
#3612=EDGE_CURVE('',#215,#191,#3615,.F.);
#3613=EDGE_CURVE('',#191,#211,#3616,.T.);
#3614=EDGE_CURVE('',#211,#215,#3617,.T.);
#3615=LINE('',#214,#3618);
#3616=LINE('',#190,#3619);
#3617=LINE('',#210,#3620);
#3618=VECTOR('',#3621,1.0);
#3619=VECTOR('',#3622,1.0);
#3620=VECTOR('',#3623,1.0);
#3621=DIRECTION('',(-1,0,0));
#3622=DIRECTION('',(0.9914451105854235,-0.13052429925595188,0));
#3623=DIRECTION('',(0.7933579156621279,0.6087554662228865,0));
#3624=FACE_SURFACE('',(#3629),#3625,.T.);
#3625=PLANE('',#3626);
#3626=AXIS2_PLACEMENT_3D('',#210,#3627,#3628);
#3627=DIRECTION('',(0,0,1));
#3628=DIRECTION('',(-0.9914451105854235,0.13052429925595188,0));
#3629=FACE_BOUND('',#3630,.T.);
#3630=EDGE_LOOP('',(#3631,#3632,#3633));
#3631=ORIENTED_EDGE('',*,*,#3634,.T.);
#3632=ORIENTED_EDGE('',*,*,#3635,.T.);
#3633=ORIENTED_EDGE('',*,*,#3636,.T.);
#3634=EDGE_CURVE('',#211,#191,#3637,.F.);
#3635=EDGE_CURVE('',#191,#195,#3638,.T.);
#3636=EDGE_CURVE('',#195,#211,#3639,.T.);
#3637=LINE('',#210,#3640);
#3638=LINE('',#190,#3641);
#3639=LINE('',#194,#3642);
#3640=VECTOR('',#3643,1.0);
#3641=VECTOR('',#3644,1.0);
#3642=VECTOR('',#3645,1.0);
#3643=DIRECTION('',(-0.9914451105854235,0.13052429925595188,0));
#3644=DIRECTION('',(0.7933579156621279,-0.6087554662228865,0));
#3645=DIRECTION('',(1,0,0));
#3646=FACE_SURFACE('',(#3651),#3647,.T.);
#3647=PLANE('',#3648);
#3648=AXIS2_PLACEMENT_3D('',#210,#3649,#3650);
#3649=DIRECTION('',(0,0,1));
#3650=DIRECTION('',(-1,0,0));
#3651=FACE_BOUND('',#3652,.T.);
#3652=EDGE_LOOP('',(#3653,#3654,#3655));
#3653=ORIENTED_EDGE('',*,*,#3656,.T.);
#3654=ORIENTED_EDGE('',*,*,#3657,.T.);
#3655=ORIENTED_EDGE('',*,*,#3658,.T.);
#3656=EDGE_CURVE('',#211,#195,#3659,.F.);
#3657=EDGE_CURVE('',#195,#207,#3660,.T.);
#3658=EDGE_CURVE('',#207,#211,#3661,.T.);
#3659=LINE('',#210,#3662);
#3660=LINE('',#194,#3663);
#3661=LINE('',#206,#3664);
#3662=VECTOR('',#3665,1.0);
#3663=VECTOR('',#3666,1.0);
#3664=VECTOR('',#3667,1.0);
#3665=DIRECTION('',(-1,0,0));
#3666=DIRECTION('',(0.9914440915484696,-0.1305320394908072,0));
#3667=DIRECTION('',(0.9238736003210871,0.38269775362517106,0));
#3668=FACE_SURFACE('',(#3673),#3669,.T.);
#3669=PLANE('',#3670);
#3670=AXIS2_PLACEMENT_3D('',#206,#3671,#3672);
#3671=DIRECTION('',(0,0,1));
#3672=DIRECTION('',(-0.9914440915484696,0.1305320394908072,0));
#3673=FACE_BOUND('',#3674,.T.);
#3674=EDGE_LOOP('',(#3675,#3676,#3677));
#3675=ORIENTED_EDGE('',*,*,#3678,.T.);
#3676=ORIENTED_EDGE('',*,*,#3679,.T.);
#3677=ORIENTED_EDGE('',*,*,#3680,.T.);
#3678=EDGE_CURVE('',#207,#195,#3681,.F.);
#3679=EDGE_CURVE('',#195,#199,#3682,.T.);
#3680=EDGE_CURVE('',#199,#207,#3683,.T.);
#3681=LINE('',#206,#3684);
#3682=LINE('',#194,#3685);
#3683=LINE('',#198,#3686);
#3684=VECTOR('',#3687,1.0);
#3685=VECTOR('',#3688,1.0);
#3686=VECTOR('',#3689,1.0);
#3687=DIRECTION('',(-0.9914440915484696,0.1305320394908072,0));
#3688=DIRECTION('',(0.9238730371249259,-0.3826991132385406,0));
#3689=DIRECTION('',(1,0,0));
#3690=FACE_SURFACE('',(#3695),#3691,.T.);
#3691=PLANE('',#3692);
#3692=AXIS2_PLACEMENT_3D('',#206,#3693,#3694);
#3693=DIRECTION('',(0,0,1));
#3694=DIRECTION('',(-1,0,0));
#3695=FACE_BOUND('',#3696,.T.);
#3696=EDGE_LOOP('',(#3697,#3698,#3699));
#3697=ORIENTED_EDGE('',*,*,#3700,.T.);
#3698=ORIENTED_EDGE('',*,*,#3701,.T.);
#3699=ORIENTED_EDGE('',*,*,#3702,.T.);
#3700=EDGE_CURVE('',#207,#199,#3703,.F.);
#3701=EDGE_CURVE('',#199,#203,#3704,.T.);
#3702=EDGE_CURVE('',#203,#207,#3705,.T.);
#3703=LINE('',#206,#3706);
#3704=LINE('',#198,#3707);
#3705=LINE('',#202,#3708);
#3706=VECTOR('',#3709,1.0);
#3707=VECTOR('',#3710,1.0);
#3708=VECTOR('',#3711,1.0);
#3709=DIRECTION('',(-1,0,0));
#3710=DIRECTION('',(0.9914443190544547,-0.1305303114784014,0));
#3711=DIRECTION('',(0.9914443190544547,0.1305303114784014,0));
#3712=FACE_SURFACE('',(#3717),#3713,.T.);
#3713=PLANE('',#3714);
#3714=AXIS2_PLACEMENT_3D('',#174,#3715,#3716);
#3715=DIRECTION('',(0,0,1));
#3716=DIRECTION('',(1,0,0));
#3717=FACE_BOUND('',#3718,.T.);
#3718=EDGE_LOOP('',(#3719,#3720,#3721));
#3719=ORIENTED_EDGE('',*,*,#3722,.T.);
#3720=ORIENTED_EDGE('',*,*,#3723,.T.);
#3721=ORIENTED_EDGE('',*,*,#3724,.T.);
#3722=EDGE_CURVE('',#175,#135,#3725,.F.);
#3723=EDGE_CURVE('',#135,#171,#3726,.T.);
#3724=EDGE_CURVE('',#171,#175,#3727,.T.);
#3725=LINE('',#174,#3728);
#3726=LINE('',#134,#3729);
#3727=LINE('',#170,#3730);
#3728=VECTOR('',#3731,1.0);
#3729=VECTOR('',#3732,1.0);
#3730=VECTOR('',#3733,1.0);
#3731=DIRECTION('',(1,0,0));
#3732=DIRECTION('',(-0.991445123003198,0.1305242049321644,0));
#3733=DIRECTION('',(-0.38268678058498035,-0.9238781456260902,0));
#3734=FACE_SURFACE('',(#3739),#3735,.T.);
#3735=PLANE('',#3736);
#3736=AXIS2_PLACEMENT_3D('',#170,#3737,#3738);
#3737=DIRECTION('',(-0,0,1));
#3738=DIRECTION('',(0.991445123003198,-0.1305242049321644,0));
#3739=FACE_BOUND('',#3740,.T.);
#3740=EDGE_LOOP('',(#3741,#3742,#3743));
#3741=ORIENTED_EDGE('',*,*,#3744,.T.);
#3742=ORIENTED_EDGE('',*,*,#3745,.T.);
#3743=ORIENTED_EDGE('',*,*,#3746,.T.);
#3744=EDGE_CURVE('',#171,#135,#3747,.F.);
#3745=EDGE_CURVE('',#135,#139,#3748,.T.);
#3746=EDGE_CURVE('',#139,#171,#3749,.T.);
#3747=LINE('',#170,#3750);
#3748=LINE('',#134,#3751);
#3749=LINE('',#138,#3752);
#3750=VECTOR('',#3753,1.0);
#3751=VECTOR('',#3754,1.0);
#3752=VECTOR('',#3755,1.0);
#3753=DIRECTION('',(0.991445123003198,-0.1305242049321644,0));
#3754=DIRECTION('',(-0.38268678058498035,0.9238781456260902,0));
#3755=DIRECTION('',(-1,0,0));
#3756=FACE_SURFACE('',(#3761),#3757,.T.);
#3757=PLANE('',#3758);
#3758=AXIS2_PLACEMENT_3D('',#170,#3759,#3760);
#3759=DIRECTION('',(0,0,1));
#3760=DIRECTION('',(1,0,0));
#3761=FACE_BOUND('',#3762,.T.);
#3762=EDGE_LOOP('',(#3763,#3764,#3765));
#3763=ORIENTED_EDGE('',*,*,#3766,.T.);
#3764=ORIENTED_EDGE('',*,*,#3767,.T.);
#3765=ORIENTED_EDGE('',*,*,#3768,.T.);
#3766=EDGE_CURVE('',#171,#139,#3769,.F.);
#3767=EDGE_CURVE('',#139,#167,#3770,.T.);
#3768=EDGE_CURVE('',#167,#171,#3771,.T.);
#3769=LINE('',#170,#3772);
#3770=LINE('',#138,#3773);
#3771=LINE('',#166,#3774);
#3772=VECTOR('',#3775,1.0);
#3773=VECTOR('',#3776,1.0);
#3774=VECTOR('',#3777,1.0);
#3775=DIRECTION('',(1,0,0));
#3776=DIRECTION('',(-0.9914446002794682,0.13052817541314826,0));
#3777=DIRECTION('',(-0.6087571557745598,-0.7933566192408483,0));
#3778=FACE_SURFACE('',(#3783),#3779,.T.);
#3779=PLANE('',#3780);
#3780=AXIS2_PLACEMENT_3D('',#166,#3781,#3782);
#3781=DIRECTION('',(-0,0,1));
#3782=DIRECTION('',(0.9914446002794682,-0.13052817541314826,0));
#3783=FACE_BOUND('',#3784,.T.);
#3784=EDGE_LOOP('',(#3785,#3786,#3787));
#3785=ORIENTED_EDGE('',*,*,#3788,.T.);
#3786=ORIENTED_EDGE('',*,*,#3789,.T.);
#3787=ORIENTED_EDGE('',*,*,#3790,.T.);
#3788=EDGE_CURVE('',#167,#139,#3791,.F.);
#3789=EDGE_CURVE('',#139,#143,#3792,.T.);
#3790=EDGE_CURVE('',#143,#167,#3793,.T.);
#3791=LINE('',#166,#3794);
#3792=LINE('',#138,#3795);
#3793=LINE('',#142,#3796);
#3794=VECTOR('',#3797,1.0);
#3795=VECTOR('',#3798,1.0);
#3796=VECTOR('',#3799,1.0);
#3797=DIRECTION('',(0.9914446002794682,-0.13052817541314826,0));
#3798=DIRECTION('',(-0.6087547354010867,0.7933584764321566,0));
#3799=DIRECTION('',(-1,0,0));
#3800=FACE_SURFACE('',(#3805),#3801,.T.);
#3801=PLANE('',#3802);
#3802=AXIS2_PLACEMENT_3D('',#166,#3803,#3804);
#3803=DIRECTION('',(0,0,1));
#3804=DIRECTION('',(1,0,0));
#3805=FACE_BOUND('',#3806,.T.);
#3806=EDGE_LOOP('',(#3807,#3808,#3809));
#3807=ORIENTED_EDGE('',*,*,#3810,.T.);
#3808=ORIENTED_EDGE('',*,*,#3811,.T.);
#3809=ORIENTED_EDGE('',*,*,#3812,.T.);
#3810=EDGE_CURVE('',#167,#143,#3813,.F.);
#3811=EDGE_CURVE('',#143,#163,#3814,.T.);
#3812=EDGE_CURVE('',#163,#167,#3815,.T.);
#3813=LINE('',#166,#3816);
#3814=LINE('',#142,#3817);
#3815=LINE('',#162,#3818);
#3816=VECTOR('',#3819,1.0);
#3817=VECTOR('',#3820,1.0);
#3818=VECTOR('',#3821,1.0);
#3819=DIRECTION('',(1,0,0));
#3820=DIRECTION('',(-0.9914451105854235,0.13052429925595188,0));
#3821=DIRECTION('',(-0.7933579156621279,-0.6087554662228865,0));
#3822=FACE_SURFACE('',(#3827),#3823,.T.);
#3823=PLANE('',#3824);
#3824=AXIS2_PLACEMENT_3D('',#162,#3825,#3826);
#3825=DIRECTION('',(-0,0,1));
#3826=DIRECTION('',(0.9914451105854235,-0.13052429925595188,0));
#3827=FACE_BOUND('',#3828,.T.);
#3828=EDGE_LOOP('',(#3829,#3830,#3831));
#3829=ORIENTED_EDGE('',*,*,#3832,.T.);
#3830=ORIENTED_EDGE('',*,*,#3833,.T.);
#3831=ORIENTED_EDGE('',*,*,#3834,.T.);
#3832=EDGE_CURVE('',#163,#143,#3835,.F.);
#3833=EDGE_CURVE('',#143,#147,#3836,.T.);
#3834=EDGE_CURVE('',#147,#163,#3837,.T.);
#3835=LINE('',#162,#3838);
#3836=LINE('',#142,#3839);
#3837=LINE('',#146,#3840);
#3838=VECTOR('',#3841,1.0);
#3839=VECTOR('',#3842,1.0);
#3840=VECTOR('',#3843,1.0);
#3841=DIRECTION('',(0.9914451105854235,-0.13052429925595188,0));
#3842=DIRECTION('',(-0.7933579156621279,0.6087554662228865,0));
#3843=DIRECTION('',(-1,0,0));
#3844=FACE_SURFACE('',(#3849),#3845,.T.);
#3845=PLANE('',#3846);
#3846=AXIS2_PLACEMENT_3D('',#162,#3847,#3848);
#3847=DIRECTION('',(0,0,1));
#3848=DIRECTION('',(1,0,0));
#3849=FACE_BOUND('',#3850,.T.);
#3850=EDGE_LOOP('',(#3851,#3852,#3853));
#3851=ORIENTED_EDGE('',*,*,#3854,.T.);
#3852=ORIENTED_EDGE('',*,*,#3855,.T.);
#3853=ORIENTED_EDGE('',*,*,#3856,.T.);
#3854=EDGE_CURVE('',#163,#147,#3857,.F.);
#3855=EDGE_CURVE('',#147,#159,#3858,.T.);
#3856=EDGE_CURVE('',#159,#163,#3859,.T.);
#3857=LINE('',#162,#3860);
#3858=LINE('',#146,#3861);
#3859=LINE('',#158,#3862);
#3860=VECTOR('',#3863,1.0);
#3861=VECTOR('',#3864,1.0);
#3862=VECTOR('',#3865,1.0);
#3863=DIRECTION('',(1,0,0));
#3864=DIRECTION('',(-0.9914454717859917,0.13052155559543588,0));
#3865=DIRECTION('',(-0.9238839138221064,-0.3826728547738218,0));
#3866=FACE_SURFACE('',(#3871),#3867,.T.);
#3867=PLANE('',#3868);
#3868=AXIS2_PLACEMENT_3D('',#158,#3869,#3870);
#3869=DIRECTION('',(-0,0,1));
#3870=DIRECTION('',(0.9914454717859917,-0.13052155559543588,0));
#3871=FACE_BOUND('',#3872,.T.);
#3872=EDGE_LOOP('',(#3873,#3874,#3875));
#3873=ORIENTED_EDGE('',*,*,#3876,.T.);
#3874=ORIENTED_EDGE('',*,*,#3877,.T.);
#3875=ORIENTED_EDGE('',*,*,#3878,.T.);
#3876=EDGE_CURVE('',#159,#147,#3879,.F.);
#3877=EDGE_CURVE('',#147,#151,#3880,.T.);
#3878=EDGE_CURVE('',#151,#159,#3881,.T.);
#3879=LINE('',#158,#3882);
#3880=LINE('',#146,#3883);
#3881=LINE('',#150,#3884);
#3882=VECTOR('',#3885,1.0);
#3883=VECTOR('',#3886,1.0);
#3884=VECTOR('',#3887,1.0);
#3885=DIRECTION('',(0.9914454717859917,-0.13052155559543588,0));
#3886=DIRECTION('',(-0.9238844769476138,0.38267149522172944,0));
#3887=DIRECTION('',(-1,0,0));
#3888=FACE_SURFACE('',(#3893),#3889,.T.);
#3889=PLANE('',#3890);
#3890=AXIS2_PLACEMENT_3D('',#158,#3891,#3892);
#3891=DIRECTION('',(0,0,1));
#3892=DIRECTION('',(1,0,0));
#3893=FACE_BOUND('',#3894,.T.);
#3894=EDGE_LOOP('',(#3895,#3896,#3897));
#3895=ORIENTED_EDGE('',*,*,#3898,.T.);
#3896=ORIENTED_EDGE('',*,*,#3899,.T.);
#3897=ORIENTED_EDGE('',*,*,#3900,.T.);
#3898=EDGE_CURVE('',#159,#151,#3901,.F.);
#3899=EDGE_CURVE('',#151,#155,#3902,.T.);
#3900=EDGE_CURVE('',#155,#159,#3903,.T.);
#3901=LINE('',#158,#3904);
#3902=LINE('',#150,#3905);
#3903=LINE('',#154,#3906);
#3904=VECTOR('',#3907,1.0);
#3905=VECTOR('',#3908,1.0);
#3906=VECTOR('',#3909,1.0);
#3907=DIRECTION('',(1,0,0));
#3908=DIRECTION('',(-0.9914443190544547,0.1305303114784014,0));
#3909=DIRECTION('',(-0.9914443190544547,-0.1305303114784014,0));
#3910=FACE_SURFACE('',(#3915),#3911,.T.);
#3911=PLANE('',#3912);
#3912=AXIS2_PLACEMENT_3D('',#226,#3913,#3914);
#3913=DIRECTION('',(-0.9914443190544547,-0.13053031147840144,0));
#3914=DIRECTION('',(0,0,1));
#3915=FACE_BOUND('',#3916,.T.);
#3916=EDGE_LOOP('',(#3917,#3918,#3919));
#3917=ORIENTED_EDGE('',*,*,#3920,.T.);
#3918=ORIENTED_EDGE('',*,*,#3921,.T.);
#3919=ORIENTED_EDGE('',*,*,#3922,.T.);
#3920=EDGE_CURVE('',#227,#229,#3923,.F.);
#3921=EDGE_CURVE('',#229,#231,#3924,.T.);
#3922=EDGE_CURVE('',#231,#227,#3925,.T.);
#3923=LINE('',#226,#3926);
#3924=LINE('',#228,#3927);
#3925=LINE('',#230,#3928);
#3926=VECTOR('',#3929,1.0);
#3927=VECTOR('',#3930,1.0);
#3928=VECTOR('',#3931,1.0);
#3929=DIRECTION('',(0,0,1));
#3930=DIRECTION('',(-0.010753824927868774,0.08168078748977678,-0.9966005238833013));
#3931=DIRECTION('',(0.1305303114784014,-0.9914443190544547,0));
#3932=FACE_SURFACE('',(#3937),#3933,.T.);
#3933=PLANE('',#3934);
#3934=AXIS2_PLACEMENT_3D('',#230,#3935,#3936);
#3935=DIRECTION('',(-0.9914443190544547,-0.13053031147840144,0));
#3936=DIRECTION('',(0.010753824927868774,-0.08168078748977678,0.9966005238833013));
#3937=FACE_BOUND('',#3938,.T.);
#3938=EDGE_LOOP('',(#3939,#3940,#3941));
#3939=ORIENTED_EDGE('',*,*,#3942,.T.);
#3940=ORIENTED_EDGE('',*,*,#3943,.T.);
#3941=ORIENTED_EDGE('',*,*,#3944,.T.);
#3942=EDGE_CURVE('',#231,#229,#3945,.F.);
#3943=EDGE_CURVE('',#229,#233,#3946,.T.);
#3944=EDGE_CURVE('',#233,#231,#3947,.T.);
#3945=LINE('',#230,#3948);
#3946=LINE('',#228,#3949);
#3947=LINE('',#232,#3950);
#3948=VECTOR('',#3951,1.0);
#3949=VECTOR('',#3952,1.0);
#3950=VECTOR('',#3953,1.0);
#3951=DIRECTION('',(0.010753824927868774,-0.08168078748977678,0.9966005238833013));
#3952=DIRECTION('',(-0.1305303114784014,0.9914443190544547,0));
#3953=DIRECTION('',(0,0,-1));
#3954=FACE_SURFACE('',(#3959),#3955,.T.);
#3955=PLANE('',#3956);
#3956=AXIS2_PLACEMENT_3D('',#230,#3957,#3958);
#3957=DIRECTION('',(-0.9238779123679569,-0.3826873437136716,0));
#3958=DIRECTION('',(0,0,1));
#3959=FACE_BOUND('',#3960,.T.);
#3960=EDGE_LOOP('',(#3961,#3962,#3963));
#3961=ORIENTED_EDGE('',*,*,#3964,.T.);
#3962=ORIENTED_EDGE('',*,*,#3965,.T.);
#3963=ORIENTED_EDGE('',*,*,#3966,.T.);
#3964=EDGE_CURVE('',#231,#233,#3967,.F.);
#3965=EDGE_CURVE('',#233,#235,#3968,.T.);
#3966=EDGE_CURVE('',#235,#231,#3969,.T.);
#3967=LINE('',#230,#3970);
#3968=LINE('',#232,#3971);
#3969=LINE('',#234,#3972);
#3970=VECTOR('',#3973,1.0);
#3971=VECTOR('',#3974,1.0);
#3972=VECTOR('',#3975,1.0);
#3973=DIRECTION('',(0,0,1));
#3974=DIRECTION('',(-0.03152774242559049,0.0761137919304244,-0.9966005679987934));
#3975=DIRECTION('',(0.3826873437136716,-0.9238779123679569,0));
#3976=FACE_SURFACE('',(#3981),#3977,.T.);
#3977=PLANE('',#3978);
#3978=AXIS2_PLACEMENT_3D('',#234,#3979,#3980);
#3979=DIRECTION('',(-0.9238779123679569,-0.3826873437136716,0));
#3980=DIRECTION('',(0.03152774242559049,-0.0761137919304244,0.9966005679987934));
#3981=FACE_BOUND('',#3982,.T.);
#3982=EDGE_LOOP('',(#3983,#3984,#3985));
#3983=ORIENTED_EDGE('',*,*,#3986,.T.);
#3984=ORIENTED_EDGE('',*,*,#3987,.T.);
#3985=ORIENTED_EDGE('',*,*,#3988,.T.);
#3986=EDGE_CURVE('',#235,#233,#3989,.F.);
#3987=EDGE_CURVE('',#233,#237,#3990,.T.);
#3988=EDGE_CURVE('',#237,#235,#3991,.T.);
#3989=LINE('',#234,#3992);
#3990=LINE('',#232,#3993);
#3991=LINE('',#236,#3994);
#3992=VECTOR('',#3995,1.0);
#3993=VECTOR('',#3996,1.0);
#3994=VECTOR('',#3997,1.0);
#3995=DIRECTION('',(0.03152774242559049,-0.0761137919304244,0.9966005679987934));
#3996=DIRECTION('',(-0.3826873437136716,0.9238779123679569,0));
#3997=DIRECTION('',(0,0,-1));
#3998=FACE_SURFACE('',(#4003),#3999,.T.);
#3999=PLANE('',#4000);
#4000=AXIS2_PLACEMENT_3D('',#234,#4001,#4002);
#4001=DIRECTION('',(-0.7933593407273635,-0.6087536090083105,0));
#4002=DIRECTION('',(0,0,1));
#4003=FACE_BOUND('',#4004,.T.);
#4004=EDGE_LOOP('',(#4005,#4006,#4007));
#4005=ORIENTED_EDGE('',*,*,#4008,.T.);
#4006=ORIENTED_EDGE('',*,*,#4009,.T.);
#4007=ORIENTED_EDGE('',*,*,#4010,.T.);
#4008=EDGE_CURVE('',#235,#237,#4011,.F.);
#4009=EDGE_CURVE('',#237,#239,#4012,.T.);
#4010=EDGE_CURVE('',#239,#235,#4013,.T.);
#4011=LINE('',#234,#4014);
#4012=LINE('',#236,#4015);
#4013=LINE('',#238,#4016);
#4014=VECTOR('',#4017,1.0);
#4015=VECTOR('',#4018,1.0);
#4016=VECTOR('',#4019,1.0);
#4017=DIRECTION('',(0,0,1));
#4018=DIRECTION('',(-0.05015241386086012,0.0653612322091296,-0.9966005442041628));
#4019=DIRECTION('',(0.6087536090083107,-0.7933593407273636,0));
#4020=FACE_SURFACE('',(#4025),#4021,.T.);
#4021=PLANE('',#4022);
#4022=AXIS2_PLACEMENT_3D('',#238,#4023,#4024);
#4023=DIRECTION('',(-0.7933593407273635,-0.6087536090083105,0));
#4024=DIRECTION('',(0.05015241386086012,-0.0653612322091296,0.9966005442041628));
#4025=FACE_BOUND('',#4026,.T.);
#4026=EDGE_LOOP('',(#4027,#4028,#4029));
#4027=ORIENTED_EDGE('',*,*,#4030,.T.);
#4028=ORIENTED_EDGE('',*,*,#4031,.T.);
#4029=ORIENTED_EDGE('',*,*,#4032,.T.);
#4030=EDGE_CURVE('',#239,#237,#4033,.F.);
#4031=EDGE_CURVE('',#237,#241,#4034,.T.);
#4032=EDGE_CURVE('',#241,#239,#4035,.T.);
#4033=LINE('',#238,#4036);
#4034=LINE('',#236,#4037);
#4035=LINE('',#240,#4038);
#4036=VECTOR('',#4039,1.0);
#4037=VECTOR('',#4040,1.0);
#4038=VECTOR('',#4041,1.0);
#4039=DIRECTION('',(0.05015241386086012,-0.0653612322091296,0.9966005442041628));
#4040=DIRECTION('',(-0.6087536090083107,0.7933593407273636,0));
#4041=DIRECTION('',(0,0,-1));
#4042=FACE_SURFACE('',(#4047),#4043,.T.);
#4043=PLANE('',#4044);
#4044=AXIS2_PLACEMENT_3D('',#238,#4045,#4046);
#4045=DIRECTION('',(-0.6087621642329097,-0.7933527761333313,0));
#4046=DIRECTION('',(0,0,1));
#4047=FACE_BOUND('',#4048,.T.);
#4048=EDGE_LOOP('',(#4049,#4050,#4051));
#4049=ORIENTED_EDGE('',*,*,#4052,.T.);
#4050=ORIENTED_EDGE('',*,*,#4053,.T.);
#4051=ORIENTED_EDGE('',*,*,#4054,.T.);
#4052=EDGE_CURVE('',#239,#241,#4055,.F.);
#4053=EDGE_CURVE('',#241,#243,#4056,.T.);
#4054=EDGE_CURVE('',#243,#239,#4057,.T.);
#4055=LINE('',#238,#4058);
#4056=LINE('',#240,#4059);
#4057=LINE('',#242,#4060);
#4058=VECTOR('',#4061,1.0);
#4059=VECTOR('',#4062,1.0);
#4060=VECTOR('',#4063,1.0);
#4061=DIRECTION('',(0,0,1));
#4062=DIRECTION('',(-0.06536059921739779,0.05015304796570843,-0.9966005538076387));
#4063=DIRECTION('',(0.7933527761333313,-0.6087621642329097,0));
#4064=FACE_SURFACE('',(#4069),#4065,.T.);
#4065=PLANE('',#4066);
#4066=AXIS2_PLACEMENT_3D('',#242,#4067,#4068);
#4067=DIRECTION('',(-0.6087621642329097,-0.7933527761333313,0));
#4068=DIRECTION('',(0.06536059921739779,-0.05015304796570843,0.9966005538076387));
#4069=FACE_BOUND('',#4070,.T.);
#4070=EDGE_LOOP('',(#4071,#4072,#4073));
#4071=ORIENTED_EDGE('',*,*,#4074,.T.);
#4072=ORIENTED_EDGE('',*,*,#4075,.T.);
#4073=ORIENTED_EDGE('',*,*,#4076,.T.);
#4074=EDGE_CURVE('',#243,#241,#4077,.F.);
#4075=EDGE_CURVE('',#241,#245,#4078,.T.);
#4076=EDGE_CURVE('',#245,#243,#4079,.T.);
#4077=LINE('',#242,#4080);
#4078=LINE('',#240,#4081);
#4079=LINE('',#244,#4082);
#4080=VECTOR('',#4083,1.0);
#4081=VECTOR('',#4084,1.0);
#4082=VECTOR('',#4085,1.0);
#4083=DIRECTION('',(0.06536059921739779,-0.05015304796570843,0.9966005538076387));
#4084=DIRECTION('',(-0.7933527761333313,0.6087621642329097,0));
#4085=DIRECTION('',(0,0,-1));
#4086=FACE_SURFACE('',(#4091),#4087,.T.);
#4087=PLANE('',#4088);
#4088=AXIS2_PLACEMENT_3D('',#242,#4089,#4090);
#4089=DIRECTION('',(-0.3826846245393757,-0.9238790386956277,0));
#4090=DIRECTION('',(0,0,1));
#4091=FACE_BOUND('',#4092,.T.);
#4092=EDGE_LOOP('',(#4093,#4094,#4095));
#4093=ORIENTED_EDGE('',*,*,#4096,.T.);
#4094=ORIENTED_EDGE('',*,*,#4097,.T.);
#4095=ORIENTED_EDGE('',*,*,#4098,.T.);
#4096=EDGE_CURVE('',#243,#245,#4099,.F.);
#4097=EDGE_CURVE('',#245,#247,#4100,.T.);
#4098=EDGE_CURVE('',#247,#243,#4101,.T.);
#4099=LINE('',#242,#4102);
#4100=LINE('',#244,#4103);
#4101=LINE('',#246,#4104);
#4102=VECTOR('',#4105,1.0);
#4103=VECTOR('',#4106,1.0);
#4104=VECTOR('',#4107,1.0);
#4105=DIRECTION('',(0,0,1));
#4106=DIRECTION('',(-0.07611442188119,0.03152774090508509,-0.9966005199352015));
#4107=DIRECTION('',(0.9238790386956276,-0.38268462453937563,0));
#4108=FACE_SURFACE('',(#4113),#4109,.T.);
#4109=PLANE('',#4110);
#4110=AXIS2_PLACEMENT_3D('',#246,#4111,#4112);
#4111=DIRECTION('',(-0.3826846245393757,-0.9238790386956277,0));
#4112=DIRECTION('',(0.07611442188119,-0.03152774090508509,0.9966005199352015));
#4113=FACE_BOUND('',#4114,.T.);
#4114=EDGE_LOOP('',(#4115,#4116,#4117));
#4115=ORIENTED_EDGE('',*,*,#4118,.T.);
#4116=ORIENTED_EDGE('',*,*,#4119,.T.);
#4117=ORIENTED_EDGE('',*,*,#4120,.T.);
#4118=EDGE_CURVE('',#247,#245,#4121,.F.);
#4119=EDGE_CURVE('',#245,#249,#4122,.T.);
#4120=EDGE_CURVE('',#249,#247,#4123,.T.);
#4121=LINE('',#246,#4124);
#4122=LINE('',#244,#4125);
#4123=LINE('',#248,#4126);
#4124=VECTOR('',#4127,1.0);
#4125=VECTOR('',#4128,1.0);
#4126=VECTOR('',#4129,1.0);
#4127=DIRECTION('',(0.07611442188119,-0.03152774090508509,0.9966005199352015));
#4128=DIRECTION('',(-0.9238790386956276,0.38268462453937563,0));
#4129=DIRECTION('',(0,0,-1));
#4130=FACE_SURFACE('',(#4135),#4131,.T.);
#4131=PLANE('',#4132);
#4132=AXIS2_PLACEMENT_3D('',#246,#4133,#4134);
#4133=DIRECTION('',(-0.13052175633904972,-0.991445445358528,0));
#4134=DIRECTION('',(0,0,1));
#4135=FACE_BOUND('',#4136,.T.);
#4136=EDGE_LOOP('',(#4137,#4138,#4139));
#4137=ORIENTED_EDGE('',*,*,#4140,.T.);
#4138=ORIENTED_EDGE('',*,*,#4141,.T.);
#4139=ORIENTED_EDGE('',*,*,#4142,.T.);
#4140=EDGE_CURVE('',#247,#249,#4143,.F.);
#4141=EDGE_CURVE('',#249,#251,#4144,.T.);
#4142=EDGE_CURVE('',#251,#247,#4145,.T.);
#4143=LINE('',#246,#4146);
#4144=LINE('',#248,#4147);
#4145=LINE('',#250,#4148);
#4146=VECTOR('',#4149,1.0);
#4147=VECTOR('',#4150,1.0);
#4148=VECTOR('',#4151,1.0);
#4149=DIRECTION('',(0,0,1));
#4150=DIRECTION('',(-0.08168141744046048,0.010753190823058015,-0.9966004790948277));
#4151=DIRECTION('',(0.9914454453585279,-0.13052175633904972,0));
#4152=FACE_SURFACE('',(#4157),#4153,.T.);
#4153=PLANE('',#4154);
#4154=AXIS2_PLACEMENT_3D('',#250,#4155,#4156);
#4155=DIRECTION('',(-0.13052175633904972,-0.991445445358528,0));
#4156=DIRECTION('',(0.08168141744046048,-0.010753190823058015,0.9966004790948277));
#4157=FACE_BOUND('',#4158,.T.);
#4158=EDGE_LOOP('',(#4159,#4160,#4161));
#4159=ORIENTED_EDGE('',*,*,#4162,.T.);
#4160=ORIENTED_EDGE('',*,*,#4163,.T.);
#4161=ORIENTED_EDGE('',*,*,#4164,.T.);
#4162=EDGE_CURVE('',#251,#249,#4165,.F.);
#4163=EDGE_CURVE('',#249,#253,#4166,.T.);
#4164=EDGE_CURVE('',#253,#251,#4167,.T.);
#4165=LINE('',#250,#4168);
#4166=LINE('',#248,#4169);
#4167=LINE('',#252,#4170);
#4168=VECTOR('',#4171,1.0);
#4169=VECTOR('',#4172,1.0);
#4170=VECTOR('',#4173,1.0);
#4171=DIRECTION('',(0.08168141744046048,-0.010753190823058015,0.9966004790948277));
#4172=DIRECTION('',(-0.9914454453585279,0.13052175633904972,0));
#4173=DIRECTION('',(0,0,-1));
#4174=FACE_SURFACE('',(#4179),#4175,.T.);
#4175=PLANE('',#4176);
#4176=AXIS2_PLACEMENT_3D('',#250,#4177,#4178);
#4177=DIRECTION('',(0.13052374684632015,-0.9914451833103017,0));
#4178=DIRECTION('',(0,0,1));
#4179=FACE_BOUND('',#4180,.T.);
#4180=EDGE_LOOP('',(#4181,#4182,#4183));
#4181=ORIENTED_EDGE('',*,*,#4184,.T.);
#4182=ORIENTED_EDGE('',*,*,#4185,.T.);
#4183=ORIENTED_EDGE('',*,*,#4186,.T.);
#4184=EDGE_CURVE('',#251,#253,#4187,.F.);
#4185=EDGE_CURVE('',#253,#255,#4188,.T.);
#4186=EDGE_CURVE('',#255,#251,#4189,.T.);
#4187=LINE('',#250,#4190);
#4188=LINE('',#252,#4191);
#4189=LINE('',#254,#4192);
#4190=VECTOR('',#4193,1.0);
#4191=VECTOR('',#4194,1.0);
#4192=VECTOR('',#4195,1.0);
#4193=DIRECTION('',(0,0,1));
#4194=DIRECTION('',(-0.0816801586520847,-0.01075319193611457,-0.9966005822523663));
#4195=DIRECTION('',(0.9914451833103016,0.13052374684632015,0));
#4196=FACE_SURFACE('',(#4201),#4197,.T.);
#4197=PLANE('',#4198);
#4198=AXIS2_PLACEMENT_3D('',#254,#4199,#4200);
#4199=DIRECTION('',(0.13052374684632015,-0.9914451833103017,0));
#4200=DIRECTION('',(0.0816801586520847,0.01075319193611457,0.9966005822523663));
#4201=FACE_BOUND('',#4202,.T.);
#4202=EDGE_LOOP('',(#4203,#4204,#4205));
#4203=ORIENTED_EDGE('',*,*,#4206,.T.);
#4204=ORIENTED_EDGE('',*,*,#4207,.T.);
#4205=ORIENTED_EDGE('',*,*,#4208,.T.);
#4206=EDGE_CURVE('',#255,#253,#4209,.F.);
#4207=EDGE_CURVE('',#253,#257,#4210,.T.);
#4208=EDGE_CURVE('',#257,#255,#4211,.T.);
#4209=LINE('',#254,#4212);
#4210=LINE('',#252,#4213);
#4211=LINE('',#256,#4214);
#4212=VECTOR('',#4215,1.0);
#4213=VECTOR('',#4216,1.0);
#4214=VECTOR('',#4217,1.0);
#4215=DIRECTION('',(0.0816801586520847,0.01075319193611457,0.9966005822523663));
#4216=DIRECTION('',(-0.9914451833103016,-0.13052374684632015,0));
#4217=DIRECTION('',(0,0,-1));
#4218=FACE_SURFACE('',(#4223),#4219,.T.);
#4219=PLANE('',#4220);
#4220=AXIS2_PLACEMENT_3D('',#254,#4221,#4222);
#4221=DIRECTION('',(0.3826846245393757,-0.9238790386956277,0));
#4222=DIRECTION('',(0,0,1));
#4223=FACE_BOUND('',#4224,.T.);
#4224=EDGE_LOOP('',(#4225,#4226,#4227));
#4225=ORIENTED_EDGE('',*,*,#4228,.T.);
#4226=ORIENTED_EDGE('',*,*,#4229,.T.);
#4227=ORIENTED_EDGE('',*,*,#4230,.T.);
#4228=EDGE_CURVE('',#255,#257,#4231,.F.);
#4229=EDGE_CURVE('',#257,#259,#4232,.T.);
#4230=EDGE_CURVE('',#259,#255,#4233,.T.);
#4231=LINE('',#254,#4234);
#4232=LINE('',#256,#4235);
#4233=LINE('',#258,#4236);
#4234=VECTOR('',#4237,1.0);
#4235=VECTOR('',#4238,1.0);
#4236=VECTOR('',#4239,1.0);
#4237=DIRECTION('',(0,0,1));
#4238=DIRECTION('',(-0.07611442188119,-0.03152774090508509,-0.9966005199352015));
#4239=DIRECTION('',(0.9238790386956276,0.38268462453937563,0));
#4240=FACE_SURFACE('',(#4245),#4241,.T.);
#4241=PLANE('',#4242);
#4242=AXIS2_PLACEMENT_3D('',#258,#4243,#4244);
#4243=DIRECTION('',(0.3826846245393757,-0.9238790386956277,0));
#4244=DIRECTION('',(0.07611442188119,0.03152774090508509,0.9966005199352015));
#4245=FACE_BOUND('',#4246,.T.);
#4246=EDGE_LOOP('',(#4247,#4248,#4249));
#4247=ORIENTED_EDGE('',*,*,#4250,.T.);
#4248=ORIENTED_EDGE('',*,*,#4251,.T.);
#4249=ORIENTED_EDGE('',*,*,#4252,.T.);
#4250=EDGE_CURVE('',#259,#257,#4253,.F.);
#4251=EDGE_CURVE('',#257,#261,#4254,.T.);
#4252=EDGE_CURVE('',#261,#259,#4255,.T.);
#4253=LINE('',#258,#4256);
#4254=LINE('',#256,#4257);
#4255=LINE('',#260,#4258);
#4256=VECTOR('',#4259,1.0);
#4257=VECTOR('',#4260,1.0);
#4258=VECTOR('',#4261,1.0);
#4259=DIRECTION('',(0.07611442188119,0.03152774090508509,0.9966005199352015));
#4260=DIRECTION('',(-0.9238790386956276,-0.38268462453937563,0));
#4261=DIRECTION('',(0,0,-1));
#4262=FACE_SURFACE('',(#4267),#4263,.T.);
#4263=PLANE('',#4264);
#4264=AXIS2_PLACEMENT_3D('',#258,#4265,#4266);
#4265=DIRECTION('',(0.6087621642329097,-0.7933527761333313,0));
#4266=DIRECTION('',(0,0,1));
#4267=FACE_BOUND('',#4268,.T.);
#4268=EDGE_LOOP('',(#4269,#4270,#4271));
#4269=ORIENTED_EDGE('',*,*,#4272,.T.);
#4270=ORIENTED_EDGE('',*,*,#4273,.T.);
#4271=ORIENTED_EDGE('',*,*,#4274,.T.);
#4272=EDGE_CURVE('',#259,#261,#4275,.F.);
#4273=EDGE_CURVE('',#261,#263,#4276,.T.);
#4274=EDGE_CURVE('',#263,#259,#4277,.T.);
#4275=LINE('',#258,#4278);
#4276=LINE('',#260,#4279);
#4277=LINE('',#262,#4280);
#4278=VECTOR('',#4281,1.0);
#4279=VECTOR('',#4282,1.0);
#4280=VECTOR('',#4283,1.0);
#4281=DIRECTION('',(0,0,1));
#4282=DIRECTION('',(-0.06536059921739779,-0.05015304796570843,-0.9966005538076387));
#4283=DIRECTION('',(0.7933527761333313,0.6087621642329097,0));
#4284=FACE_SURFACE('',(#4289),#4285,.T.);
#4285=PLANE('',#4286);
#4286=AXIS2_PLACEMENT_3D('',#262,#4287,#4288);
#4287=DIRECTION('',(0.6087621642329097,-0.7933527761333313,0));
#4288=DIRECTION('',(0.06536059921739779,0.05015304796570843,0.9966005538076387));
#4289=FACE_BOUND('',#4290,.T.);
#4290=EDGE_LOOP('',(#4291,#4292,#4293));
#4291=ORIENTED_EDGE('',*,*,#4294,.T.);
#4292=ORIENTED_EDGE('',*,*,#4295,.T.);
#4293=ORIENTED_EDGE('',*,*,#4296,.T.);
#4294=EDGE_CURVE('',#263,#261,#4297,.F.);
#4295=EDGE_CURVE('',#261,#265,#4298,.T.);
#4296=EDGE_CURVE('',#265,#263,#4299,.T.);
#4297=LINE('',#262,#4300);
#4298=LINE('',#260,#4301);
#4299=LINE('',#264,#4302);
#4300=VECTOR('',#4303,1.0);
#4301=VECTOR('',#4304,1.0);
#4302=VECTOR('',#4305,1.0);
#4303=DIRECTION('',(0.06536059921739779,0.05015304796570843,0.9966005538076387));
#4304=DIRECTION('',(-0.7933527761333313,-0.6087621642329097,0));
#4305=DIRECTION('',(0,0,-1));
#4306=FACE_SURFACE('',(#4311),#4307,.T.);
#4307=PLANE('',#4308);
#4308=AXIS2_PLACEMENT_3D('',#262,#4309,#4310);
#4309=DIRECTION('',(0.7933519118955408,-0.6087632905257101,0));
#4310=DIRECTION('',(0,0,1));
#4311=FACE_BOUND('',#4312,.T.);
#4312=EDGE_LOOP('',(#4313,#4314,#4315));
#4313=ORIENTED_EDGE('',*,*,#4316,.T.);
#4314=ORIENTED_EDGE('',*,*,#4317,.T.);
#4315=ORIENTED_EDGE('',*,*,#4318,.T.);
#4316=EDGE_CURVE('',#263,#265,#4319,.F.);
#4317=EDGE_CURVE('',#265,#267,#4320,.T.);
#4318=EDGE_CURVE('',#267,#263,#4321,.T.);
#4319=LINE('',#262,#4322);
#4320=LINE('',#264,#4323);
#4321=LINE('',#266,#4324);
#4322=VECTOR('',#4325,1.0);
#4323=VECTOR('',#4326,1.0);
#4324=VECTOR('',#4327,1.0);
#4325=DIRECTION('',(0,0,1));
#4326=DIRECTION('',(-0.050153677916411454,-0.06536122805502467,-0.9966004808641203));
#4327=DIRECTION('',(0.6087632905257101,0.7933519118955407,0));
#4328=FACE_SURFACE('',(#4333),#4329,.T.);
#4329=PLANE('',#4330);
#4330=AXIS2_PLACEMENT_3D('',#266,#4331,#4332);
#4331=DIRECTION('',(0.7933519118955408,-0.6087632905257101,0));
#4332=DIRECTION('',(0.050153677916411454,0.06536122805502467,0.9966004808641203));
#4333=FACE_BOUND('',#4334,.T.);
#4334=EDGE_LOOP('',(#4335,#4336,#4337));
#4335=ORIENTED_EDGE('',*,*,#4338,.T.);
#4336=ORIENTED_EDGE('',*,*,#4339,.T.);
#4337=ORIENTED_EDGE('',*,*,#4340,.T.);
#4338=EDGE_CURVE('',#267,#265,#4341,.F.);
#4339=EDGE_CURVE('',#265,#269,#4342,.T.);
#4340=EDGE_CURVE('',#269,#267,#4343,.T.);
#4341=LINE('',#266,#4344);
#4342=LINE('',#264,#4345);
#4343=LINE('',#268,#4346);
#4344=VECTOR('',#4347,1.0);
#4345=VECTOR('',#4348,1.0);
#4346=VECTOR('',#4349,1.0);
#4347=DIRECTION('',(0.050153677916411454,0.06536122805502467,0.9966004808641203));
#4348=DIRECTION('',(-0.6087632905257101,-0.7933519118955407,0));
#4349=DIRECTION('',(0,0,-1));
#4350=FACE_SURFACE('',(#4355),#4351,.T.);
#4351=PLANE('',#4352);
#4352=AXIS2_PLACEMENT_3D('',#266,#4353,#4354);
#4353=DIRECTION('',(0.9238779123679569,-0.3826873437136716,0));
#4354=DIRECTION('',(0,0,1));
#4355=FACE_BOUND('',#4356,.T.);
#4356=EDGE_LOOP('',(#4357,#4358,#4359));
#4357=ORIENTED_EDGE('',*,*,#4360,.T.);
#4358=ORIENTED_EDGE('',*,*,#4361,.T.);
#4359=ORIENTED_EDGE('',*,*,#4362,.T.);
#4360=EDGE_CURVE('',#267,#269,#4363,.F.);
#4361=EDGE_CURVE('',#269,#271,#4364,.T.);
#4362=EDGE_CURVE('',#271,#267,#4365,.T.);
#4363=LINE('',#266,#4366);
#4364=LINE('',#268,#4367);
#4365=LINE('',#270,#4368);
#4366=VECTOR('',#4369,1.0);
#4367=VECTOR('',#4370,1.0);
#4368=VECTOR('',#4371,1.0);
#4369=DIRECTION('',(0,0,1));
#4370=DIRECTION('',(-0.03152774242559049,-0.0761137919304244,-0.9966005679987934));
#4371=DIRECTION('',(0.3826873437136716,0.9238779123679569,0));
#4372=FACE_SURFACE('',(#4377),#4373,.T.);
#4373=PLANE('',#4374);
#4374=AXIS2_PLACEMENT_3D('',#270,#4375,#4376);
#4375=DIRECTION('',(0.9238779123679569,-0.3826873437136716,0));
#4376=DIRECTION('',(0.03152774242559049,0.0761137919304244,0.9966005679987934));
#4377=FACE_BOUND('',#4378,.T.);
#4378=EDGE_LOOP('',(#4379,#4380,#4381));
#4379=ORIENTED_EDGE('',*,*,#4382,.T.);
#4380=ORIENTED_EDGE('',*,*,#4383,.T.);
#4381=ORIENTED_EDGE('',*,*,#4384,.T.);
#4382=EDGE_CURVE('',#271,#269,#4385,.F.);
#4383=EDGE_CURVE('',#269,#273,#4386,.T.);
#4384=EDGE_CURVE('',#273,#271,#4387,.T.);
#4385=LINE('',#270,#4388);
#4386=LINE('',#268,#4389);
#4387=LINE('',#272,#4390);
#4388=VECTOR('',#4391,1.0);
#4389=VECTOR('',#4392,1.0);
#4390=VECTOR('',#4393,1.0);
#4391=DIRECTION('',(0.03152774242559049,0.0761137919304244,0.9966005679987934));
#4392=DIRECTION('',(-0.3826873437136716,-0.9238779123679569,0));
#4393=DIRECTION('',(0,0,-1));
#4394=FACE_SURFACE('',(#4399),#4395,.T.);
#4395=PLANE('',#4396);
#4396=AXIS2_PLACEMENT_3D('',#270,#4397,#4398);
#4397=DIRECTION('',(0.9914443190544547,-0.13053031147840144,0));
#4398=DIRECTION('',(0,0,1));
#4399=FACE_BOUND('',#4400,.T.);
#4400=EDGE_LOOP('',(#4401,#4402,#4403));
#4401=ORIENTED_EDGE('',*,*,#4404,.T.);
#4402=ORIENTED_EDGE('',*,*,#4405,.T.);
#4403=ORIENTED_EDGE('',*,*,#4406,.T.);
#4404=EDGE_CURVE('',#271,#273,#4407,.F.);
#4405=EDGE_CURVE('',#273,#275,#4408,.T.);
#4406=EDGE_CURVE('',#275,#271,#4409,.T.);
#4407=LINE('',#270,#4410);
#4408=LINE('',#272,#4411);
#4409=LINE('',#274,#4412);
#4410=VECTOR('',#4413,1.0);
#4411=VECTOR('',#4414,1.0);
#4412=VECTOR('',#4415,1.0);
#4413=DIRECTION('',(0,0,1));
#4414=DIRECTION('',(-0.010753824927868774,-0.08168078748977678,-0.9966005238833013));
#4415=DIRECTION('',(0.1305303114784014,0.9914443190544547,0));
#4416=FACE_SURFACE('',(#4421),#4417,.T.);
#4417=PLANE('',#4418);
#4418=AXIS2_PLACEMENT_3D('',#274,#4419,#4420);
#4419=DIRECTION('',(0.9914443190544547,-0.13053031147840144,0));
#4420=DIRECTION('',(0.010753824927868774,0.08168078748977678,0.9966005238833013));
#4421=FACE_BOUND('',#4422,.T.);
#4422=EDGE_LOOP('',(#4423,#4424,#4425));
#4423=ORIENTED_EDGE('',*,*,#4426,.T.);
#4424=ORIENTED_EDGE('',*,*,#4427,.T.);
#4425=ORIENTED_EDGE('',*,*,#4428,.T.);
#4426=EDGE_CURVE('',#275,#273,#4429,.F.);
#4427=EDGE_CURVE('',#273,#277,#4430,.T.);
#4428=EDGE_CURVE('',#277,#275,#4431,.T.);
#4429=LINE('',#274,#4432);
#4430=LINE('',#272,#4433);
#4431=LINE('',#276,#4434);
#4432=VECTOR('',#4435,1.0);
#4433=VECTOR('',#4436,1.0);
#4434=VECTOR('',#4437,1.0);
#4435=DIRECTION('',(0.010753824927868774,0.08168078748977678,0.9966005238833013));
#4436=DIRECTION('',(-0.1305303114784014,-0.9914443190544547,0));
#4437=DIRECTION('',(0,0,-1));
#4438=FACE_SURFACE('',(#4443),#4439,.T.);
#4439=PLANE('',#4440);
#4440=AXIS2_PLACEMENT_3D('',#274,#4441,#4442);
#4441=DIRECTION('',(0.9914443190544547,0.13053031147840144,-0));
#4442=DIRECTION('',(0,0,1));
#4443=FACE_BOUND('',#4444,.T.);
#4444=EDGE_LOOP('',(#4445,#4446,#4447));
#4445=ORIENTED_EDGE('',*,*,#4448,.T.);
#4446=ORIENTED_EDGE('',*,*,#4449,.T.);
#4447=ORIENTED_EDGE('',*,*,#4450,.T.);
#4448=EDGE_CURVE('',#275,#277,#4451,.F.);
#4449=EDGE_CURVE('',#277,#279,#4452,.T.);
#4450=EDGE_CURVE('',#279,#275,#4453,.T.);
#4451=LINE('',#274,#4454);
#4452=LINE('',#276,#4455);
#4453=LINE('',#278,#4456);
#4454=VECTOR('',#4457,1.0);
#4455=VECTOR('',#4458,1.0);
#4456=VECTOR('',#4459,1.0);
#4457=DIRECTION('',(0,0,1));
#4458=DIRECTION('',(0.010753824927868774,-0.08168078748977678,-0.9966005238833013));
#4459=DIRECTION('',(-0.1305303114784014,0.9914443190544547,0));
#4460=FACE_SURFACE('',(#4465),#4461,.T.);
#4461=PLANE('',#4462);
#4462=AXIS2_PLACEMENT_3D('',#278,#4463,#4464);
#4463=DIRECTION('',(0.9914443190544547,0.13053031147840144,-0));
#4464=DIRECTION('',(-0.010753824927868774,0.08168078748977678,0.9966005238833013));
#4465=FACE_BOUND('',#4466,.T.);
#4466=EDGE_LOOP('',(#4467,#4468,#4469));
#4467=ORIENTED_EDGE('',*,*,#4470,.T.);
#4468=ORIENTED_EDGE('',*,*,#4471,.T.);
#4469=ORIENTED_EDGE('',*,*,#4472,.T.);
#4470=EDGE_CURVE('',#279,#277,#4473,.F.);
#4471=EDGE_CURVE('',#277,#281,#4474,.T.);
#4472=EDGE_CURVE('',#281,#279,#4475,.T.);
#4473=LINE('',#278,#4476);
#4474=LINE('',#276,#4477);
#4475=LINE('',#280,#4478);
#4476=VECTOR('',#4479,1.0);
#4477=VECTOR('',#4480,1.0);
#4478=VECTOR('',#4481,1.0);
#4479=DIRECTION('',(-0.010753824927868774,0.08168078748977678,0.9966005238833013));
#4480=DIRECTION('',(0.1305303114784014,-0.9914443190544547,0));
#4481=DIRECTION('',(0,0,-1));
#4482=FACE_SURFACE('',(#4487),#4483,.T.);
#4483=PLANE('',#4484);
#4484=AXIS2_PLACEMENT_3D('',#278,#4485,#4486);
#4485=DIRECTION('',(0.9238790386956277,0.3826846245393757,-0));
#4486=DIRECTION('',(0,0,1));
#4487=FACE_BOUND('',#4488,.T.);
#4488=EDGE_LOOP('',(#4489,#4490,#4491));
#4489=ORIENTED_EDGE('',*,*,#4492,.T.);
#4490=ORIENTED_EDGE('',*,*,#4493,.T.);
#4491=ORIENTED_EDGE('',*,*,#4494,.T.);
#4492=EDGE_CURVE('',#279,#281,#4495,.F.);
#4493=EDGE_CURVE('',#281,#283,#4496,.T.);
#4494=EDGE_CURVE('',#283,#279,#4497,.T.);
#4495=LINE('',#278,#4498);
#4496=LINE('',#280,#4499);
#4497=LINE('',#282,#4500);
#4498=VECTOR('',#4501,1.0);
#4499=VECTOR('',#4502,1.0);
#4500=VECTOR('',#4503,1.0);
#4501=DIRECTION('',(0,0,1));
#4502=DIRECTION('',(0.03152774090508509,-0.07611442188119,-0.9966005199352015));
#4503=DIRECTION('',(-0.38268462453937563,0.9238790386956276,0));
#4504=FACE_SURFACE('',(#4509),#4505,.T.);
#4505=PLANE('',#4506);
#4506=AXIS2_PLACEMENT_3D('',#282,#4507,#4508);
#4507=DIRECTION('',(0.9238790386956277,0.3826846245393757,-0));
#4508=DIRECTION('',(-0.03152774090508509,0.07611442188119,0.9966005199352015));
#4509=FACE_BOUND('',#4510,.T.);
#4510=EDGE_LOOP('',(#4511,#4512,#4513));
#4511=ORIENTED_EDGE('',*,*,#4514,.T.);
#4512=ORIENTED_EDGE('',*,*,#4515,.T.);
#4513=ORIENTED_EDGE('',*,*,#4516,.T.);
#4514=EDGE_CURVE('',#283,#281,#4517,.F.);
#4515=EDGE_CURVE('',#281,#285,#4518,.T.);
#4516=EDGE_CURVE('',#285,#283,#4519,.T.);
#4517=LINE('',#282,#4520);
#4518=LINE('',#280,#4521);
#4519=LINE('',#284,#4522);
#4520=VECTOR('',#4523,1.0);
#4521=VECTOR('',#4524,1.0);
#4522=VECTOR('',#4525,1.0);
#4523=DIRECTION('',(-0.03152774090508509,0.07611442188119,0.9966005199352015));
#4524=DIRECTION('',(0.38268462453937563,-0.9238790386956276,0));
#4525=DIRECTION('',(0,0,-1));
#4526=FACE_SURFACE('',(#4531),#4527,.T.);
#4527=PLANE('',#4528);
#4528=AXIS2_PLACEMENT_3D('',#282,#4529,#4530);
#4529=DIRECTION('',(0.7933519118955408,0.6087632905257101,-0));
#4530=DIRECTION('',(0,0,1));
#4531=FACE_BOUND('',#4532,.T.);
#4532=EDGE_LOOP('',(#4533,#4534,#4535));
#4533=ORIENTED_EDGE('',*,*,#4536,.T.);
#4534=ORIENTED_EDGE('',*,*,#4537,.T.);
#4535=ORIENTED_EDGE('',*,*,#4538,.T.);
#4536=EDGE_CURVE('',#283,#285,#4539,.F.);
#4537=EDGE_CURVE('',#285,#287,#4540,.T.);
#4538=EDGE_CURVE('',#287,#283,#4541,.T.);
#4539=LINE('',#282,#4542);
#4540=LINE('',#284,#4543);
#4541=LINE('',#286,#4544);
#4542=VECTOR('',#4545,1.0);
#4543=VECTOR('',#4546,1.0);
#4544=VECTOR('',#4547,1.0);
#4545=DIRECTION('',(0,0,1));
#4546=DIRECTION('',(0.050153677916411454,-0.06536122805502467,-0.9966004808641203));
#4547=DIRECTION('',(-0.6087632905257101,0.7933519118955407,0));
#4548=FACE_SURFACE('',(#4553),#4549,.T.);
#4549=PLANE('',#4550);
#4550=AXIS2_PLACEMENT_3D('',#286,#4551,#4552);
#4551=DIRECTION('',(0.7933519118955408,0.6087632905257101,-0));
#4552=DIRECTION('',(-0.050153677916411454,0.06536122805502467,0.9966004808641203));
#4553=FACE_BOUND('',#4554,.T.);
#4554=EDGE_LOOP('',(#4555,#4556,#4557));
#4555=ORIENTED_EDGE('',*,*,#4558,.T.);
#4556=ORIENTED_EDGE('',*,*,#4559,.T.);
#4557=ORIENTED_EDGE('',*,*,#4560,.T.);
#4558=EDGE_CURVE('',#287,#285,#4561,.F.);
#4559=EDGE_CURVE('',#285,#289,#4562,.T.);
#4560=EDGE_CURVE('',#289,#287,#4563,.T.);
#4561=LINE('',#286,#4564);
#4562=LINE('',#284,#4565);
#4563=LINE('',#288,#4566);
#4564=VECTOR('',#4567,1.0);
#4565=VECTOR('',#4568,1.0);
#4566=VECTOR('',#4569,1.0);
#4567=DIRECTION('',(-0.050153677916411454,0.06536122805502467,0.9966004808641203));
#4568=DIRECTION('',(0.6087632905257101,-0.7933519118955407,0));
#4569=DIRECTION('',(0,0,-1));
#4570=FACE_SURFACE('',(#4575),#4571,.T.);
#4571=PLANE('',#4572);
#4572=AXIS2_PLACEMENT_3D('',#286,#4573,#4574);
#4573=DIRECTION('',(0.6087621642329097,0.7933527761333313,-0));
#4574=DIRECTION('',(0,0,1));
#4575=FACE_BOUND('',#4576,.T.);
#4576=EDGE_LOOP('',(#4577,#4578,#4579));
#4577=ORIENTED_EDGE('',*,*,#4580,.T.);
#4578=ORIENTED_EDGE('',*,*,#4581,.T.);
#4579=ORIENTED_EDGE('',*,*,#4582,.T.);
#4580=EDGE_CURVE('',#287,#289,#4583,.F.);
#4581=EDGE_CURVE('',#289,#291,#4584,.T.);
#4582=EDGE_CURVE('',#291,#287,#4585,.T.);
#4583=LINE('',#286,#4586);
#4584=LINE('',#288,#4587);
#4585=LINE('',#290,#4588);
#4586=VECTOR('',#4589,1.0);
#4587=VECTOR('',#4590,1.0);
#4588=VECTOR('',#4591,1.0);
#4589=DIRECTION('',(0,0,1));
#4590=DIRECTION('',(0.06536059921739779,-0.05015304796570843,-0.9966005538076387));
#4591=DIRECTION('',(-0.7933527761333313,0.6087621642329097,0));
#4592=FACE_SURFACE('',(#4597),#4593,.T.);
#4593=PLANE('',#4594);
#4594=AXIS2_PLACEMENT_3D('',#290,#4595,#4596);
#4595=DIRECTION('',(0.6087621642329097,0.7933527761333313,-0));
#4596=DIRECTION('',(-0.06536059921739779,0.05015304796570843,0.9966005538076387));
#4597=FACE_BOUND('',#4598,.T.);
#4598=EDGE_LOOP('',(#4599,#4600,#4601));
#4599=ORIENTED_EDGE('',*,*,#4602,.T.);
#4600=ORIENTED_EDGE('',*,*,#4603,.T.);
#4601=ORIENTED_EDGE('',*,*,#4604,.T.);
#4602=EDGE_CURVE('',#291,#289,#4605,.F.);
#4603=EDGE_CURVE('',#289,#293,#4606,.T.);
#4604=EDGE_CURVE('',#293,#291,#4607,.T.);
#4605=LINE('',#290,#4608);
#4606=LINE('',#288,#4609);
#4607=LINE('',#292,#4610);
#4608=VECTOR('',#4611,1.0);
#4609=VECTOR('',#4612,1.0);
#4610=VECTOR('',#4613,1.0);
#4611=DIRECTION('',(-0.06536059921739779,0.05015304796570843,0.9966005538076387));
#4612=DIRECTION('',(0.7933527761333313,-0.6087621642329097,0));
#4613=DIRECTION('',(0,0,-1));
#4614=FACE_SURFACE('',(#4619),#4615,.T.);
#4615=PLANE('',#4616);
#4616=AXIS2_PLACEMENT_3D('',#290,#4617,#4618);
#4617=DIRECTION('',(0.3826846245393757,0.9238790386956277,-0));
#4618=DIRECTION('',(0,0,1));
#4619=FACE_BOUND('',#4620,.T.);
#4620=EDGE_LOOP('',(#4621,#4622,#4623));
#4621=ORIENTED_EDGE('',*,*,#4624,.T.);
#4622=ORIENTED_EDGE('',*,*,#4625,.T.);
#4623=ORIENTED_EDGE('',*,*,#4626,.T.);
#4624=EDGE_CURVE('',#291,#293,#4627,.F.);
#4625=EDGE_CURVE('',#293,#295,#4628,.T.);
#4626=EDGE_CURVE('',#295,#291,#4629,.T.);
#4627=LINE('',#290,#4630);
#4628=LINE('',#292,#4631);
#4629=LINE('',#294,#4632);
#4630=VECTOR('',#4633,1.0);
#4631=VECTOR('',#4634,1.0);
#4632=VECTOR('',#4635,1.0);
#4633=DIRECTION('',(0,0,1));
#4634=DIRECTION('',(0.07611442188119,-0.03152774090508509,-0.9966005199352015));
#4635=DIRECTION('',(-0.9238790386956276,0.38268462453937563,0));
#4636=FACE_SURFACE('',(#4641),#4637,.T.);
#4637=PLANE('',#4638);
#4638=AXIS2_PLACEMENT_3D('',#294,#4639,#4640);
#4639=DIRECTION('',(0.3826846245393757,0.9238790386956277,-0));
#4640=DIRECTION('',(-0.07611442188119,0.03152774090508509,0.9966005199352015));
#4641=FACE_BOUND('',#4642,.T.);
#4642=EDGE_LOOP('',(#4643,#4644,#4645));
#4643=ORIENTED_EDGE('',*,*,#4646,.T.);
#4644=ORIENTED_EDGE('',*,*,#4647,.T.);
#4645=ORIENTED_EDGE('',*,*,#4648,.T.);
#4646=EDGE_CURVE('',#295,#293,#4649,.F.);
#4647=EDGE_CURVE('',#293,#297,#4650,.T.);
#4648=EDGE_CURVE('',#297,#295,#4651,.T.);
#4649=LINE('',#294,#4652);
#4650=LINE('',#292,#4653);
#4651=LINE('',#296,#4654);
#4652=VECTOR('',#4655,1.0);
#4653=VECTOR('',#4656,1.0);
#4654=VECTOR('',#4657,1.0);
#4655=DIRECTION('',(-0.07611442188119,0.03152774090508509,0.9966005199352015));
#4656=DIRECTION('',(0.9238790386956276,-0.38268462453937563,0));
#4657=DIRECTION('',(0,0,-1));
#4658=FACE_SURFACE('',(#4663),#4659,.T.);
#4659=PLANE('',#4660);
#4660=AXIS2_PLACEMENT_3D('',#294,#4661,#4662);
#4661=DIRECTION('',(0.13052374684632015,0.9914451833103017,-0));
#4662=DIRECTION('',(0,0,1));
#4663=FACE_BOUND('',#4664,.T.);
#4664=EDGE_LOOP('',(#4665,#4666,#4667));
#4665=ORIENTED_EDGE('',*,*,#4668,.T.);
#4666=ORIENTED_EDGE('',*,*,#4669,.T.);
#4667=ORIENTED_EDGE('',*,*,#4670,.T.);
#4668=EDGE_CURVE('',#295,#297,#4671,.F.);
#4669=EDGE_CURVE('',#297,#299,#4672,.T.);
#4670=EDGE_CURVE('',#299,#295,#4673,.T.);
#4671=LINE('',#294,#4674);
#4672=LINE('',#296,#4675);
#4673=LINE('',#298,#4676);
#4674=VECTOR('',#4677,1.0);
#4675=VECTOR('',#4678,1.0);
#4676=VECTOR('',#4679,1.0);
#4677=DIRECTION('',(0,0,1));
#4678=DIRECTION('',(0.0816801586520847,-0.01075319193611457,-0.9966005822523663));
#4679=DIRECTION('',(-0.9914451833103016,0.13052374684632015,0));
#4680=FACE_SURFACE('',(#4685),#4681,.T.);
#4681=PLANE('',#4682);
#4682=AXIS2_PLACEMENT_3D('',#298,#4683,#4684);
#4683=DIRECTION('',(0.13052374684632015,0.9914451833103017,-0));
#4684=DIRECTION('',(-0.0816801586520847,0.01075319193611457,0.9966005822523663));
#4685=FACE_BOUND('',#4686,.T.);
#4686=EDGE_LOOP('',(#4687,#4688,#4689));
#4687=ORIENTED_EDGE('',*,*,#4690,.T.);
#4688=ORIENTED_EDGE('',*,*,#4691,.T.);
#4689=ORIENTED_EDGE('',*,*,#4692,.T.);
#4690=EDGE_CURVE('',#299,#297,#4693,.F.);
#4691=EDGE_CURVE('',#297,#301,#4694,.T.);
#4692=EDGE_CURVE('',#301,#299,#4695,.T.);
#4693=LINE('',#298,#4696);
#4694=LINE('',#296,#4697);
#4695=LINE('',#300,#4698);
#4696=VECTOR('',#4699,1.0);
#4697=VECTOR('',#4700,1.0);
#4698=VECTOR('',#4701,1.0);
#4699=DIRECTION('',(-0.0816801586520847,0.01075319193611457,0.9966005822523663));
#4700=DIRECTION('',(0.9914451833103016,-0.13052374684632015,0));
#4701=DIRECTION('',(0,0,-1));
#4702=FACE_SURFACE('',(#4707),#4703,.T.);
#4703=PLANE('',#4704);
#4704=AXIS2_PLACEMENT_3D('',#298,#4705,#4706);
#4705=DIRECTION('',(-0.13052175633904972,0.991445445358528,0));
#4706=DIRECTION('',(0,0,1));
#4707=FACE_BOUND('',#4708,.T.);
#4708=EDGE_LOOP('',(#4709,#4710,#4711));
#4709=ORIENTED_EDGE('',*,*,#4712,.T.);
#4710=ORIENTED_EDGE('',*,*,#4713,.T.);
#4711=ORIENTED_EDGE('',*,*,#4714,.T.);
#4712=EDGE_CURVE('',#299,#301,#4715,.F.);
#4713=EDGE_CURVE('',#301,#303,#4716,.T.);
#4714=EDGE_CURVE('',#303,#299,#4717,.T.);
#4715=LINE('',#298,#4718);
#4716=LINE('',#300,#4719);
#4717=LINE('',#302,#4720);
#4718=VECTOR('',#4721,1.0);
#4719=VECTOR('',#4722,1.0);
#4720=VECTOR('',#4723,1.0);
#4721=DIRECTION('',(0,0,1));
#4722=DIRECTION('',(0.08168141744046048,0.010753190823058015,-0.9966004790948277));
#4723=DIRECTION('',(-0.9914454453585279,-0.13052175633904972,0));
#4724=FACE_SURFACE('',(#4729),#4725,.T.);
#4725=PLANE('',#4726);
#4726=AXIS2_PLACEMENT_3D('',#302,#4727,#4728);
#4727=DIRECTION('',(-0.13052175633904972,0.991445445358528,0));
#4728=DIRECTION('',(-0.08168141744046048,-0.010753190823058015,0.9966004790948277));
#4729=FACE_BOUND('',#4730,.T.);
#4730=EDGE_LOOP('',(#4731,#4732,#4733));
#4731=ORIENTED_EDGE('',*,*,#4734,.T.);
#4732=ORIENTED_EDGE('',*,*,#4735,.T.);
#4733=ORIENTED_EDGE('',*,*,#4736,.T.);
#4734=EDGE_CURVE('',#303,#301,#4737,.F.);
#4735=EDGE_CURVE('',#301,#305,#4738,.T.);
#4736=EDGE_CURVE('',#305,#303,#4739,.T.);
#4737=LINE('',#302,#4740);
#4738=LINE('',#300,#4741);
#4739=LINE('',#304,#4742);
#4740=VECTOR('',#4743,1.0);
#4741=VECTOR('',#4744,1.0);
#4742=VECTOR('',#4745,1.0);
#4743=DIRECTION('',(-0.08168141744046048,-0.010753190823058015,0.9966004790948277));
#4744=DIRECTION('',(0.9914454453585279,0.13052175633904972,0));
#4745=DIRECTION('',(0,0,-1));
#4746=FACE_SURFACE('',(#4751),#4747,.T.);
#4747=PLANE('',#4748);
#4748=AXIS2_PLACEMENT_3D('',#302,#4749,#4750);
#4749=DIRECTION('',(-0.3826846245393757,0.9238790386956277,0));
#4750=DIRECTION('',(0,0,1));
#4751=FACE_BOUND('',#4752,.T.);
#4752=EDGE_LOOP('',(#4753,#4754,#4755));
#4753=ORIENTED_EDGE('',*,*,#4756,.T.);
#4754=ORIENTED_EDGE('',*,*,#4757,.T.);
#4755=ORIENTED_EDGE('',*,*,#4758,.T.);
#4756=EDGE_CURVE('',#303,#305,#4759,.F.);
#4757=EDGE_CURVE('',#305,#307,#4760,.T.);
#4758=EDGE_CURVE('',#307,#303,#4761,.T.);
#4759=LINE('',#302,#4762);
#4760=LINE('',#304,#4763);
#4761=LINE('',#306,#4764);
#4762=VECTOR('',#4765,1.0);
#4763=VECTOR('',#4766,1.0);
#4764=VECTOR('',#4767,1.0);
#4765=DIRECTION('',(0,0,1));
#4766=DIRECTION('',(0.07611442188119,0.03152774090508509,-0.9966005199352015));
#4767=DIRECTION('',(-0.9238790386956276,-0.38268462453937563,0));
#4768=FACE_SURFACE('',(#4773),#4769,.T.);
#4769=PLANE('',#4770);
#4770=AXIS2_PLACEMENT_3D('',#306,#4771,#4772);
#4771=DIRECTION('',(-0.3826846245393757,0.9238790386956277,0));
#4772=DIRECTION('',(-0.07611442188119,-0.03152774090508509,0.9966005199352015));
#4773=FACE_BOUND('',#4774,.T.);
#4774=EDGE_LOOP('',(#4775,#4776,#4777));
#4775=ORIENTED_EDGE('',*,*,#4778,.T.);
#4776=ORIENTED_EDGE('',*,*,#4779,.T.);
#4777=ORIENTED_EDGE('',*,*,#4780,.T.);
#4778=EDGE_CURVE('',#307,#305,#4781,.F.);
#4779=EDGE_CURVE('',#305,#309,#4782,.T.);
#4780=EDGE_CURVE('',#309,#307,#4783,.T.);
#4781=LINE('',#306,#4784);
#4782=LINE('',#304,#4785);
#4783=LINE('',#308,#4786);
#4784=VECTOR('',#4787,1.0);
#4785=VECTOR('',#4788,1.0);
#4786=VECTOR('',#4789,1.0);
#4787=DIRECTION('',(-0.07611442188119,-0.03152774090508509,0.9966005199352015));
#4788=DIRECTION('',(0.9238790386956276,0.38268462453937563,0));
#4789=DIRECTION('',(0,0,-1));
#4790=FACE_SURFACE('',(#4795),#4791,.T.);
#4791=PLANE('',#4792);
#4792=AXIS2_PLACEMENT_3D('',#306,#4793,#4794);
#4793=DIRECTION('',(-0.6087621642329097,0.7933527761333313,0));
#4794=DIRECTION('',(0,0,1));
#4795=FACE_BOUND('',#4796,.T.);
#4796=EDGE_LOOP('',(#4797,#4798,#4799));
#4797=ORIENTED_EDGE('',*,*,#4800,.T.);
#4798=ORIENTED_EDGE('',*,*,#4801,.T.);
#4799=ORIENTED_EDGE('',*,*,#4802,.T.);
#4800=EDGE_CURVE('',#307,#309,#4803,.F.);
#4801=EDGE_CURVE('',#309,#311,#4804,.T.);
#4802=EDGE_CURVE('',#311,#307,#4805,.T.);
#4803=LINE('',#306,#4806);
#4804=LINE('',#308,#4807);
#4805=LINE('',#310,#4808);
#4806=VECTOR('',#4809,1.0);
#4807=VECTOR('',#4810,1.0);
#4808=VECTOR('',#4811,1.0);
#4809=DIRECTION('',(0,0,1));
#4810=DIRECTION('',(0.06536059921739779,0.05015304796570843,-0.9966005538076387));
#4811=DIRECTION('',(-0.7933527761333313,-0.6087621642329097,0));
#4812=FACE_SURFACE('',(#4817),#4813,.T.);
#4813=PLANE('',#4814);
#4814=AXIS2_PLACEMENT_3D('',#310,#4815,#4816);
#4815=DIRECTION('',(-0.6087621642329097,0.7933527761333313,0));
#4816=DIRECTION('',(-0.06536059921739779,-0.05015304796570843,0.9966005538076387));
#4817=FACE_BOUND('',#4818,.T.);
#4818=EDGE_LOOP('',(#4819,#4820,#4821));
#4819=ORIENTED_EDGE('',*,*,#4822,.T.);
#4820=ORIENTED_EDGE('',*,*,#4823,.T.);
#4821=ORIENTED_EDGE('',*,*,#4824,.T.);
#4822=EDGE_CURVE('',#311,#309,#4825,.F.);
#4823=EDGE_CURVE('',#309,#313,#4826,.T.);
#4824=EDGE_CURVE('',#313,#311,#4827,.T.);
#4825=LINE('',#310,#4828);
#4826=LINE('',#308,#4829);
#4827=LINE('',#312,#4830);
#4828=VECTOR('',#4831,1.0);
#4829=VECTOR('',#4832,1.0);
#4830=VECTOR('',#4833,1.0);
#4831=DIRECTION('',(-0.06536059921739779,-0.05015304796570843,0.9966005538076387));
#4832=DIRECTION('',(0.7933527761333313,0.6087621642329097,0));
#4833=DIRECTION('',(0,0,-1));
#4834=FACE_SURFACE('',(#4839),#4835,.T.);
#4835=PLANE('',#4836);
#4836=AXIS2_PLACEMENT_3D('',#310,#4837,#4838);
#4837=DIRECTION('',(-0.7933593407273635,0.6087536090083105,0));
#4838=DIRECTION('',(0,0,1));
#4839=FACE_BOUND('',#4840,.T.);
#4840=EDGE_LOOP('',(#4841,#4842,#4843));
#4841=ORIENTED_EDGE('',*,*,#4844,.T.);
#4842=ORIENTED_EDGE('',*,*,#4845,.T.);
#4843=ORIENTED_EDGE('',*,*,#4846,.T.);
#4844=EDGE_CURVE('',#311,#313,#4847,.F.);
#4845=EDGE_CURVE('',#313,#315,#4848,.T.);
#4846=EDGE_CURVE('',#315,#311,#4849,.T.);
#4847=LINE('',#310,#4850);
#4848=LINE('',#312,#4851);
#4849=LINE('',#314,#4852);
#4850=VECTOR('',#4853,1.0);
#4851=VECTOR('',#4854,1.0);
#4852=VECTOR('',#4855,1.0);
#4853=DIRECTION('',(0,0,1));
#4854=DIRECTION('',(0.05015241386086012,0.0653612322091296,-0.9966005442041628));
#4855=DIRECTION('',(-0.6087536090083107,-0.7933593407273636,0));
#4856=FACE_SURFACE('',(#4861),#4857,.T.);
#4857=PLANE('',#4858);
#4858=AXIS2_PLACEMENT_3D('',#314,#4859,#4860);
#4859=DIRECTION('',(-0.7933593407273635,0.6087536090083105,0));
#4860=DIRECTION('',(-0.05015241386086012,-0.0653612322091296,0.9966005442041628));
#4861=FACE_BOUND('',#4862,.T.);
#4862=EDGE_LOOP('',(#4863,#4864,#4865));
#4863=ORIENTED_EDGE('',*,*,#4866,.T.);
#4864=ORIENTED_EDGE('',*,*,#4867,.T.);
#4865=ORIENTED_EDGE('',*,*,#4868,.T.);
#4866=EDGE_CURVE('',#315,#313,#4869,.F.);
#4867=EDGE_CURVE('',#313,#317,#4870,.T.);
#4868=EDGE_CURVE('',#317,#315,#4871,.T.);
#4869=LINE('',#314,#4872);
#4870=LINE('',#312,#4873);
#4871=LINE('',#316,#4874);
#4872=VECTOR('',#4875,1.0);
#4873=VECTOR('',#4876,1.0);
#4874=VECTOR('',#4877,1.0);
#4875=DIRECTION('',(-0.05015241386086012,-0.0653612322091296,0.9966005442041628));
#4876=DIRECTION('',(0.6087536090083107,0.7933593407273636,0));
#4877=DIRECTION('',(0,0,-1));
#4878=FACE_SURFACE('',(#4883),#4879,.T.);
#4879=PLANE('',#4880);
#4880=AXIS2_PLACEMENT_3D('',#314,#4881,#4882);
#4881=DIRECTION('',(-0.9238790386956277,0.3826846245393757,0));
#4882=DIRECTION('',(0,0,1));
#4883=FACE_BOUND('',#4884,.T.);
#4884=EDGE_LOOP('',(#4885,#4886,#4887));
#4885=ORIENTED_EDGE('',*,*,#4888,.T.);
#4886=ORIENTED_EDGE('',*,*,#4889,.T.);
#4887=ORIENTED_EDGE('',*,*,#4890,.T.);
#4888=EDGE_CURVE('',#315,#317,#4891,.F.);
#4889=EDGE_CURVE('',#317,#319,#4892,.T.);
#4890=EDGE_CURVE('',#319,#315,#4893,.T.);
#4891=LINE('',#314,#4894);
#4892=LINE('',#316,#4895);
#4893=LINE('',#318,#4896);
#4894=VECTOR('',#4897,1.0);
#4895=VECTOR('',#4898,1.0);
#4896=VECTOR('',#4899,1.0);
#4897=DIRECTION('',(0,0,1));
#4898=DIRECTION('',(0.03152774090508509,0.07611442188119,-0.9966005199352015));
#4899=DIRECTION('',(-0.38268462453937563,-0.9238790386956276,0));
#4900=FACE_SURFACE('',(#4905),#4901,.T.);
#4901=PLANE('',#4902);
#4902=AXIS2_PLACEMENT_3D('',#318,#4903,#4904);
#4903=DIRECTION('',(-0.9238790386956277,0.3826846245393757,0));
#4904=DIRECTION('',(-0.03152774090508509,-0.07611442188119,0.9966005199352015));
#4905=FACE_BOUND('',#4906,.T.);
#4906=EDGE_LOOP('',(#4907,#4908,#4909));
#4907=ORIENTED_EDGE('',*,*,#4910,.T.);
#4908=ORIENTED_EDGE('',*,*,#4911,.T.);
#4909=ORIENTED_EDGE('',*,*,#4912,.T.);
#4910=EDGE_CURVE('',#319,#317,#4913,.F.);
#4911=EDGE_CURVE('',#317,#321,#4914,.T.);
#4912=EDGE_CURVE('',#321,#319,#4915,.T.);
#4913=LINE('',#318,#4916);
#4914=LINE('',#316,#4917);
#4915=LINE('',#320,#4918);
#4916=VECTOR('',#4919,1.0);
#4917=VECTOR('',#4920,1.0);
#4918=VECTOR('',#4921,1.0);
#4919=DIRECTION('',(-0.03152774090508509,-0.07611442188119,0.9966005199352015));
#4920=DIRECTION('',(0.38268462453937563,0.9238790386956276,0));
#4921=DIRECTION('',(0,0,-1));
#4922=FACE_SURFACE('',(#4927),#4923,.T.);
#4923=PLANE('',#4924);
#4924=AXIS2_PLACEMENT_3D('',#318,#4925,#4926);
#4925=DIRECTION('',(-0.9914443190544547,0.13053031147840144,0));
#4926=DIRECTION('',(0,0,1));
#4927=FACE_BOUND('',#4928,.T.);
#4928=EDGE_LOOP('',(#4929,#4930,#4931));
#4929=ORIENTED_EDGE('',*,*,#4932,.T.);
#4930=ORIENTED_EDGE('',*,*,#4933,.T.);
#4931=ORIENTED_EDGE('',*,*,#4934,.T.);
#4932=EDGE_CURVE('',#319,#321,#4935,.F.);
#4933=EDGE_CURVE('',#321,#227,#4936,.T.);
#4934=EDGE_CURVE('',#227,#319,#4937,.T.);
#4935=LINE('',#318,#4938);
#4936=LINE('',#320,#4939);
#4937=LINE('',#226,#4940);
#4938=VECTOR('',#4941,1.0);
#4939=VECTOR('',#4942,1.0);
#4940=VECTOR('',#4943,1.0);
#4941=DIRECTION('',(0,0,1));
#4942=DIRECTION('',(0.010753824927868774,0.08168078748977678,-0.9966005238833013));
#4943=DIRECTION('',(-0.1305303114784014,-0.9914443190544547,0));
#4944=FACE_SURFACE('',(#4949),#4945,.T.);
#4945=PLANE('',#4946);
#4946=AXIS2_PLACEMENT_3D('',#226,#4947,#4948);
#4947=DIRECTION('',(-0.9914443190544547,0.13053031147840144,0));
#4948=DIRECTION('',(-0.010753824927868774,-0.08168078748977678,0.9966005238833013));
#4949=FACE_BOUND('',#4950,.T.);
#4950=EDGE_LOOP('',(#4951,#4952,#4953));
#4951=ORIENTED_EDGE('',*,*,#4954,.T.);
#4952=ORIENTED_EDGE('',*,*,#4955,.T.);
#4953=ORIENTED_EDGE('',*,*,#4956,.T.);
#4954=EDGE_CURVE('',#227,#321,#4957,.F.);
#4955=EDGE_CURVE('',#321,#229,#4958,.T.);
#4956=EDGE_CURVE('',#229,#227,#4959,.T.);
#4957=LINE('',#226,#4960);
#4958=LINE('',#320,#4961);
#4959=LINE('',#228,#4962);
#4960=VECTOR('',#4963,1.0);
#4961=VECTOR('',#4964,1.0);
#4962=VECTOR('',#4965,1.0);
#4963=DIRECTION('',(-0.010753824927868774,-0.08168078748977678,0.9966005238833013));
#4964=DIRECTION('',(0.1305303114784014,0.9914443190544547,0));
#4965=DIRECTION('',(0,0,-1));
#4966=FACE_SURFACE('',(#4971),#4967,.T.);
#4967=PLANE('',#4968);
#4968=AXIS2_PLACEMENT_3D('',#230,#4969,#4970);
#4969=DIRECTION('',(0,0,1));
#4970=DIRECTION('',(-1,0,0));
#4971=FACE_BOUND('',#4972,.T.);
#4972=EDGE_LOOP('',(#4973,#4974,#4975));
#4973=ORIENTED_EDGE('',*,*,#4976,.T.);
#4974=ORIENTED_EDGE('',*,*,#4977,.T.);
#4975=ORIENTED_EDGE('',*,*,#4978,.T.);
#4976=EDGE_CURVE('',#231,#271,#4979,.F.);
#4977=EDGE_CURVE('',#271,#227,#4980,.T.);
#4978=EDGE_CURVE('',#227,#231,#4981,.T.);
#4979=LINE('',#230,#4982);
#4980=LINE('',#270,#4983);
#4981=LINE('',#226,#4984);
#4982=VECTOR('',#4985,1.0);
#4983=VECTOR('',#4986,1.0);
#4984=VECTOR('',#4987,1.0);
#4985=DIRECTION('',(-1,0,0));
#4986=DIRECTION('',(0.9914448569158256,-0.13052622608180348,0));
#4987=DIRECTION('',(-0.1305303114784014,0.9914443190544547,0));
#4988=FACE_SURFACE('',(#4993),#4989,.T.);
#4989=PLANE('',#4990);
#4990=AXIS2_PLACEMENT_3D('',#226,#4991,#4992);
#4991=DIRECTION('',(0,0,1));
#4992=DIRECTION('',(-0.9914448569158256,0.13052622608180348,0));
#4993=FACE_BOUND('',#4994,.T.);
#4994=EDGE_LOOP('',(#4995,#4996,#4997));
#4995=ORIENTED_EDGE('',*,*,#4998,.T.);
#4996=ORIENTED_EDGE('',*,*,#4999,.T.);
#4997=ORIENTED_EDGE('',*,*,#5000,.T.);
#4998=EDGE_CURVE('',#227,#271,#5001,.F.);
#4999=EDGE_CURVE('',#271,#275,#5002,.T.);
#5000=EDGE_CURVE('',#275,#227,#5003,.T.);
#5001=LINE('',#226,#5004);
#5002=LINE('',#270,#5005);
#5003=LINE('',#274,#5006);
#5004=VECTOR('',#5007,1.0);
#5005=VECTOR('',#5008,1.0);
#5006=VECTOR('',#5009,1.0);
#5007=DIRECTION('',(-0.9914448569158256,0.13052622608180348,0));
#5008=DIRECTION('',(-0.1305303114784014,-0.9914443190544547,0));
#5009=DIRECTION('',(1,0,0));
#5010=FACE_SURFACE('',(#5015),#5011,.T.);
#5011=PLANE('',#5012);
#5012=AXIS2_PLACEMENT_3D('',#226,#5013,#5014);
#5013=DIRECTION('',(0,0,1));
#5014=DIRECTION('',(-1,0,0));
#5015=FACE_BOUND('',#5016,.T.);
#5016=EDGE_LOOP('',(#5017,#5018,#5019));
#5017=ORIENTED_EDGE('',*,*,#5020,.T.);
#5018=ORIENTED_EDGE('',*,*,#5021,.T.);
#5019=ORIENTED_EDGE('',*,*,#5022,.T.);
#5020=EDGE_CURVE('',#227,#275,#5023,.F.);
#5021=EDGE_CURVE('',#275,#319,#5024,.T.);
#5022=EDGE_CURVE('',#319,#227,#5025,.T.);
#5023=LINE('',#226,#5026);
#5024=LINE('',#274,#5027);
#5025=LINE('',#318,#5028);
#5026=VECTOR('',#5029,1.0);
#5027=VECTOR('',#5030,1.0);
#5028=VECTOR('',#5031,1.0);
#5029=DIRECTION('',(-1,0,0));
#5030=DIRECTION('',(0.9914448569158256,-0.13052622608180348,0));
#5031=DIRECTION('',(0.1305303114784014,0.9914443190544547,0));
#5032=FACE_SURFACE('',(#5037),#5033,.T.);
#5033=PLANE('',#5034);
#5034=AXIS2_PLACEMENT_3D('',#318,#5035,#5036);
#5035=DIRECTION('',(0,0,1));
#5036=DIRECTION('',(-0.9914448569158256,0.13052622608180348,0));
#5037=FACE_BOUND('',#5038,.T.);
#5038=EDGE_LOOP('',(#5039,#5040,#5041));
#5039=ORIENTED_EDGE('',*,*,#5042,.T.);
#5040=ORIENTED_EDGE('',*,*,#5043,.T.);
#5041=ORIENTED_EDGE('',*,*,#5044,.T.);
#5042=EDGE_CURVE('',#319,#275,#5045,.F.);
#5043=EDGE_CURVE('',#275,#279,#5046,.T.);
#5044=EDGE_CURVE('',#279,#319,#5047,.T.);
#5045=LINE('',#318,#5048);
#5046=LINE('',#274,#5049);
#5047=LINE('',#278,#5050);
#5048=VECTOR('',#5051,1.0);
#5049=VECTOR('',#5052,1.0);
#5050=VECTOR('',#5053,1.0);
#5051=DIRECTION('',(-0.9914448569158256,0.13052622608180348,0));
#5052=DIRECTION('',(0.1305303114784014,-0.9914443190544547,0));
#5053=DIRECTION('',(1,0,0));
#5054=FACE_SURFACE('',(#5059),#5055,.T.);
#5055=PLANE('',#5056);
#5056=AXIS2_PLACEMENT_3D('',#318,#5057,#5058);
#5057=DIRECTION('',(0,0,1));
#5058=DIRECTION('',(-1,0,0));
#5059=FACE_BOUND('',#5060,.T.);
#5060=EDGE_LOOP('',(#5061,#5062,#5063));
#5061=ORIENTED_EDGE('',*,*,#5064,.T.);
#5062=ORIENTED_EDGE('',*,*,#5065,.T.);
#5063=ORIENTED_EDGE('',*,*,#5066,.T.);
#5064=EDGE_CURVE('',#319,#279,#5067,.F.);
#5065=EDGE_CURVE('',#279,#315,#5068,.T.);
#5066=EDGE_CURVE('',#315,#319,#5069,.T.);
#5067=LINE('',#318,#5070);
#5068=LINE('',#278,#5071);
#5069=LINE('',#314,#5072);
#5070=VECTOR('',#5073,1.0);
#5071=VECTOR('',#5074,1.0);
#5072=VECTOR('',#5075,1.0);
#5073=DIRECTION('',(-1,0,0));
#5074=DIRECTION('',(0.9914448325217726,-0.13052641137284887,0));
#5075=DIRECTION('',(0.38268462453937563,0.9238790386956276,0));
#5076=FACE_SURFACE('',(#5081),#5077,.T.);
#5077=PLANE('',#5078);
#5078=AXIS2_PLACEMENT_3D('',#314,#5079,#5080);
#5079=DIRECTION('',(0,0,1));
#5080=DIRECTION('',(-0.9914448325217726,0.13052641137284887,0));
#5081=FACE_BOUND('',#5082,.T.);
#5082=EDGE_LOOP('',(#5083,#5084,#5085));
#5083=ORIENTED_EDGE('',*,*,#5086,.T.);
#5084=ORIENTED_EDGE('',*,*,#5087,.T.);
#5085=ORIENTED_EDGE('',*,*,#5088,.T.);
#5086=EDGE_CURVE('',#315,#279,#5089,.F.);
#5087=EDGE_CURVE('',#279,#283,#5090,.T.);
#5088=EDGE_CURVE('',#283,#315,#5091,.T.);
#5089=LINE('',#314,#5092);
#5090=LINE('',#278,#5093);
#5091=LINE('',#282,#5094);
#5092=VECTOR('',#5095,1.0);
#5093=VECTOR('',#5096,1.0);
#5094=VECTOR('',#5097,1.0);
#5095=DIRECTION('',(-0.9914448325217726,0.13052641137284887,0));
#5096=DIRECTION('',(0.38268462453937563,-0.9238790386956276,0));
#5097=DIRECTION('',(1,0,0));
#5098=FACE_SURFACE('',(#5103),#5099,.T.);
#5099=PLANE('',#5100);
#5100=AXIS2_PLACEMENT_3D('',#314,#5101,#5102);
#5101=DIRECTION('',(0,0,1));
#5102=DIRECTION('',(-1,0,0));
#5103=FACE_BOUND('',#5104,.T.);
#5104=EDGE_LOOP('',(#5105,#5106,#5107));
#5105=ORIENTED_EDGE('',*,*,#5108,.T.);
#5106=ORIENTED_EDGE('',*,*,#5109,.T.);
#5107=ORIENTED_EDGE('',*,*,#5110,.T.);
#5108=EDGE_CURVE('',#315,#283,#5111,.F.);
#5109=EDGE_CURVE('',#283,#311,#5112,.T.);
#5110=EDGE_CURVE('',#311,#315,#5113,.T.);
#5111=LINE('',#314,#5114);
#5112=LINE('',#282,#5115);
#5113=LINE('',#310,#5116);
#5114=VECTOR('',#5117,1.0);
#5115=VECTOR('',#5118,1.0);
#5116=VECTOR('',#5119,1.0);
#5117=DIRECTION('',(-1,0,0));
#5118=DIRECTION('',(0.991444774808192,-0.13052684974951892,0));
#5119=DIRECTION('',(0.6087536090083107,0.7933593407273636,0));
#5120=FACE_SURFACE('',(#5125),#5121,.T.);
#5121=PLANE('',#5122);
#5122=AXIS2_PLACEMENT_3D('',#310,#5123,#5124);
#5123=DIRECTION('',(0,0,1));
#5124=DIRECTION('',(-0.991444774808192,0.13052684974951892,0));
#5125=FACE_BOUND('',#5126,.T.);
#5126=EDGE_LOOP('',(#5127,#5128,#5129));
#5127=ORIENTED_EDGE('',*,*,#5130,.T.);
#5128=ORIENTED_EDGE('',*,*,#5131,.T.);
#5129=ORIENTED_EDGE('',*,*,#5132,.T.);
#5130=EDGE_CURVE('',#311,#283,#5133,.F.);
#5131=EDGE_CURVE('',#283,#287,#5134,.T.);
#5132=EDGE_CURVE('',#287,#311,#5135,.T.);
#5133=LINE('',#310,#5136);
#5134=LINE('',#282,#5137);
#5135=LINE('',#286,#5138);
#5136=VECTOR('',#5139,1.0);
#5137=VECTOR('',#5140,1.0);
#5138=VECTOR('',#5141,1.0);
#5139=DIRECTION('',(-0.991444774808192,0.13052684974951892,0));
#5140=DIRECTION('',(0.6087632905257101,-0.7933519118955407,0));
#5141=DIRECTION('',(1,0,0));
#5142=FACE_SURFACE('',(#5147),#5143,.T.);
#5143=PLANE('',#5144);
#5144=AXIS2_PLACEMENT_3D('',#310,#5145,#5146);
#5145=DIRECTION('',(0,0,1));
#5146=DIRECTION('',(-1,0,0));
#5147=FACE_BOUND('',#5148,.T.);
#5148=EDGE_LOOP('',(#5149,#5150,#5151));
#5149=ORIENTED_EDGE('',*,*,#5152,.T.);
#5150=ORIENTED_EDGE('',*,*,#5153,.T.);
#5151=ORIENTED_EDGE('',*,*,#5154,.T.);
#5152=EDGE_CURVE('',#311,#287,#5155,.F.);
#5153=EDGE_CURVE('',#287,#307,#5156,.T.);
#5154=EDGE_CURVE('',#307,#311,#5157,.T.);
#5155=LINE('',#310,#5158);
#5156=LINE('',#286,#5159);
#5157=LINE('',#306,#5160);
#5158=VECTOR('',#5161,1.0);
#5159=VECTOR('',#5162,1.0);
#5160=VECTOR('',#5163,1.0);
#5161=DIRECTION('',(-1,0,0));
#5162=DIRECTION('',(0.9914448971865483,-0.1305259201950123,0));
#5163=DIRECTION('',(0.7933527761333313,0.6087621642329097,0));
#5164=FACE_SURFACE('',(#5169),#5165,.T.);
#5165=PLANE('',#5166);
#5166=AXIS2_PLACEMENT_3D('',#306,#5167,#5168);
#5167=DIRECTION('',(0,0,1));
#5168=DIRECTION('',(-0.9914448971865483,0.1305259201950123,0));
#5169=FACE_BOUND('',#5170,.T.);
#5170=EDGE_LOOP('',(#5171,#5172,#5173));
#5171=ORIENTED_EDGE('',*,*,#5174,.T.);
#5172=ORIENTED_EDGE('',*,*,#5175,.T.);
#5173=ORIENTED_EDGE('',*,*,#5176,.T.);
#5174=EDGE_CURVE('',#307,#287,#5177,.F.);
#5175=EDGE_CURVE('',#287,#291,#5178,.T.);
#5176=EDGE_CURVE('',#291,#307,#5179,.T.);
#5177=LINE('',#306,#5180);
#5178=LINE('',#286,#5181);
#5179=LINE('',#290,#5182);
#5180=VECTOR('',#5183,1.0);
#5181=VECTOR('',#5184,1.0);
#5182=VECTOR('',#5185,1.0);
#5183=DIRECTION('',(-0.9914448971865483,0.1305259201950123,0));
#5184=DIRECTION('',(0.7933527761333313,-0.6087621642329097,0));
#5185=DIRECTION('',(1,0,0));
#5186=FACE_SURFACE('',(#5191),#5187,.T.);
#5187=PLANE('',#5188);
#5188=AXIS2_PLACEMENT_3D('',#306,#5189,#5190);
#5189=DIRECTION('',(0,0,1));
#5190=DIRECTION('',(-1,0,0));
#5191=FACE_BOUND('',#5192,.T.);
#5192=EDGE_LOOP('',(#5193,#5194,#5195));
#5193=ORIENTED_EDGE('',*,*,#5196,.T.);
#5194=ORIENTED_EDGE('',*,*,#5197,.T.);
#5195=ORIENTED_EDGE('',*,*,#5198,.T.);
#5196=EDGE_CURVE('',#307,#291,#5199,.F.);
#5197=EDGE_CURVE('',#291,#303,#5200,.T.);
#5198=EDGE_CURVE('',#303,#307,#5201,.T.);
#5199=LINE('',#306,#5202);
#5200=LINE('',#290,#5203);
#5201=LINE('',#302,#5204);
#5202=VECTOR('',#5205,1.0);
#5203=VECTOR('',#5206,1.0);
#5204=VECTOR('',#5207,1.0);
#5205=DIRECTION('',(-1,0,0));
#5206=DIRECTION('',(0.9914447928542166,-0.13052671267698232,0));
#5207=DIRECTION('',(0.9238790386956276,0.38268462453937563,0));
#5208=FACE_SURFACE('',(#5213),#5209,.T.);
#5209=PLANE('',#5210);
#5210=AXIS2_PLACEMENT_3D('',#302,#5211,#5212);
#5211=DIRECTION('',(0,0,1));
#5212=DIRECTION('',(-0.9914447928542166,0.13052671267698232,0));
#5213=FACE_BOUND('',#5214,.T.);
#5214=EDGE_LOOP('',(#5215,#5216,#5217));
#5215=ORIENTED_EDGE('',*,*,#5218,.T.);
#5216=ORIENTED_EDGE('',*,*,#5219,.T.);
#5217=ORIENTED_EDGE('',*,*,#5220,.T.);
#5218=EDGE_CURVE('',#303,#291,#5221,.F.);
#5219=EDGE_CURVE('',#291,#295,#5222,.T.);
#5220=EDGE_CURVE('',#295,#303,#5223,.T.);
#5221=LINE('',#302,#5224);
#5222=LINE('',#290,#5225);
#5223=LINE('',#294,#5226);
#5224=VECTOR('',#5227,1.0);
#5225=VECTOR('',#5228,1.0);
#5226=VECTOR('',#5229,1.0);
#5227=DIRECTION('',(-0.9914447928542166,0.13052671267698232,0));
#5228=DIRECTION('',(0.9238790386956276,-0.38268462453937563,0));
#5229=DIRECTION('',(1,0,0));
#5230=FACE_SURFACE('',(#5235),#5231,.T.);
#5231=PLANE('',#5232);
#5232=AXIS2_PLACEMENT_3D('',#302,#5233,#5234);
#5233=DIRECTION('',(0,0,1));
#5234=DIRECTION('',(-1,0,0));
#5235=FACE_BOUND('',#5236,.T.);
#5236=EDGE_LOOP('',(#5237,#5238,#5239));
#5237=ORIENTED_EDGE('',*,*,#5240,.T.);
#5238=ORIENTED_EDGE('',*,*,#5241,.T.);
#5239=ORIENTED_EDGE('',*,*,#5242,.T.);
#5240=EDGE_CURVE('',#303,#295,#5243,.F.);
#5241=EDGE_CURVE('',#295,#299,#5244,.T.);
#5242=EDGE_CURVE('',#299,#303,#5245,.T.);
#5243=LINE('',#302,#5246);
#5244=LINE('',#294,#5247);
#5245=LINE('',#298,#5248);
#5246=VECTOR('',#5249,1.0);
#5247=VECTOR('',#5250,1.0);
#5248=VECTOR('',#5251,1.0);
#5249=DIRECTION('',(-1,0,0));
#5250=DIRECTION('',(0.9914451833103016,-0.13052374684632015,0));
#5251=DIRECTION('',(0.9914454453585279,0.13052175633904972,0));
#5252=FACE_SURFACE('',(#5257),#5253,.T.);
#5253=PLANE('',#5254);
#5254=AXIS2_PLACEMENT_3D('',#270,#5255,#5256);
#5255=DIRECTION('',(0,0,1));
#5256=DIRECTION('',(1,0,0));
#5257=FACE_BOUND('',#5258,.T.);
#5258=EDGE_LOOP('',(#5259,#5260,#5261));
#5259=ORIENTED_EDGE('',*,*,#5262,.T.);
#5260=ORIENTED_EDGE('',*,*,#5263,.T.);
#5261=ORIENTED_EDGE('',*,*,#5264,.T.);
#5262=EDGE_CURVE('',#271,#231,#5265,.F.);
#5263=EDGE_CURVE('',#231,#267,#5266,.T.);
#5264=EDGE_CURVE('',#267,#271,#5267,.T.);
#5265=LINE('',#270,#5268);
#5266=LINE('',#230,#5269);
#5267=LINE('',#266,#5270);
#5268=VECTOR('',#5271,1.0);
#5269=VECTOR('',#5272,1.0);
#5270=VECTOR('',#5273,1.0);
#5271=DIRECTION('',(1,0,0));
#5272=DIRECTION('',(-0.991444973135143,0.13052534330564117,0));
#5273=DIRECTION('',(-0.3826873437136716,-0.9238779123679569,0));
#5274=FACE_SURFACE('',(#5279),#5275,.T.);
#5275=PLANE('',#5276);
#5276=AXIS2_PLACEMENT_3D('',#266,#5277,#5278);
#5277=DIRECTION('',(-0,0,1));
#5278=DIRECTION('',(0.991444973135143,-0.13052534330564117,0));
#5279=FACE_BOUND('',#5280,.T.);
#5280=EDGE_LOOP('',(#5281,#5282,#5283));
#5281=ORIENTED_EDGE('',*,*,#5284,.T.);
#5282=ORIENTED_EDGE('',*,*,#5285,.T.);
#5283=ORIENTED_EDGE('',*,*,#5286,.T.);
#5284=EDGE_CURVE('',#267,#231,#5287,.F.);
#5285=EDGE_CURVE('',#231,#235,#5288,.T.);
#5286=EDGE_CURVE('',#235,#267,#5289,.T.);
#5287=LINE('',#266,#5290);
#5288=LINE('',#230,#5291);
#5289=LINE('',#234,#5292);
#5290=VECTOR('',#5293,1.0);
#5291=VECTOR('',#5294,1.0);
#5292=VECTOR('',#5295,1.0);
#5293=DIRECTION('',(0.991444973135143,-0.13052534330564117,0));
#5294=DIRECTION('',(-0.3826873437136716,0.9238779123679569,0));
#5295=DIRECTION('',(-1,0,0));
#5296=FACE_SURFACE('',(#5301),#5297,.T.);
#5297=PLANE('',#5298);
#5298=AXIS2_PLACEMENT_3D('',#266,#5299,#5300);
#5299=DIRECTION('',(0,0,1));
#5300=DIRECTION('',(1,0,0));
#5301=FACE_BOUND('',#5302,.T.);
#5302=EDGE_LOOP('',(#5303,#5304,#5305));
#5303=ORIENTED_EDGE('',*,*,#5306,.T.);
#5304=ORIENTED_EDGE('',*,*,#5307,.T.);
#5305=ORIENTED_EDGE('',*,*,#5308,.T.);
#5306=EDGE_CURVE('',#267,#235,#5309,.F.);
#5307=EDGE_CURVE('',#235,#263,#5310,.T.);
#5308=EDGE_CURVE('',#263,#267,#5311,.T.);
#5309=LINE('',#266,#5312);
#5310=LINE('',#234,#5313);
#5311=LINE('',#262,#5314);
#5312=VECTOR('',#5315,1.0);
#5313=VECTOR('',#5316,1.0);
#5314=VECTOR('',#5317,1.0);
#5315=DIRECTION('',(1,0,0));
#5316=DIRECTION('',(-0.9914447316919485,0.13052717724780666,0));
#5317=DIRECTION('',(-0.6087632905257101,-0.7933519118955407,0));
#5318=FACE_SURFACE('',(#5323),#5319,.T.);
#5319=PLANE('',#5320);
#5320=AXIS2_PLACEMENT_3D('',#262,#5321,#5322);
#5321=DIRECTION('',(-0,0,1));
#5322=DIRECTION('',(0.9914447316919485,-0.13052717724780666,0));
#5323=FACE_BOUND('',#5324,.T.);
#5324=EDGE_LOOP('',(#5325,#5326,#5327));
#5325=ORIENTED_EDGE('',*,*,#5328,.T.);
#5326=ORIENTED_EDGE('',*,*,#5329,.T.);
#5327=ORIENTED_EDGE('',*,*,#5330,.T.);
#5328=EDGE_CURVE('',#263,#235,#5331,.F.);
#5329=EDGE_CURVE('',#235,#239,#5332,.T.);
#5330=EDGE_CURVE('',#239,#263,#5333,.T.);
#5331=LINE('',#262,#5334);
#5332=LINE('',#234,#5335);
#5333=LINE('',#238,#5336);
#5334=VECTOR('',#5337,1.0);
#5335=VECTOR('',#5338,1.0);
#5336=VECTOR('',#5339,1.0);
#5337=DIRECTION('',(0.9914447316919485,-0.13052717724780666,0));
#5338=DIRECTION('',(-0.6087536090083107,0.7933593407273636,0));
#5339=DIRECTION('',(-1,0,0));
#5340=FACE_SURFACE('',(#5345),#5341,.T.);
#5341=PLANE('',#5342);
#5342=AXIS2_PLACEMENT_3D('',#262,#5343,#5344);
#5343=DIRECTION('',(0,0,1));
#5344=DIRECTION('',(1,0,0));
#5345=FACE_BOUND('',#5346,.T.);
#5346=EDGE_LOOP('',(#5347,#5348,#5349));
#5347=ORIENTED_EDGE('',*,*,#5350,.T.);
#5348=ORIENTED_EDGE('',*,*,#5351,.T.);
#5349=ORIENTED_EDGE('',*,*,#5352,.T.);
#5350=EDGE_CURVE('',#263,#239,#5353,.F.);
#5351=EDGE_CURVE('',#239,#259,#5354,.T.);
#5352=EDGE_CURVE('',#259,#263,#5355,.T.);
#5353=LINE('',#262,#5356);
#5354=LINE('',#238,#5357);
#5355=LINE('',#258,#5358);
#5356=VECTOR('',#5359,1.0);
#5357=VECTOR('',#5360,1.0);
#5358=VECTOR('',#5361,1.0);
#5359=DIRECTION('',(1,0,0));
#5360=DIRECTION('',(-0.9914448971865483,0.1305259201950123,0));
#5361=DIRECTION('',(-0.7933527761333313,-0.6087621642329097,0));
#5362=FACE_SURFACE('',(#5367),#5363,.T.);
#5363=PLANE('',#5364);
#5364=AXIS2_PLACEMENT_3D('',#258,#5365,#5366);
#5365=DIRECTION('',(-0,0,1));
#5366=DIRECTION('',(0.9914448971865483,-0.1305259201950123,0));
#5367=FACE_BOUND('',#5368,.T.);
#5368=EDGE_LOOP('',(#5369,#5370,#5371));
#5369=ORIENTED_EDGE('',*,*,#5372,.T.);
#5370=ORIENTED_EDGE('',*,*,#5373,.T.);
#5371=ORIENTED_EDGE('',*,*,#5374,.T.);
#5372=EDGE_CURVE('',#259,#239,#5375,.F.);
#5373=EDGE_CURVE('',#239,#243,#5376,.T.);
#5374=EDGE_CURVE('',#243,#259,#5377,.T.);
#5375=LINE('',#258,#5378);
#5376=LINE('',#238,#5379);
#5377=LINE('',#242,#5380);
#5378=VECTOR('',#5381,1.0);
#5379=VECTOR('',#5382,1.0);
#5380=VECTOR('',#5383,1.0);
#5381=DIRECTION('',(0.9914448971865483,-0.1305259201950123,0));
#5382=DIRECTION('',(-0.7933527761333313,0.6087621642329097,0));
#5383=DIRECTION('',(-1,0,0));
#5384=FACE_SURFACE('',(#5389),#5385,.T.);
#5385=PLANE('',#5386);
#5386=AXIS2_PLACEMENT_3D('',#258,#5387,#5388);
#5387=DIRECTION('',(0,0,1));
#5388=DIRECTION('',(1,0,0));
#5389=FACE_BOUND('',#5390,.T.);
#5390=EDGE_LOOP('',(#5391,#5392,#5393));
#5391=ORIENTED_EDGE('',*,*,#5394,.T.);
#5392=ORIENTED_EDGE('',*,*,#5395,.T.);
#5393=ORIENTED_EDGE('',*,*,#5396,.T.);
#5394=EDGE_CURVE('',#259,#243,#5397,.F.);
#5395=EDGE_CURVE('',#243,#255,#5398,.T.);
#5396=EDGE_CURVE('',#255,#259,#5399,.T.);
#5397=LINE('',#258,#5400);
#5398=LINE('',#242,#5401);
#5399=LINE('',#254,#5402);
#5400=VECTOR('',#5403,1.0);
#5401=VECTOR('',#5404,1.0);
#5402=VECTOR('',#5405,1.0);
#5403=DIRECTION('',(1,0,0));
#5404=DIRECTION('',(-0.9914447928542166,0.13052671267698232,0));
#5405=DIRECTION('',(-0.9238790386956276,-0.38268462453937563,0));
#5406=FACE_SURFACE('',(#5411),#5407,.T.);
#5407=PLANE('',#5408);
#5408=AXIS2_PLACEMENT_3D('',#254,#5409,#5410);
#5409=DIRECTION('',(-0,0,1));
#5410=DIRECTION('',(0.9914447928542166,-0.13052671267698232,0));
#5411=FACE_BOUND('',#5412,.T.);
#5412=EDGE_LOOP('',(#5413,#5414,#5415));
#5413=ORIENTED_EDGE('',*,*,#5416,.T.);
#5414=ORIENTED_EDGE('',*,*,#5417,.T.);
#5415=ORIENTED_EDGE('',*,*,#5418,.T.);
#5416=EDGE_CURVE('',#255,#243,#5419,.F.);
#5417=EDGE_CURVE('',#243,#247,#5420,.T.);
#5418=EDGE_CURVE('',#247,#255,#5421,.T.);
#5419=LINE('',#254,#5422);
#5420=LINE('',#242,#5423);
#5421=LINE('',#246,#5424);
#5422=VECTOR('',#5425,1.0);
#5423=VECTOR('',#5426,1.0);
#5424=VECTOR('',#5427,1.0);
#5425=DIRECTION('',(0.9914447928542166,-0.13052671267698232,0));
#5426=DIRECTION('',(-0.9238790386956276,0.38268462453937563,0));
#5427=DIRECTION('',(-1,0,0));
#5428=FACE_SURFACE('',(#5433),#5429,.T.);
#5429=PLANE('',#5430);
#5430=AXIS2_PLACEMENT_3D('',#254,#5431,#5432);
#5431=DIRECTION('',(0,0,1));
#5432=DIRECTION('',(1,0,0));
#5433=FACE_BOUND('',#5434,.T.);
#5434=EDGE_LOOP('',(#5435,#5436,#5437));
#5435=ORIENTED_EDGE('',*,*,#5438,.T.);
#5436=ORIENTED_EDGE('',*,*,#5439,.T.);
#5437=ORIENTED_EDGE('',*,*,#5440,.T.);
#5438=EDGE_CURVE('',#255,#247,#5441,.F.);
#5439=EDGE_CURVE('',#247,#251,#5442,.T.);
#5440=EDGE_CURVE('',#251,#255,#5443,.T.);
#5441=LINE('',#254,#5444);
#5442=LINE('',#246,#5445);
#5443=LINE('',#250,#5446);
#5444=VECTOR('',#5447,1.0);
#5445=VECTOR('',#5448,1.0);
#5446=VECTOR('',#5449,1.0);
#5447=DIRECTION('',(1,0,0));
#5448=DIRECTION('',(-0.9914454453585279,0.13052175633904972,0));
#5449=DIRECTION('',(-0.9914451833103016,-0.13052374684632015,0));
#5450=FACE_SURFACE('',(#5455),#5451,.T.);
#5451=PLANE('',#5452);
#5452=AXIS2_PLACEMENT_3D('',#322,#5453,#5454);
#5453=DIRECTION('',(-0.9914444500921158,-0.1305293161766429,0));
#5454=DIRECTION('',(0,0,1));
#5455=FACE_BOUND('',#5456,.T.);
#5456=EDGE_LOOP('',(#5457,#5458,#5459));
#5457=ORIENTED_EDGE('',*,*,#5460,.T.);
#5458=ORIENTED_EDGE('',*,*,#5461,.T.);
#5459=ORIENTED_EDGE('',*,*,#5462,.T.);
#5460=EDGE_CURVE('',#323,#325,#5463,.F.);
#5461=EDGE_CURVE('',#325,#327,#5464,.T.);
#5462=EDGE_CURVE('',#327,#323,#5465,.T.);
#5463=LINE('',#322,#5466);
#5464=LINE('',#324,#5467);
#5465=LINE('',#326,#5468);
#5466=VECTOR('',#5469,1.0);
#5467=VECTOR('',#5470,1.0);
#5468=VECTOR('',#5471,1.0);
#5469=DIRECTION('',(0,0,1));
#5470=DIRECTION('',(-0.0107538243713056,0.08168141688391159,-0.9966004723043371));
#5471=DIRECTION('',(0.1305293161766429,-0.9914444500921159,0));
#5472=FACE_SURFACE('',(#5477),#5473,.T.);
#5473=PLANE('',#5474);
#5474=AXIS2_PLACEMENT_3D('',#326,#5475,#5476);
#5475=DIRECTION('',(-0.9914444500921158,-0.1305293161766429,0));
#5476=DIRECTION('',(0.0107538243713056,-0.08168141688391159,0.9966004723043371));
#5477=FACE_BOUND('',#5478,.T.);
#5478=EDGE_LOOP('',(#5479,#5480,#5481));
#5479=ORIENTED_EDGE('',*,*,#5482,.T.);
#5480=ORIENTED_EDGE('',*,*,#5483,.T.);
#5481=ORIENTED_EDGE('',*,*,#5484,.T.);
#5482=EDGE_CURVE('',#327,#325,#5485,.F.);
#5483=EDGE_CURVE('',#325,#329,#5486,.T.);
#5484=EDGE_CURVE('',#329,#327,#5487,.T.);
#5485=LINE('',#326,#5488);
#5486=LINE('',#324,#5489);
#5487=LINE('',#328,#5490);
#5488=VECTOR('',#5491,1.0);
#5489=VECTOR('',#5492,1.0);
#5490=VECTOR('',#5493,1.0);
#5491=DIRECTION('',(0.0107538243713056,-0.08168141688391159,0.9966004723043371));
#5492=DIRECTION('',(-0.1305293161766429,0.9914444500921159,0));
#5493=DIRECTION('',(0,0,-1));
#5494=FACE_SURFACE('',(#5499),#5495,.T.);
#5495=PLANE('',#5496);
#5496=AXIS2_PLACEMENT_3D('',#326,#5497,#5498);
#5497=DIRECTION('',(-0.9238767860162763,-0.38269006292329494,0));
#5498=DIRECTION('',(0,0,1));
#5499=FACE_BOUND('',#5500,.T.);
#5500=EDGE_LOOP('',(#5501,#5502,#5503));
#5501=ORIENTED_EDGE('',*,*,#5504,.T.);
#5502=ORIENTED_EDGE('',*,*,#5505,.T.);
#5503=ORIENTED_EDGE('',*,*,#5506,.T.);
#5504=EDGE_CURVE('',#327,#329,#5507,.F.);
#5505=EDGE_CURVE('',#329,#331,#5508,.T.);
#5506=EDGE_CURVE('',#331,#327,#5509,.T.);
#5507=LINE('',#326,#5510);
#5508=LINE('',#328,#5511);
#5509=LINE('',#330,#5512);
#5510=VECTOR('',#5513,1.0);
#5511=VECTOR('',#5514,1.0);
#5512=VECTOR('',#5515,1.0);
#5513=DIRECTION('',(0,0,1));
#5514=DIRECTION('',(-0.03152774394608346,0.07611316197956769,-0.9966006160619922));
#5515=DIRECTION('',(0.38269006292329494,-0.9238767860162763,0));
#5516=FACE_SURFACE('',(#5521),#5517,.T.);
#5517=PLANE('',#5518);
#5518=AXIS2_PLACEMENT_3D('',#330,#5519,#5520);
#5519=DIRECTION('',(-0.9238767860162763,-0.38269006292329494,0));
#5520=DIRECTION('',(0.03152774394608346,-0.07611316197956769,0.9966006160619922));
#5521=FACE_BOUND('',#5522,.T.);
#5522=EDGE_LOOP('',(#5523,#5524,#5525));
#5523=ORIENTED_EDGE('',*,*,#5526,.T.);
#5524=ORIENTED_EDGE('',*,*,#5527,.T.);
#5525=ORIENTED_EDGE('',*,*,#5528,.T.);
#5526=EDGE_CURVE('',#331,#329,#5529,.F.);
#5527=EDGE_CURVE('',#329,#333,#5530,.T.);
#5528=EDGE_CURVE('',#333,#331,#5531,.T.);
#5529=LINE('',#330,#5532);
#5530=LINE('',#328,#5533);
#5531=LINE('',#332,#5534);
#5532=VECTOR('',#5535,1.0);
#5533=VECTOR('',#5536,1.0);
#5534=VECTOR('',#5537,1.0);
#5535=DIRECTION('',(0.03152774394608346,-0.07611316197956769,0.9966006160619922));
#5536=DIRECTION('',(-0.38269006292329494,0.9238767860162763,0));
#5537=DIRECTION('',(0,0,-1));
#5538=FACE_SURFACE('',(#5543),#5539,.T.);
#5539=PLANE('',#5540);
#5540=AXIS2_PLACEMENT_3D('',#330,#5541,#5542);
#5541=DIRECTION('',(-0.7933621908187063,-0.6087498946031471,0));
#5542=DIRECTION('',(0,0,1));
#5543=FACE_BOUND('',#5544,.T.);
#5544=EDGE_LOOP('',(#5545,#5546,#5547));
#5545=ORIENTED_EDGE('',*,*,#5548,.T.);
#5546=ORIENTED_EDGE('',*,*,#5549,.T.);
#5547=ORIENTED_EDGE('',*,*,#5550,.T.);
#5548=EDGE_CURVE('',#331,#333,#5551,.F.);
#5549=EDGE_CURVE('',#333,#335,#5552,.T.);
#5550=EDGE_CURVE('',#335,#331,#5553,.T.);
#5551=LINE('',#330,#5554);
#5552=LINE('',#332,#5555);
#5553=LINE('',#334,#5556);
#5554=VECTOR('',#5557,1.0);
#5555=VECTOR('',#5558,1.0);
#5556=VECTOR('',#5559,1.0);
#5557=DIRECTION('',(0,0,1));
#5558=DIRECTION('',(-0.050152411783823764,0.06536186312376345,-0.9966005029304652));
#5559=DIRECTION('',(0.6087498946031471,-0.7933621908187063,0));
#5560=FACE_SURFACE('',(#5565),#5561,.T.);
#5561=PLANE('',#5562);
#5562=AXIS2_PLACEMENT_3D('',#334,#5563,#5564);
#5563=DIRECTION('',(-0.7933621908187063,-0.6087498946031471,0));
#5564=DIRECTION('',(0.050152411783823764,-0.06536186312376345,0.9966005029304652));
#5565=FACE_BOUND('',#5566,.T.);
#5566=EDGE_LOOP('',(#5567,#5568,#5569));
#5567=ORIENTED_EDGE('',*,*,#5570,.T.);
#5568=ORIENTED_EDGE('',*,*,#5571,.T.);
#5569=ORIENTED_EDGE('',*,*,#5572,.T.);
#5570=EDGE_CURVE('',#335,#333,#5573,.F.);
#5571=EDGE_CURVE('',#333,#337,#5574,.T.);
#5572=EDGE_CURVE('',#337,#335,#5575,.T.);
#5573=LINE('',#334,#5576);
#5574=LINE('',#332,#5577);
#5575=LINE('',#336,#5578);
#5576=VECTOR('',#5579,1.0);
#5577=VECTOR('',#5580,1.0);
#5578=VECTOR('',#5581,1.0);
#5579=DIRECTION('',(0.050152411783823764,-0.06536186312376345,0.9966005029304652));
#5580=DIRECTION('',(-0.6087498946031471,0.7933621908187063,0));
#5581=DIRECTION('',(0,0,-1));
#5582=FACE_SURFACE('',(#5587),#5583,.T.);
#5583=PLANE('',#5584);
#5584=AXIS2_PLACEMENT_3D('',#334,#5585,#5586);
#5585=DIRECTION('',(-0.6087573234454586,-0.7933564905838493,0));
#5586=DIRECTION('',(0,0,1));
#5587=FACE_BOUND('',#5588,.T.);
#5588=EDGE_LOOP('',(#5589,#5590,#5591));
#5589=ORIENTED_EDGE('',*,*,#5592,.T.);
#5590=ORIENTED_EDGE('',*,*,#5593,.T.);
#5591=ORIENTED_EDGE('',*,*,#5594,.T.);
#5592=EDGE_CURVE('',#335,#337,#5595,.F.);
#5593=EDGE_CURVE('',#337,#339,#5596,.T.);
#5594=EDGE_CURVE('',#339,#335,#5597,.T.);
#5595=LINE('',#334,#5598);
#5596=LINE('',#336,#5599);
#5597=LINE('',#338,#5600);
#5598=VECTOR('',#5601,1.0);
#5599=VECTOR('',#5602,1.0);
#5600=VECTOR('',#5603,1.0);
#5601=DIRECTION('',(0,0,1));
#5602=DIRECTION('',(-0.06536060129441736,0.050152415937876595,-0.9966005854774653));
#5603=DIRECTION('',(0.7933564905838493,-0.6087573234454586,0));
#5604=FACE_SURFACE('',(#5609),#5605,.T.);
#5605=PLANE('',#5606);
#5606=AXIS2_PLACEMENT_3D('',#338,#5607,#5608);
#5607=DIRECTION('',(-0.6087573234454586,-0.7933564905838493,0));
#5608=DIRECTION('',(0.06536060129441736,-0.050152415937876595,0.9966005854774653));
#5609=FACE_BOUND('',#5610,.T.);
#5610=EDGE_LOOP('',(#5611,#5612,#5613));
#5611=ORIENTED_EDGE('',*,*,#5614,.T.);
#5612=ORIENTED_EDGE('',*,*,#5615,.T.);
#5613=ORIENTED_EDGE('',*,*,#5616,.T.);
#5614=EDGE_CURVE('',#339,#337,#5617,.F.);
#5615=EDGE_CURVE('',#337,#341,#5618,.T.);
#5616=EDGE_CURVE('',#341,#339,#5619,.T.);
#5617=LINE('',#338,#5620);
#5618=LINE('',#336,#5621);
#5619=LINE('',#340,#5622);
#5620=VECTOR('',#5623,1.0);
#5621=VECTOR('',#5624,1.0);
#5622=VECTOR('',#5625,1.0);
#5623=DIRECTION('',(0.06536060129441736,-0.050152415937876595,0.9966005854774653));
#5624=DIRECTION('',(-0.7933564905838493,0.6087573234454586,0));
#5625=DIRECTION('',(0,0,-1));
#5626=FACE_SURFACE('',(#5631),#5627,.T.);
#5627=PLANE('',#5628);
#5628=AXIS2_PLACEMENT_3D('',#338,#5629,#5630);
#5629=DIRECTION('',(-0.38267149522172944,-0.9238844769476138,0));
#5630=DIRECTION('',(0,0,1));
#5631=FACE_BOUND('',#5632,.T.);
#5632=EDGE_LOOP('',(#5633,#5634,#5635));
#5633=ORIENTED_EDGE('',*,*,#5636,.T.);
#5634=ORIENTED_EDGE('',*,*,#5637,.T.);
#5635=ORIENTED_EDGE('',*,*,#5638,.T.);
#5636=EDGE_CURVE('',#339,#341,#5639,.F.);
#5637=EDGE_CURVE('',#341,#343,#5640,.T.);
#5638=EDGE_CURVE('',#343,#339,#5641,.T.);
#5639=LINE('',#338,#5642);
#5640=LINE('',#340,#5643);
#5641=LINE('',#342,#5644);
#5642=VECTOR('',#5645,1.0);
#5643=VECTOR('',#5646,1.0);
#5644=VECTOR('',#5647,1.0);
#5645=DIRECTION('',(0,0,1));
#5646=DIRECTION('',(-0.0761144249221523,0.031526474921554117,-0.9966005597518951));
#5647=DIRECTION('',(0.9238844769476138,-0.38267149522172944,0));
#5648=FACE_SURFACE('',(#5653),#5649,.T.);
#5649=PLANE('',#5650);
#5650=AXIS2_PLACEMENT_3D('',#342,#5651,#5652);
#5651=DIRECTION('',(-0.38267149522172944,-0.9238844769476138,0));
#5652=DIRECTION('',(0.0761144249221523,-0.031526474921554117,0.9966005597518951));
#5653=FACE_BOUND('',#5654,.T.);
#5654=EDGE_LOOP('',(#5655,#5656,#5657));
#5655=ORIENTED_EDGE('',*,*,#5658,.T.);
#5656=ORIENTED_EDGE('',*,*,#5659,.T.);
#5657=ORIENTED_EDGE('',*,*,#5660,.T.);
#5658=EDGE_CURVE('',#343,#341,#5661,.F.);
#5659=EDGE_CURVE('',#341,#345,#5662,.T.);
#5660=EDGE_CURVE('',#345,#343,#5663,.T.);
#5661=LINE('',#342,#5664);
#5662=LINE('',#340,#5665);
#5663=LINE('',#344,#5666);
#5664=VECTOR('',#5667,1.0);
#5665=VECTOR('',#5668,1.0);
#5666=VECTOR('',#5669,1.0);
#5667=DIRECTION('',(0.0761144249221523,-0.031526474921554117,0.9966005597518951));
#5668=DIRECTION('',(-0.9238844769476138,0.38267149522172944,0));
#5669=DIRECTION('',(0,0,-1));
#5670=FACE_SURFACE('',(#5675),#5671,.T.);
#5671=PLANE('',#5672);
#5672=AXIS2_PLACEMENT_3D('',#342,#5673,#5674);
#5673=DIRECTION('',(-0.1305293161766429,-0.9914444500921158,0));
#5674=DIRECTION('',(0,0,1));
#5675=FACE_BOUND('',#5676,.T.);
#5676=EDGE_LOOP('',(#5677,#5678,#5679));
#5677=ORIENTED_EDGE('',*,*,#5680,.T.);
#5678=ORIENTED_EDGE('',*,*,#5681,.T.);
#5679=ORIENTED_EDGE('',*,*,#5682,.T.);
#5680=EDGE_CURVE('',#343,#345,#5683,.F.);
#5681=EDGE_CURVE('',#345,#347,#5684,.T.);
#5682=EDGE_CURVE('',#347,#343,#5685,.T.);
#5683=LINE('',#342,#5686);
#5684=LINE('',#344,#5687);
#5685=LINE('',#346,#5688);
#5686=VECTOR('',#5689,1.0);
#5687=VECTOR('',#5690,1.0);
#5688=VECTOR('',#5691,1.0);
#5689=DIRECTION('',(0,0,1));
#5690=DIRECTION('',(-0.08168141688391159,0.0107538243713056,-0.9966004723043371));
#5691=DIRECTION('',(0.9914444500921159,-0.1305293161766429,0));
#5692=FACE_SURFACE('',(#5697),#5693,.T.);
#5693=PLANE('',#5694);
#5694=AXIS2_PLACEMENT_3D('',#346,#5695,#5696);
#5695=DIRECTION('',(-0.1305293161766429,-0.9914444500921158,0));
#5696=DIRECTION('',(0.08168141688391159,-0.0107538243713056,0.9966004723043371));
#5697=FACE_BOUND('',#5698,.T.);
#5698=EDGE_LOOP('',(#5699,#5700,#5701));
#5699=ORIENTED_EDGE('',*,*,#5702,.T.);
#5700=ORIENTED_EDGE('',*,*,#5703,.T.);
#5701=ORIENTED_EDGE('',*,*,#5704,.T.);
#5702=EDGE_CURVE('',#347,#345,#5705,.F.);
#5703=EDGE_CURVE('',#345,#349,#5706,.T.);
#5704=EDGE_CURVE('',#349,#347,#5707,.T.);
#5705=LINE('',#346,#5708);
#5706=LINE('',#344,#5709);
#5707=LINE('',#348,#5710);
#5708=VECTOR('',#5711,1.0);
#5709=VECTOR('',#5712,1.0);
#5710=VECTOR('',#5713,1.0);
#5711=DIRECTION('',(0.08168141688391159,-0.0107538243713056,0.9966004723043371));
#5712=DIRECTION('',(-0.9914444500921159,0.1305293161766429,0));
#5713=DIRECTION('',(0,0,-1));
#5714=FACE_SURFACE('',(#5719),#5715,.T.);
#5715=PLANE('',#5716);
#5716=AXIS2_PLACEMENT_3D('',#346,#5717,#5718);
#5717=DIRECTION('',(0.1305313067952071,-0.9914441880137962,0));
#5718=DIRECTION('',(0,0,1));
#5719=FACE_BOUND('',#5720,.T.);
#5720=EDGE_LOOP('',(#5721,#5722,#5723));
#5721=ORIENTED_EDGE('',*,*,#5724,.T.);
#5722=ORIENTED_EDGE('',*,*,#5725,.T.);
#5723=ORIENTED_EDGE('',*,*,#5726,.T.);
#5724=EDGE_CURVE('',#347,#349,#5727,.F.);
#5725=EDGE_CURVE('',#349,#351,#5728,.T.);
#5726=EDGE_CURVE('',#351,#347,#5729,.T.);
#5727=LINE('',#346,#5730);
#5728=LINE('',#348,#5731);
#5729=LINE('',#350,#5732);
#5730=VECTOR('',#5733,1.0);
#5731=VECTOR('',#5734,1.0);
#5732=VECTOR('',#5735,1.0);
#5733=DIRECTION('',(0,0,1));
#5734=DIRECTION('',(-0.08168015809554426,-0.010753825484427718,-0.9966005754618735));
#5735=DIRECTION('',(0.9914441880137961,0.1305313067952071,0));
#5736=FACE_SURFACE('',(#5741),#5737,.T.);
#5737=PLANE('',#5738);
#5738=AXIS2_PLACEMENT_3D('',#350,#5739,#5740);
#5739=DIRECTION('',(0.1305313067952071,-0.9914441880137962,0));
#5740=DIRECTION('',(0.08168015809554426,0.010753825484427718,0.9966005754618735));
#5741=FACE_BOUND('',#5742,.T.);
#5742=EDGE_LOOP('',(#5743,#5744,#5745));
#5743=ORIENTED_EDGE('',*,*,#5746,.T.);
#5744=ORIENTED_EDGE('',*,*,#5747,.T.);
#5745=ORIENTED_EDGE('',*,*,#5748,.T.);
#5746=EDGE_CURVE('',#351,#349,#5749,.F.);
#5747=EDGE_CURVE('',#349,#353,#5750,.T.);
#5748=EDGE_CURVE('',#353,#351,#5751,.T.);
#5749=LINE('',#350,#5752);
#5750=LINE('',#348,#5753);
#5751=LINE('',#352,#5754);
#5752=VECTOR('',#5755,1.0);
#5753=VECTOR('',#5756,1.0);
#5754=VECTOR('',#5757,1.0);
#5755=DIRECTION('',(0.08168015809554426,0.010753825484427718,0.9966005754618735));
#5756=DIRECTION('',(-0.9914441880137961,-0.1305313067952071,0));
#5757=DIRECTION('',(0,0,-1));
#5758=FACE_SURFACE('',(#5763),#5759,.T.);
#5759=PLANE('',#5760);
#5760=AXIS2_PLACEMENT_3D('',#350,#5761,#5762);
#5761=DIRECTION('',(0.38267149522172944,-0.9238844769476138,0));
#5762=DIRECTION('',(0,0,1));
#5763=FACE_BOUND('',#5764,.T.);
#5764=EDGE_LOOP('',(#5765,#5766,#5767));
#5765=ORIENTED_EDGE('',*,*,#5768,.T.);
#5766=ORIENTED_EDGE('',*,*,#5769,.T.);
#5767=ORIENTED_EDGE('',*,*,#5770,.T.);
#5768=EDGE_CURVE('',#351,#353,#5771,.F.);
#5769=EDGE_CURVE('',#353,#355,#5772,.T.);
#5770=EDGE_CURVE('',#355,#351,#5773,.T.);
#5771=LINE('',#350,#5774);
#5772=LINE('',#352,#5775);
#5773=LINE('',#354,#5776);
#5774=VECTOR('',#5777,1.0);
#5775=VECTOR('',#5778,1.0);
#5776=VECTOR('',#5779,1.0);
#5777=DIRECTION('',(0,0,1));
#5778=DIRECTION('',(-0.0761144249221523,-0.031526474921554117,-0.9966005597518951));
#5779=DIRECTION('',(0.9238844769476138,0.38267149522172944,0));
#5780=FACE_SURFACE('',(#5785),#5781,.T.);
#5781=PLANE('',#5782);
#5782=AXIS2_PLACEMENT_3D('',#354,#5783,#5784);
#5783=DIRECTION('',(0.38267149522172944,-0.9238844769476138,0));
#5784=DIRECTION('',(0.0761144249221523,0.031526474921554117,0.9966005597518951));
#5785=FACE_BOUND('',#5786,.T.);
#5786=EDGE_LOOP('',(#5787,#5788,#5789));
#5787=ORIENTED_EDGE('',*,*,#5790,.T.);
#5788=ORIENTED_EDGE('',*,*,#5791,.T.);
#5789=ORIENTED_EDGE('',*,*,#5792,.T.);
#5790=EDGE_CURVE('',#355,#353,#5793,.F.);
#5791=EDGE_CURVE('',#353,#357,#5794,.T.);
#5792=EDGE_CURVE('',#357,#355,#5795,.T.);
#5793=LINE('',#354,#5796);
#5794=LINE('',#352,#5797);
#5795=LINE('',#356,#5798);
#5796=VECTOR('',#5799,1.0);
#5797=VECTOR('',#5800,1.0);
#5798=VECTOR('',#5801,1.0);
#5799=DIRECTION('',(0.0761144249221523,0.031526474921554117,0.9966005597518951));
#5800=DIRECTION('',(-0.9238844769476138,-0.38267149522172944,0));
#5801=DIRECTION('',(0,0,-1));
#5802=FACE_SURFACE('',(#5807),#5803,.T.);
#5803=PLANE('',#5804);
#5804=AXIS2_PLACEMENT_3D('',#354,#5805,#5806);
#5805=DIRECTION('',(0.6087573234454586,-0.7933564905838493,0));
#5806=DIRECTION('',(0,0,1));
#5807=FACE_BOUND('',#5808,.T.);
#5808=EDGE_LOOP('',(#5809,#5810,#5811));
#5809=ORIENTED_EDGE('',*,*,#5812,.T.);
#5810=ORIENTED_EDGE('',*,*,#5813,.T.);
#5811=ORIENTED_EDGE('',*,*,#5814,.T.);
#5812=EDGE_CURVE('',#355,#357,#5815,.F.);
#5813=EDGE_CURVE('',#357,#359,#5816,.T.);
#5814=EDGE_CURVE('',#359,#355,#5817,.T.);
#5815=LINE('',#354,#5818);
#5816=LINE('',#356,#5819);
#5817=LINE('',#358,#5820);
#5818=VECTOR('',#5821,1.0);
#5819=VECTOR('',#5822,1.0);
#5820=VECTOR('',#5823,1.0);
#5821=DIRECTION('',(0,0,1));
#5822=DIRECTION('',(-0.06536060129441736,-0.050152415937876595,-0.9966005854774653));
#5823=DIRECTION('',(0.7933564905838493,0.6087573234454586,0));
#5824=FACE_SURFACE('',(#5829),#5825,.T.);
#5825=PLANE('',#5826);
#5826=AXIS2_PLACEMENT_3D('',#358,#5827,#5828);
#5827=DIRECTION('',(0.6087573234454586,-0.7933564905838493,0));
#5828=DIRECTION('',(0.06536060129441736,0.050152415937876595,0.9966005854774653));
#5829=FACE_BOUND('',#5830,.T.);
#5830=EDGE_LOOP('',(#5831,#5832,#5833));
#5831=ORIENTED_EDGE('',*,*,#5834,.T.);
#5832=ORIENTED_EDGE('',*,*,#5835,.T.);
#5833=ORIENTED_EDGE('',*,*,#5836,.T.);
#5834=EDGE_CURVE('',#359,#357,#5837,.F.);
#5835=EDGE_CURVE('',#357,#361,#5838,.T.);
#5836=EDGE_CURVE('',#361,#359,#5839,.T.);
#5837=LINE('',#358,#5840);
#5838=LINE('',#356,#5841);
#5839=LINE('',#360,#5842);
#5840=VECTOR('',#5843,1.0);
#5841=VECTOR('',#5844,1.0);
#5842=VECTOR('',#5845,1.0);
#5843=DIRECTION('',(0.06536060129441736,0.050152415937876595,0.9966005854774653));
#5844=DIRECTION('',(-0.7933564905838493,-0.6087573234454586,0));
#5845=DIRECTION('',(0,0,-1));
#5846=FACE_SURFACE('',(#5851),#5847,.T.);
#5847=PLANE('',#5848);
#5848=AXIS2_PLACEMENT_3D('',#358,#5849,#5850);
#5849=DIRECTION('',(0.793354762050851,-0.6087595761310352,0));
#5850=DIRECTION('',(0,0,1));
#5851=FACE_BOUND('',#5852,.T.);
#5852=EDGE_LOOP('',(#5853,#5854,#5855));
#5853=ORIENTED_EDGE('',*,*,#5856,.T.);
#5854=ORIENTED_EDGE('',*,*,#5857,.T.);
#5855=ORIENTED_EDGE('',*,*,#5858,.T.);
#5856=EDGE_CURVE('',#359,#361,#5859,.F.);
#5857=EDGE_CURVE('',#361,#363,#5860,.T.);
#5858=EDGE_CURVE('',#363,#359,#5861,.T.);
#5859=LINE('',#358,#5862);
#5860=LINE('',#360,#5863);
#5861=LINE('',#362,#5864);
#5862=VECTOR('',#5865,1.0);
#5863=VECTOR('',#5866,1.0);
#5864=VECTOR('',#5867,1.0);
#5865=DIRECTION('',(0,0,1));
#5866=DIRECTION('',(-0.050153675839323016,-0.06536185896961878,-0.9966004395904308));
#5867=DIRECTION('',(0.6087595761310352,0.793354762050851,0));
#5868=FACE_SURFACE('',(#5873),#5869,.T.);
#5869=PLANE('',#5870);
#5870=AXIS2_PLACEMENT_3D('',#362,#5871,#5872);
#5871=DIRECTION('',(0.793354762050851,-0.6087595761310352,0));
#5872=DIRECTION('',(0.050153675839323016,0.06536185896961878,0.9966004395904308));
#5873=FACE_BOUND('',#5874,.T.);
#5874=EDGE_LOOP('',(#5875,#5876,#5877));
#5875=ORIENTED_EDGE('',*,*,#5878,.T.);
#5876=ORIENTED_EDGE('',*,*,#5879,.T.);
#5877=ORIENTED_EDGE('',*,*,#5880,.T.);
#5878=EDGE_CURVE('',#363,#361,#5881,.F.);
#5879=EDGE_CURVE('',#361,#365,#5882,.T.);
#5880=EDGE_CURVE('',#365,#363,#5883,.T.);
#5881=LINE('',#362,#5884);
#5882=LINE('',#360,#5885);
#5883=LINE('',#364,#5886);
#5884=VECTOR('',#5887,1.0);
#5885=VECTOR('',#5888,1.0);
#5886=VECTOR('',#5889,1.0);
#5887=DIRECTION('',(0.050153675839323016,0.06536185896961878,0.9966004395904308));
#5888=DIRECTION('',(-0.6087595761310352,-0.793354762050851,0));
#5889=DIRECTION('',(0,0,-1));
#5890=FACE_SURFACE('',(#5895),#5891,.T.);
#5891=PLANE('',#5892);
#5892=AXIS2_PLACEMENT_3D('',#362,#5893,#5894);
#5893=DIRECTION('',(0.9238767860162763,-0.38269006292329494,0));
#5894=DIRECTION('',(0,0,1));
#5895=FACE_BOUND('',#5896,.T.);
#5896=EDGE_LOOP('',(#5897,#5898,#5899));
#5897=ORIENTED_EDGE('',*,*,#5900,.T.);
#5898=ORIENTED_EDGE('',*,*,#5901,.T.);
#5899=ORIENTED_EDGE('',*,*,#5902,.T.);
#5900=EDGE_CURVE('',#363,#365,#5903,.F.);
#5901=EDGE_CURVE('',#365,#367,#5904,.T.);
#5902=EDGE_CURVE('',#367,#363,#5905,.T.);
#5903=LINE('',#362,#5906);
#5904=LINE('',#364,#5907);
#5905=LINE('',#366,#5908);
#5906=VECTOR('',#5909,1.0);
#5907=VECTOR('',#5910,1.0);
#5908=VECTOR('',#5911,1.0);
#5909=DIRECTION('',(0,0,1));
#5910=DIRECTION('',(-0.03152774394608346,-0.07611316197956769,-0.9966006160619922));
#5911=DIRECTION('',(0.38269006292329494,0.9238767860162763,0));
#5912=FACE_SURFACE('',(#5917),#5913,.T.);
#5913=PLANE('',#5914);
#5914=AXIS2_PLACEMENT_3D('',#366,#5915,#5916);
#5915=DIRECTION('',(0.9238767860162763,-0.38269006292329494,0));
#5916=DIRECTION('',(0.03152774394608346,0.07611316197956769,0.9966006160619922));
#5917=FACE_BOUND('',#5918,.T.);
#5918=EDGE_LOOP('',(#5919,#5920,#5921));
#5919=ORIENTED_EDGE('',*,*,#5922,.T.);
#5920=ORIENTED_EDGE('',*,*,#5923,.T.);
#5921=ORIENTED_EDGE('',*,*,#5924,.T.);
#5922=EDGE_CURVE('',#367,#365,#5925,.F.);
#5923=EDGE_CURVE('',#365,#369,#5926,.T.);
#5924=EDGE_CURVE('',#369,#367,#5927,.T.);
#5925=LINE('',#366,#5928);
#5926=LINE('',#364,#5929);
#5927=LINE('',#368,#5930);
#5928=VECTOR('',#5931,1.0);
#5929=VECTOR('',#5932,1.0);
#5930=VECTOR('',#5933,1.0);
#5931=DIRECTION('',(0.03152774394608346,0.07611316197956769,0.9966006160619922));
#5932=DIRECTION('',(-0.38269006292329494,-0.9238767860162763,0));
#5933=DIRECTION('',(0,0,-1));
#5934=FACE_SURFACE('',(#5939),#5935,.T.);
#5935=PLANE('',#5936);
#5936=AXIS2_PLACEMENT_3D('',#366,#5937,#5938);
#5937=DIRECTION('',(0.9914444500921158,-0.1305293161766429,0));
#5938=DIRECTION('',(0,0,1));
#5939=FACE_BOUND('',#5940,.T.);
#5940=EDGE_LOOP('',(#5941,#5942,#5943));
#5941=ORIENTED_EDGE('',*,*,#5944,.T.);
#5942=ORIENTED_EDGE('',*,*,#5945,.T.);
#5943=ORIENTED_EDGE('',*,*,#5946,.T.);
#5944=EDGE_CURVE('',#367,#369,#5947,.F.);
#5945=EDGE_CURVE('',#369,#371,#5948,.T.);
#5946=EDGE_CURVE('',#371,#367,#5949,.T.);
#5947=LINE('',#366,#5950);
#5948=LINE('',#368,#5951);
#5949=LINE('',#370,#5952);
#5950=VECTOR('',#5953,1.0);
#5951=VECTOR('',#5954,1.0);
#5952=VECTOR('',#5955,1.0);
#5953=DIRECTION('',(0,0,1));
#5954=DIRECTION('',(-0.0107538243713056,-0.08168141688391159,-0.9966004723043371));
#5955=DIRECTION('',(0.1305293161766429,0.9914444500921159,0));
#5956=FACE_SURFACE('',(#5961),#5957,.T.);
#5957=PLANE('',#5958);
#5958=AXIS2_PLACEMENT_3D('',#370,#5959,#5960);
#5959=DIRECTION('',(0.9914444500921158,-0.1305293161766429,0));
#5960=DIRECTION('',(0.0107538243713056,0.08168141688391159,0.9966004723043371));
#5961=FACE_BOUND('',#5962,.T.);
#5962=EDGE_LOOP('',(#5963,#5964,#5965));
#5963=ORIENTED_EDGE('',*,*,#5966,.T.);
#5964=ORIENTED_EDGE('',*,*,#5967,.T.);
#5965=ORIENTED_EDGE('',*,*,#5968,.T.);
#5966=EDGE_CURVE('',#371,#369,#5969,.F.);
#5967=EDGE_CURVE('',#369,#373,#5970,.T.);
#5968=EDGE_CURVE('',#373,#371,#5971,.T.);
#5969=LINE('',#370,#5972);
#5970=LINE('',#368,#5973);
#5971=LINE('',#372,#5974);
#5972=VECTOR('',#5975,1.0);
#5973=VECTOR('',#5976,1.0);
#5974=VECTOR('',#5977,1.0);
#5975=DIRECTION('',(0.0107538243713056,0.08168141688391159,0.9966004723043371));
#5976=DIRECTION('',(-0.1305293161766429,-0.9914444500921159,0));
#5977=DIRECTION('',(0,0,-1));
#5978=FACE_SURFACE('',(#5983),#5979,.T.);
#5979=PLANE('',#5980);
#5980=AXIS2_PLACEMENT_3D('',#370,#5981,#5982);
#5981=DIRECTION('',(0.9914444500921158,0.1305293161766429,-0));
#5982=DIRECTION('',(0,0,1));
#5983=FACE_BOUND('',#5984,.T.);
#5984=EDGE_LOOP('',(#5985,#5986,#5987));
#5985=ORIENTED_EDGE('',*,*,#5988,.T.);
#5986=ORIENTED_EDGE('',*,*,#5989,.T.);
#5987=ORIENTED_EDGE('',*,*,#5990,.T.);
#5988=EDGE_CURVE('',#371,#373,#5991,.F.);
#5989=EDGE_CURVE('',#373,#375,#5992,.T.);
#5990=EDGE_CURVE('',#375,#371,#5993,.T.);
#5991=LINE('',#370,#5994);
#5992=LINE('',#372,#5995);
#5993=LINE('',#374,#5996);
#5994=VECTOR('',#5997,1.0);
#5995=VECTOR('',#5998,1.0);
#5996=VECTOR('',#5999,1.0);
#5997=DIRECTION('',(0,0,1));
#5998=DIRECTION('',(0.0107538243713056,-0.08168141688391159,-0.9966004723043371));
#5999=DIRECTION('',(-0.1305293161766429,0.9914444500921159,0));
#6000=FACE_SURFACE('',(#6005),#6001,.T.);
#6001=PLANE('',#6002);
#6002=AXIS2_PLACEMENT_3D('',#374,#6003,#6004);
#6003=DIRECTION('',(0.9914444500921158,0.1305293161766429,-0));
#6004=DIRECTION('',(-0.0107538243713056,0.08168141688391159,0.9966004723043371));
#6005=FACE_BOUND('',#6006,.T.);
#6006=EDGE_LOOP('',(#6007,#6008,#6009));
#6007=ORIENTED_EDGE('',*,*,#6010,.T.);
#6008=ORIENTED_EDGE('',*,*,#6011,.T.);
#6009=ORIENTED_EDGE('',*,*,#6012,.T.);
#6010=EDGE_CURVE('',#375,#373,#6013,.F.);
#6011=EDGE_CURVE('',#373,#377,#6014,.T.);
#6012=EDGE_CURVE('',#377,#375,#6015,.T.);
#6013=LINE('',#374,#6016);
#6014=LINE('',#372,#6017);
#6015=LINE('',#376,#6018);
#6016=VECTOR('',#6019,1.0);
#6017=VECTOR('',#6020,1.0);
#6018=VECTOR('',#6021,1.0);
#6019=DIRECTION('',(-0.0107538243713056,0.08168141688391159,0.9966004723043371));
#6020=DIRECTION('',(0.1305293161766429,-0.9914444500921159,0));
#6021=DIRECTION('',(0,0,-1));
#6022=FACE_SURFACE('',(#6027),#6023,.T.);
#6023=PLANE('',#6024);
#6024=AXIS2_PLACEMENT_3D('',#374,#6025,#6026);
#6025=DIRECTION('',(0.9238767860162763,0.38269006292329494,-0));
#6026=DIRECTION('',(0,0,1));
#6027=FACE_BOUND('',#6028,.T.);
#6028=EDGE_LOOP('',(#6029,#6030,#6031));
#6029=ORIENTED_EDGE('',*,*,#6032,.T.);
#6030=ORIENTED_EDGE('',*,*,#6033,.T.);
#6031=ORIENTED_EDGE('',*,*,#6034,.T.);
#6032=EDGE_CURVE('',#375,#377,#6035,.F.);
#6033=EDGE_CURVE('',#377,#379,#6036,.T.);
#6034=EDGE_CURVE('',#379,#375,#6037,.T.);
#6035=LINE('',#374,#6038);
#6036=LINE('',#376,#6039);
#6037=LINE('',#378,#6040);
#6038=VECTOR('',#6041,1.0);
#6039=VECTOR('',#6042,1.0);
#6040=VECTOR('',#6043,1.0);
#6041=DIRECTION('',(0,0,1));
#6042=DIRECTION('',(0.03152774394608346,-0.07611316197956769,-0.9966006160619922));
#6043=DIRECTION('',(-0.38269006292329494,0.9238767860162763,0));
#6044=FACE_SURFACE('',(#6049),#6045,.T.);
#6045=PLANE('',#6046);
#6046=AXIS2_PLACEMENT_3D('',#378,#6047,#6048);
#6047=DIRECTION('',(0.9238767860162763,0.38269006292329494,-0));
#6048=DIRECTION('',(-0.03152774394608346,0.07611316197956769,0.9966006160619922));
#6049=FACE_BOUND('',#6050,.T.);
#6050=EDGE_LOOP('',(#6051,#6052,#6053));
#6051=ORIENTED_EDGE('',*,*,#6054,.T.);
#6052=ORIENTED_EDGE('',*,*,#6055,.T.);
#6053=ORIENTED_EDGE('',*,*,#6056,.T.);
#6054=EDGE_CURVE('',#379,#377,#6057,.F.);
#6055=EDGE_CURVE('',#377,#381,#6058,.T.);
#6056=EDGE_CURVE('',#381,#379,#6059,.T.);
#6057=LINE('',#378,#6060);
#6058=LINE('',#376,#6061);
#6059=LINE('',#380,#6062);
#6060=VECTOR('',#6063,1.0);
#6061=VECTOR('',#6064,1.0);
#6062=VECTOR('',#6065,1.0);
#6063=DIRECTION('',(-0.03152774394608346,0.07611316197956769,0.9966006160619922));
#6064=DIRECTION('',(0.38269006292329494,-0.9238767860162763,0));
#6065=DIRECTION('',(0,0,-1));
#6066=FACE_SURFACE('',(#6071),#6067,.T.);
#6067=PLANE('',#6068);
#6068=AXIS2_PLACEMENT_3D('',#378,#6069,#6070);
#6069=DIRECTION('',(0.793354762050851,0.6087595761310352,-0));
#6070=DIRECTION('',(0,0,1));
#6071=FACE_BOUND('',#6072,.T.);
#6072=EDGE_LOOP('',(#6073,#6074,#6075));
#6073=ORIENTED_EDGE('',*,*,#6076,.T.);
#6074=ORIENTED_EDGE('',*,*,#6077,.T.);
#6075=ORIENTED_EDGE('',*,*,#6078,.T.);
#6076=EDGE_CURVE('',#379,#381,#6079,.F.);
#6077=EDGE_CURVE('',#381,#383,#6080,.T.);
#6078=EDGE_CURVE('',#383,#379,#6081,.T.);
#6079=LINE('',#378,#6082);
#6080=LINE('',#380,#6083);
#6081=LINE('',#382,#6084);
#6082=VECTOR('',#6085,1.0);
#6083=VECTOR('',#6086,1.0);
#6084=VECTOR('',#6087,1.0);
#6085=DIRECTION('',(0,0,1));
#6086=DIRECTION('',(0.050153675839323016,-0.06536185896961878,-0.9966004395904308));
#6087=DIRECTION('',(-0.6087595761310352,0.793354762050851,0));
#6088=FACE_SURFACE('',(#6093),#6089,.T.);
#6089=PLANE('',#6090);
#6090=AXIS2_PLACEMENT_3D('',#382,#6091,#6092);
#6091=DIRECTION('',(0.793354762050851,0.6087595761310352,-0));
#6092=DIRECTION('',(-0.050153675839323016,0.06536185896961878,0.9966004395904308));
#6093=FACE_BOUND('',#6094,.T.);
#6094=EDGE_LOOP('',(#6095,#6096,#6097));
#6095=ORIENTED_EDGE('',*,*,#6098,.T.);
#6096=ORIENTED_EDGE('',*,*,#6099,.T.);
#6097=ORIENTED_EDGE('',*,*,#6100,.T.);
#6098=EDGE_CURVE('',#383,#381,#6101,.F.);
#6099=EDGE_CURVE('',#381,#385,#6102,.T.);
#6100=EDGE_CURVE('',#385,#383,#6103,.T.);
#6101=LINE('',#382,#6104);
#6102=LINE('',#380,#6105);
#6103=LINE('',#384,#6106);
#6104=VECTOR('',#6107,1.0);
#6105=VECTOR('',#6108,1.0);
#6106=VECTOR('',#6109,1.0);
#6107=DIRECTION('',(-0.050153675839323016,0.06536185896961878,0.9966004395904308));
#6108=DIRECTION('',(0.6087595761310352,-0.793354762050851,0));
#6109=DIRECTION('',(0,0,-1));
#6110=FACE_SURFACE('',(#6115),#6111,.T.);
#6111=PLANE('',#6112);
#6112=AXIS2_PLACEMENT_3D('',#382,#6113,#6114);
#6113=DIRECTION('',(0.6087573234454586,0.7933564905838493,-0));
#6114=DIRECTION('',(0,0,1));
#6115=FACE_BOUND('',#6116,.T.);
#6116=EDGE_LOOP('',(#6117,#6118,#6119));
#6117=ORIENTED_EDGE('',*,*,#6120,.T.);
#6118=ORIENTED_EDGE('',*,*,#6121,.T.);
#6119=ORIENTED_EDGE('',*,*,#6122,.T.);
#6120=EDGE_CURVE('',#383,#385,#6123,.F.);
#6121=EDGE_CURVE('',#385,#387,#6124,.T.);
#6122=EDGE_CURVE('',#387,#383,#6125,.T.);
#6123=LINE('',#382,#6126);
#6124=LINE('',#384,#6127);
#6125=LINE('',#386,#6128);
#6126=VECTOR('',#6129,1.0);
#6127=VECTOR('',#6130,1.0);
#6128=VECTOR('',#6131,1.0);
#6129=DIRECTION('',(0,0,1));
#6130=DIRECTION('',(0.06536060129441736,-0.050152415937876595,-0.9966005854774653));
#6131=DIRECTION('',(-0.7933564905838493,0.6087573234454586,0));
#6132=FACE_SURFACE('',(#6137),#6133,.T.);
#6133=PLANE('',#6134);
#6134=AXIS2_PLACEMENT_3D('',#386,#6135,#6136);
#6135=DIRECTION('',(0.6087573234454586,0.7933564905838493,-0));
#6136=DIRECTION('',(-0.06536060129441736,0.050152415937876595,0.9966005854774653));
#6137=FACE_BOUND('',#6138,.T.);
#6138=EDGE_LOOP('',(#6139,#6140,#6141));
#6139=ORIENTED_EDGE('',*,*,#6142,.T.);
#6140=ORIENTED_EDGE('',*,*,#6143,.T.);
#6141=ORIENTED_EDGE('',*,*,#6144,.T.);
#6142=EDGE_CURVE('',#387,#385,#6145,.F.);
#6143=EDGE_CURVE('',#385,#389,#6146,.T.);
#6144=EDGE_CURVE('',#389,#387,#6147,.T.);
#6145=LINE('',#386,#6148);
#6146=LINE('',#384,#6149);
#6147=LINE('',#388,#6150);
#6148=VECTOR('',#6151,1.0);
#6149=VECTOR('',#6152,1.0);
#6150=VECTOR('',#6153,1.0);
#6151=DIRECTION('',(-0.06536060129441736,0.050152415937876595,0.9966005854774653));
#6152=DIRECTION('',(0.7933564905838493,-0.6087573234454586,0));
#6153=DIRECTION('',(0,0,-1));
#6154=FACE_SURFACE('',(#6159),#6155,.T.);
#6155=PLANE('',#6156);
#6156=AXIS2_PLACEMENT_3D('',#386,#6157,#6158);
#6157=DIRECTION('',(0.38269775362517106,0.9238736003210871,-0));
#6158=DIRECTION('',(0,0,1));
#6159=FACE_BOUND('',#6160,.T.);
#6160=EDGE_LOOP('',(#6161,#6162,#6163));
#6161=ORIENTED_EDGE('',*,*,#6164,.T.);
#6162=ORIENTED_EDGE('',*,*,#6165,.T.);
#6163=ORIENTED_EDGE('',*,*,#6166,.T.);
#6164=EDGE_CURVE('',#387,#389,#6167,.F.);
#6165=EDGE_CURVE('',#389,#391,#6168,.T.);
#6166=EDGE_CURVE('',#391,#387,#6169,.T.);
#6167=LINE('',#386,#6170);
#6168=LINE('',#388,#6171);
#6169=LINE('',#390,#6172);
#6170=VECTOR('',#6173,1.0);
#6171=VECTOR('',#6174,1.0);
#6172=VECTOR('',#6175,1.0);
#6173=DIRECTION('',(0,0,1));
#6174=DIRECTION('',(0.07611441884010582,-0.03152900688846433,-0.9966004801169124));
#6175=DIRECTION('',(-0.9238736003210871,0.38269775362517106,0));
#6176=FACE_SURFACE('',(#6181),#6177,.T.);
#6177=PLANE('',#6178);
#6178=AXIS2_PLACEMENT_3D('',#390,#6179,#6180);
#6179=DIRECTION('',(0.38269775362517106,0.9238736003210871,-0));
#6180=DIRECTION('',(-0.07611441884010582,0.03152900688846433,0.9966004801169124));
#6181=FACE_BOUND('',#6182,.T.);
#6182=EDGE_LOOP('',(#6183,#6184,#6185));
#6183=ORIENTED_EDGE('',*,*,#6186,.T.);
#6184=ORIENTED_EDGE('',*,*,#6187,.T.);
#6185=ORIENTED_EDGE('',*,*,#6188,.T.);
#6186=EDGE_CURVE('',#391,#389,#6189,.F.);
#6187=EDGE_CURVE('',#389,#393,#6190,.T.);
#6188=EDGE_CURVE('',#393,#391,#6191,.T.);
#6189=LINE('',#390,#6192);
#6190=LINE('',#388,#6193);
#6191=LINE('',#392,#6194);
#6192=VECTOR('',#6195,1.0);
#6193=VECTOR('',#6196,1.0);
#6194=VECTOR('',#6197,1.0);
#6195=DIRECTION('',(-0.07611441884010582,0.03152900688846433,0.9966004801169124));
#6196=DIRECTION('',(0.9238736003210871,-0.38269775362517106,0));
#6197=DIRECTION('',(0,0,-1));
#6198=FACE_SURFACE('',(#6203),#6199,.T.);
#6199=PLANE('',#6200);
#6200=AXIS2_PLACEMENT_3D('',#390,#6201,#6202);
#6201=DIRECTION('',(0.1305313067952071,0.9914441880137962,-0));
#6202=DIRECTION('',(0,0,1));
#6203=FACE_BOUND('',#6204,.T.);
#6204=EDGE_LOOP('',(#6205,#6206,#6207));
#6205=ORIENTED_EDGE('',*,*,#6208,.T.);
#6206=ORIENTED_EDGE('',*,*,#6209,.T.);
#6207=ORIENTED_EDGE('',*,*,#6210,.T.);
#6208=EDGE_CURVE('',#391,#393,#6211,.F.);
#6209=EDGE_CURVE('',#393,#395,#6212,.T.);
#6210=EDGE_CURVE('',#395,#391,#6213,.T.);
#6211=LINE('',#390,#6214);
#6212=LINE('',#392,#6215);
#6213=LINE('',#394,#6216);
#6214=VECTOR('',#6217,1.0);
#6215=VECTOR('',#6218,1.0);
#6216=VECTOR('',#6219,1.0);
#6217=DIRECTION('',(0,0,1));
#6218=DIRECTION('',(0.08168015809554426,-0.010753825484427718,-0.9966005754618735));
#6219=DIRECTION('',(-0.9914441880137961,0.1305313067952071,0));
#6220=FACE_SURFACE('',(#6225),#6221,.T.);
#6221=PLANE('',#6222);
#6222=AXIS2_PLACEMENT_3D('',#394,#6223,#6224);
#6223=DIRECTION('',(0.1305313067952071,0.9914441880137962,-0));
#6224=DIRECTION('',(-0.08168015809554426,0.010753825484427718,0.9966005754618735));
#6225=FACE_BOUND('',#6226,.T.);
#6226=EDGE_LOOP('',(#6227,#6228,#6229));
#6227=ORIENTED_EDGE('',*,*,#6230,.T.);
#6228=ORIENTED_EDGE('',*,*,#6231,.T.);
#6229=ORIENTED_EDGE('',*,*,#6232,.T.);
#6230=EDGE_CURVE('',#395,#393,#6233,.F.);
#6231=EDGE_CURVE('',#393,#397,#6234,.T.);
#6232=EDGE_CURVE('',#397,#395,#6235,.T.);
#6233=LINE('',#394,#6236);
#6234=LINE('',#392,#6237);
#6235=LINE('',#396,#6238);
#6236=VECTOR('',#6239,1.0);
#6237=VECTOR('',#6240,1.0);
#6238=VECTOR('',#6241,1.0);
#6239=DIRECTION('',(-0.08168015809554426,0.010753825484427718,0.9966005754618735));
#6240=DIRECTION('',(0.9914441880137961,-0.1305313067952071,0));
#6241=DIRECTION('',(0,0,-1));
#6242=FACE_SURFACE('',(#6247),#6243,.T.);
#6243=PLANE('',#6244);
#6244=AXIS2_PLACEMENT_3D('',#394,#6245,#6246);
#6245=DIRECTION('',(-0.1305293161766429,0.9914444500921158,0));
#6246=DIRECTION('',(0,0,1));
#6247=FACE_BOUND('',#6248,.T.);
#6248=EDGE_LOOP('',(#6249,#6250,#6251));
#6249=ORIENTED_EDGE('',*,*,#6252,.T.);
#6250=ORIENTED_EDGE('',*,*,#6253,.T.);
#6251=ORIENTED_EDGE('',*,*,#6254,.T.);
#6252=EDGE_CURVE('',#395,#397,#6255,.F.);
#6253=EDGE_CURVE('',#397,#399,#6256,.T.);
#6254=EDGE_CURVE('',#399,#395,#6257,.T.);
#6255=LINE('',#394,#6258);
#6256=LINE('',#396,#6259);
#6257=LINE('',#398,#6260);
#6258=VECTOR('',#6261,1.0);
#6259=VECTOR('',#6262,1.0);
#6260=VECTOR('',#6263,1.0);
#6261=DIRECTION('',(0,0,1));
#6262=DIRECTION('',(0.08168141688391159,0.0107538243713056,-0.9966004723043371));
#6263=DIRECTION('',(-0.9914444500921159,-0.1305293161766429,0));
#6264=FACE_SURFACE('',(#6269),#6265,.T.);
#6265=PLANE('',#6266);
#6266=AXIS2_PLACEMENT_3D('',#398,#6267,#6268);
#6267=DIRECTION('',(-0.1305293161766429,0.9914444500921158,0));
#6268=DIRECTION('',(-0.08168141688391159,-0.0107538243713056,0.9966004723043371));
#6269=FACE_BOUND('',#6270,.T.);
#6270=EDGE_LOOP('',(#6271,#6272,#6273));
#6271=ORIENTED_EDGE('',*,*,#6274,.T.);
#6272=ORIENTED_EDGE('',*,*,#6275,.T.);
#6273=ORIENTED_EDGE('',*,*,#6276,.T.);
#6274=EDGE_CURVE('',#399,#397,#6277,.F.);
#6275=EDGE_CURVE('',#397,#401,#6278,.T.);
#6276=EDGE_CURVE('',#401,#399,#6279,.T.);
#6277=LINE('',#398,#6280);
#6278=LINE('',#396,#6281);
#6279=LINE('',#400,#6282);
#6280=VECTOR('',#6283,1.0);
#6281=VECTOR('',#6284,1.0);
#6282=VECTOR('',#6285,1.0);
#6283=DIRECTION('',(-0.08168141688391159,-0.0107538243713056,0.9966004723043371));
#6284=DIRECTION('',(0.9914444500921159,0.1305293161766429,0));
#6285=DIRECTION('',(0,0,-1));
#6286=FACE_SURFACE('',(#6291),#6287,.T.);
#6287=PLANE('',#6288);
#6288=AXIS2_PLACEMENT_3D('',#398,#6289,#6290);
#6289=DIRECTION('',(-0.38269775362517106,0.9238736003210871,0));
#6290=DIRECTION('',(0,0,1));
#6291=FACE_BOUND('',#6292,.T.);
#6292=EDGE_LOOP('',(#6293,#6294,#6295));
#6293=ORIENTED_EDGE('',*,*,#6296,.T.);
#6294=ORIENTED_EDGE('',*,*,#6297,.T.);
#6295=ORIENTED_EDGE('',*,*,#6298,.T.);
#6296=EDGE_CURVE('',#399,#401,#6299,.F.);
#6297=EDGE_CURVE('',#401,#403,#6300,.T.);
#6298=EDGE_CURVE('',#403,#399,#6301,.T.);
#6299=LINE('',#398,#6302);
#6300=LINE('',#400,#6303);
#6301=LINE('',#402,#6304);
#6302=VECTOR('',#6305,1.0);
#6303=VECTOR('',#6306,1.0);
#6304=VECTOR('',#6307,1.0);
#6305=DIRECTION('',(0,0,1));
#6306=DIRECTION('',(0.07611441884010582,0.03152900688846433,-0.9966004801169124));
#6307=DIRECTION('',(-0.9238736003210871,-0.38269775362517106,0));
#6308=FACE_SURFACE('',(#6313),#6309,.T.);
#6309=PLANE('',#6310);
#6310=AXIS2_PLACEMENT_3D('',#402,#6311,#6312);
#6311=DIRECTION('',(-0.38269775362517106,0.9238736003210871,0));
#6312=DIRECTION('',(-0.07611441884010582,-0.03152900688846433,0.9966004801169124));
#6313=FACE_BOUND('',#6314,.T.);
#6314=EDGE_LOOP('',(#6315,#6316,#6317));
#6315=ORIENTED_EDGE('',*,*,#6318,.T.);
#6316=ORIENTED_EDGE('',*,*,#6319,.T.);
#6317=ORIENTED_EDGE('',*,*,#6320,.T.);
#6318=EDGE_CURVE('',#403,#401,#6321,.F.);
#6319=EDGE_CURVE('',#401,#405,#6322,.T.);
#6320=EDGE_CURVE('',#405,#403,#6323,.T.);
#6321=LINE('',#402,#6324);
#6322=LINE('',#400,#6325);
#6323=LINE('',#404,#6326);
#6324=VECTOR('',#6327,1.0);
#6325=VECTOR('',#6328,1.0);
#6326=VECTOR('',#6329,1.0);
#6327=DIRECTION('',(-0.07611441884010582,-0.03152900688846433,0.9966004801169124));
#6328=DIRECTION('',(0.9238736003210871,0.38269775362517106,0));
#6329=DIRECTION('',(0,0,-1));
#6330=FACE_SURFACE('',(#6335),#6331,.T.);
#6331=PLANE('',#6332);
#6332=AXIS2_PLACEMENT_3D('',#402,#6333,#6334);
#6333=DIRECTION('',(-0.6087573234454586,0.7933564905838493,0));
#6334=DIRECTION('',(0,0,1));
#6335=FACE_BOUND('',#6336,.T.);
#6336=EDGE_LOOP('',(#6337,#6338,#6339));
#6337=ORIENTED_EDGE('',*,*,#6340,.T.);
#6338=ORIENTED_EDGE('',*,*,#6341,.T.);
#6339=ORIENTED_EDGE('',*,*,#6342,.T.);
#6340=EDGE_CURVE('',#403,#405,#6343,.F.);
#6341=EDGE_CURVE('',#405,#407,#6344,.T.);
#6342=EDGE_CURVE('',#407,#403,#6345,.T.);
#6343=LINE('',#402,#6346);
#6344=LINE('',#404,#6347);
#6345=LINE('',#406,#6348);
#6346=VECTOR('',#6349,1.0);
#6347=VECTOR('',#6350,1.0);
#6348=VECTOR('',#6351,1.0);
#6349=DIRECTION('',(0,0,1));
#6350=DIRECTION('',(0.06536060129441736,0.050152415937876595,-0.9966005854774653));
#6351=DIRECTION('',(-0.7933564905838493,-0.6087573234454586,0));
#6352=FACE_SURFACE('',(#6357),#6353,.T.);
#6353=PLANE('',#6354);
#6354=AXIS2_PLACEMENT_3D('',#406,#6355,#6356);
#6355=DIRECTION('',(-0.6087573234454586,0.7933564905838493,0));
#6356=DIRECTION('',(-0.06536060129441736,-0.050152415937876595,0.9966005854774653));
#6357=FACE_BOUND('',#6358,.T.);
#6358=EDGE_LOOP('',(#6359,#6360,#6361));
#6359=ORIENTED_EDGE('',*,*,#6362,.T.);
#6360=ORIENTED_EDGE('',*,*,#6363,.T.);
#6361=ORIENTED_EDGE('',*,*,#6364,.T.);
#6362=EDGE_CURVE('',#407,#405,#6365,.F.);
#6363=EDGE_CURVE('',#405,#409,#6366,.T.);
#6364=EDGE_CURVE('',#409,#407,#6367,.T.);
#6365=LINE('',#406,#6368);
#6366=LINE('',#404,#6369);
#6367=LINE('',#408,#6370);
#6368=VECTOR('',#6371,1.0);
#6369=VECTOR('',#6372,1.0);
#6370=VECTOR('',#6373,1.0);
#6371=DIRECTION('',(-0.06536060129441736,-0.050152415937876595,0.9966005854774653));
#6372=DIRECTION('',(0.7933564905838493,0.6087573234454586,0));
#6373=DIRECTION('',(0,0,-1));
#6374=FACE_SURFACE('',(#6379),#6375,.T.);
#6375=PLANE('',#6376);
#6376=AXIS2_PLACEMENT_3D('',#406,#6377,#6378);
#6377=DIRECTION('',(-0.7933621908187063,0.6087498946031471,0));
#6378=DIRECTION('',(0,0,1));
#6379=FACE_BOUND('',#6380,.T.);
#6380=EDGE_LOOP('',(#6381,#6382,#6383));
#6381=ORIENTED_EDGE('',*,*,#6384,.T.);
#6382=ORIENTED_EDGE('',*,*,#6385,.T.);
#6383=ORIENTED_EDGE('',*,*,#6386,.T.);
#6384=EDGE_CURVE('',#407,#409,#6387,.F.);
#6385=EDGE_CURVE('',#409,#411,#6388,.T.);
#6386=EDGE_CURVE('',#411,#407,#6389,.T.);
#6387=LINE('',#406,#6390);
#6388=LINE('',#408,#6391);
#6389=LINE('',#410,#6392);
#6390=VECTOR('',#6393,1.0);
#6391=VECTOR('',#6394,1.0);
#6392=VECTOR('',#6395,1.0);
#6393=DIRECTION('',(0,0,1));
#6394=DIRECTION('',(0.050152411783823764,0.06536186312376345,-0.9966005029304652));
#6395=DIRECTION('',(-0.6087498946031471,-0.7933621908187063,0));
#6396=FACE_SURFACE('',(#6401),#6397,.T.);
#6397=PLANE('',#6398);
#6398=AXIS2_PLACEMENT_3D('',#410,#6399,#6400);
#6399=DIRECTION('',(-0.7933621908187063,0.6087498946031471,0));
#6400=DIRECTION('',(-0.050152411783823764,-0.06536186312376345,0.9966005029304652));
#6401=FACE_BOUND('',#6402,.T.);
#6402=EDGE_LOOP('',(#6403,#6404,#6405));
#6403=ORIENTED_EDGE('',*,*,#6406,.T.);
#6404=ORIENTED_EDGE('',*,*,#6407,.T.);
#6405=ORIENTED_EDGE('',*,*,#6408,.T.);
#6406=EDGE_CURVE('',#411,#409,#6409,.F.);
#6407=EDGE_CURVE('',#409,#413,#6410,.T.);
#6408=EDGE_CURVE('',#413,#411,#6411,.T.);
#6409=LINE('',#410,#6412);
#6410=LINE('',#408,#6413);
#6411=LINE('',#412,#6414);
#6412=VECTOR('',#6415,1.0);
#6413=VECTOR('',#6416,1.0);
#6414=VECTOR('',#6417,1.0);
#6415=DIRECTION('',(-0.050152411783823764,-0.06536186312376345,0.9966005029304652));
#6416=DIRECTION('',(0.6087498946031471,0.7933621908187063,0));
#6417=DIRECTION('',(0,0,-1));
#6418=FACE_SURFACE('',(#6423),#6419,.T.);
#6419=PLANE('',#6420);
#6420=AXIS2_PLACEMENT_3D('',#410,#6421,#6422);
#6421=DIRECTION('',(-0.9238767860162763,0.38269006292329494,0));
#6422=DIRECTION('',(0,0,1));
#6423=FACE_BOUND('',#6424,.T.);
#6424=EDGE_LOOP('',(#6425,#6426,#6427));
#6425=ORIENTED_EDGE('',*,*,#6428,.T.);
#6426=ORIENTED_EDGE('',*,*,#6429,.T.);
#6427=ORIENTED_EDGE('',*,*,#6430,.T.);
#6428=EDGE_CURVE('',#411,#413,#6431,.F.);
#6429=EDGE_CURVE('',#413,#415,#6432,.T.);
#6430=EDGE_CURVE('',#415,#411,#6433,.T.);
#6431=LINE('',#410,#6434);
#6432=LINE('',#412,#6435);
#6433=LINE('',#414,#6436);
#6434=VECTOR('',#6437,1.0);
#6435=VECTOR('',#6438,1.0);
#6436=VECTOR('',#6439,1.0);
#6437=DIRECTION('',(0,0,1));
#6438=DIRECTION('',(0.03152774394608346,0.07611316197956769,-0.9966006160619922));
#6439=DIRECTION('',(-0.38269006292329494,-0.9238767860162763,0));
#6440=FACE_SURFACE('',(#6445),#6441,.T.);
#6441=PLANE('',#6442);
#6442=AXIS2_PLACEMENT_3D('',#414,#6443,#6444);
#6443=DIRECTION('',(-0.9238767860162763,0.38269006292329494,0));
#6444=DIRECTION('',(-0.03152774394608346,-0.07611316197956769,0.9966006160619922));
#6445=FACE_BOUND('',#6446,.T.);
#6446=EDGE_LOOP('',(#6447,#6448,#6449));
#6447=ORIENTED_EDGE('',*,*,#6450,.T.);
#6448=ORIENTED_EDGE('',*,*,#6451,.T.);
#6449=ORIENTED_EDGE('',*,*,#6452,.T.);
#6450=EDGE_CURVE('',#415,#413,#6453,.F.);
#6451=EDGE_CURVE('',#413,#417,#6454,.T.);
#6452=EDGE_CURVE('',#417,#415,#6455,.T.);
#6453=LINE('',#414,#6456);
#6454=LINE('',#412,#6457);
#6455=LINE('',#416,#6458);
#6456=VECTOR('',#6459,1.0);
#6457=VECTOR('',#6460,1.0);
#6458=VECTOR('',#6461,1.0);
#6459=DIRECTION('',(-0.03152774394608346,-0.07611316197956769,0.9966006160619922));
#6460=DIRECTION('',(0.38269006292329494,0.9238767860162763,0));
#6461=DIRECTION('',(0,0,-1));
#6462=FACE_SURFACE('',(#6467),#6463,.T.);
#6463=PLANE('',#6464);
#6464=AXIS2_PLACEMENT_3D('',#414,#6465,#6466);
#6465=DIRECTION('',(-0.9914444500921158,0.1305293161766429,0));
#6466=DIRECTION('',(0,0,1));
#6467=FACE_BOUND('',#6468,.T.);
#6468=EDGE_LOOP('',(#6469,#6470,#6471));
#6469=ORIENTED_EDGE('',*,*,#6472,.T.);
#6470=ORIENTED_EDGE('',*,*,#6473,.T.);
#6471=ORIENTED_EDGE('',*,*,#6474,.T.);
#6472=EDGE_CURVE('',#415,#417,#6475,.F.);
#6473=EDGE_CURVE('',#417,#323,#6476,.T.);
#6474=EDGE_CURVE('',#323,#415,#6477,.T.);
#6475=LINE('',#414,#6478);
#6476=LINE('',#416,#6479);
#6477=LINE('',#322,#6480);
#6478=VECTOR('',#6481,1.0);
#6479=VECTOR('',#6482,1.0);
#6480=VECTOR('',#6483,1.0);
#6481=DIRECTION('',(0,0,1));
#6482=DIRECTION('',(0.0107538243713056,0.08168141688391159,-0.9966004723043371));
#6483=DIRECTION('',(-0.1305293161766429,-0.9914444500921159,0));
#6484=FACE_SURFACE('',(#6489),#6485,.T.);
#6485=PLANE('',#6486);
#6486=AXIS2_PLACEMENT_3D('',#322,#6487,#6488);
#6487=DIRECTION('',(-0.9914444500921158,0.1305293161766429,0));
#6488=DIRECTION('',(-0.0107538243713056,-0.08168141688391159,0.9966004723043371));
#6489=FACE_BOUND('',#6490,.T.);
#6490=EDGE_LOOP('',(#6491,#6492,#6493));
#6491=ORIENTED_EDGE('',*,*,#6494,.T.);
#6492=ORIENTED_EDGE('',*,*,#6495,.T.);
#6493=ORIENTED_EDGE('',*,*,#6496,.T.);
#6494=EDGE_CURVE('',#323,#417,#6497,.F.);
#6495=EDGE_CURVE('',#417,#325,#6498,.T.);
#6496=EDGE_CURVE('',#325,#323,#6499,.T.);
#6497=LINE('',#322,#6500);
#6498=LINE('',#416,#6501);
#6499=LINE('',#324,#6502);
#6500=VECTOR('',#6503,1.0);
#6501=VECTOR('',#6504,1.0);
#6502=VECTOR('',#6505,1.0);
#6503=DIRECTION('',(-0.0107538243713056,-0.08168141688391159,0.9966004723043371));
#6504=DIRECTION('',(0.1305293161766429,0.9914444500921159,0));
#6505=DIRECTION('',(0,0,-1));
#6506=FACE_SURFACE('',(#6511),#6507,.T.);
#6507=PLANE('',#6508);
#6508=AXIS2_PLACEMENT_3D('',#326,#6509,#6510);
#6509=DIRECTION('',(0,0,1));
#6510=DIRECTION('',(-1,0,0));
#6511=FACE_BOUND('',#6512,.T.);
#6512=EDGE_LOOP('',(#6513,#6514,#6515));
#6513=ORIENTED_EDGE('',*,*,#6516,.T.);
#6514=ORIENTED_EDGE('',*,*,#6517,.T.);
#6515=ORIENTED_EDGE('',*,*,#6518,.T.);
#6516=EDGE_CURVE('',#327,#367,#6519,.F.);
#6517=EDGE_CURVE('',#367,#323,#6520,.T.);
#6518=EDGE_CURVE('',#323,#327,#6521,.T.);
#6519=LINE('',#326,#6522);
#6520=LINE('',#366,#6523);
#6521=LINE('',#322,#6524);
#6522=VECTOR('',#6525,1.0);
#6523=VECTOR('',#6526,1.0);
#6524=VECTOR('',#6527,1.0);
#6525=DIRECTION('',(-1,0,0));
#6526=DIRECTION('',(0.9914447258843149,-0.13052722136081646,0));
#6527=DIRECTION('',(-0.1305293161766429,0.9914444500921159,0));
#6528=FACE_SURFACE('',(#6533),#6529,.T.);
#6529=PLANE('',#6530);
#6530=AXIS2_PLACEMENT_3D('',#322,#6531,#6532);
#6531=DIRECTION('',(0,0,1));
#6532=DIRECTION('',(-0.9914447258843149,0.13052722136081646,0));
#6533=FACE_BOUND('',#6534,.T.);
#6534=EDGE_LOOP('',(#6535,#6536,#6537));
#6535=ORIENTED_EDGE('',*,*,#6538,.T.);
#6536=ORIENTED_EDGE('',*,*,#6539,.T.);
#6537=ORIENTED_EDGE('',*,*,#6540,.T.);
#6538=EDGE_CURVE('',#323,#367,#6541,.F.);
#6539=EDGE_CURVE('',#367,#371,#6542,.T.);
#6540=EDGE_CURVE('',#371,#323,#6543,.T.);
#6541=LINE('',#322,#6544);
#6542=LINE('',#366,#6545);
#6543=LINE('',#370,#6546);
#6544=VECTOR('',#6547,1.0);
#6545=VECTOR('',#6548,1.0);
#6546=VECTOR('',#6549,1.0);
#6547=DIRECTION('',(-0.9914447258843149,0.13052722136081646,0));
#6548=DIRECTION('',(-0.1305293161766429,-0.9914444500921159,0));
#6549=DIRECTION('',(1,0,0));
#6550=FACE_SURFACE('',(#6555),#6551,.T.);
#6551=PLANE('',#6552);
#6552=AXIS2_PLACEMENT_3D('',#322,#6553,#6554);
#6553=DIRECTION('',(0,0,1));
#6554=DIRECTION('',(-1,0,0));
#6555=FACE_BOUND('',#6556,.T.);
#6556=EDGE_LOOP('',(#6557,#6558,#6559));
#6557=ORIENTED_EDGE('',*,*,#6560,.T.);
#6558=ORIENTED_EDGE('',*,*,#6561,.T.);
#6559=ORIENTED_EDGE('',*,*,#6562,.T.);
#6560=EDGE_CURVE('',#323,#371,#6563,.F.);
#6561=EDGE_CURVE('',#371,#415,#6564,.T.);
#6562=EDGE_CURVE('',#415,#323,#6565,.T.);
#6563=LINE('',#322,#6566);
#6564=LINE('',#370,#6567);
#6565=LINE('',#414,#6568);
#6566=VECTOR('',#6569,1.0);
#6567=VECTOR('',#6570,1.0);
#6568=VECTOR('',#6571,1.0);
#6569=DIRECTION('',(-1,0,0));
#6570=DIRECTION('',(0.9914447258843149,-0.13052722136081646,0));
#6571=DIRECTION('',(0.1305293161766429,0.9914444500921159,0));
#6572=FACE_SURFACE('',(#6577),#6573,.T.);
#6573=PLANE('',#6574);
#6574=AXIS2_PLACEMENT_3D('',#414,#6575,#6576);
#6575=DIRECTION('',(0,0,1));
#6576=DIRECTION('',(-0.9914447258843149,0.13052722136081646,0));
#6577=FACE_BOUND('',#6578,.T.);
#6578=EDGE_LOOP('',(#6579,#6580,#6581));
#6579=ORIENTED_EDGE('',*,*,#6582,.T.);
#6580=ORIENTED_EDGE('',*,*,#6583,.T.);
#6581=ORIENTED_EDGE('',*,*,#6584,.T.);
#6582=EDGE_CURVE('',#415,#371,#6585,.F.);
#6583=EDGE_CURVE('',#371,#375,#6586,.T.);
#6584=EDGE_CURVE('',#375,#415,#6587,.T.);
#6585=LINE('',#414,#6588);
#6586=LINE('',#370,#6589);
#6587=LINE('',#374,#6590);
#6588=VECTOR('',#6591,1.0);
#6589=VECTOR('',#6592,1.0);
#6590=VECTOR('',#6593,1.0);
#6591=DIRECTION('',(-0.9914447258843149,0.13052722136081646,0));
#6592=DIRECTION('',(0.1305293161766429,-0.9914444500921159,0));
#6593=DIRECTION('',(1,0,0));
#6594=FACE_SURFACE('',(#6599),#6595,.T.);
#6595=PLANE('',#6596);
#6596=AXIS2_PLACEMENT_3D('',#414,#6597,#6598);
#6597=DIRECTION('',(0,0,1));
#6598=DIRECTION('',(-1,0,0));
#6599=FACE_BOUND('',#6600,.T.);
#6600=EDGE_LOOP('',(#6601,#6602,#6603));
#6601=ORIENTED_EDGE('',*,*,#6604,.T.);
#6602=ORIENTED_EDGE('',*,*,#6605,.T.);
#6603=ORIENTED_EDGE('',*,*,#6606,.T.);
#6604=EDGE_CURVE('',#415,#375,#6607,.F.);
#6605=EDGE_CURVE('',#375,#411,#6608,.T.);
#6606=EDGE_CURVE('',#411,#415,#6609,.T.);
#6607=LINE('',#414,#6610);
#6608=LINE('',#374,#6611);
#6609=LINE('',#410,#6612);
#6610=VECTOR('',#6613,1.0);
#6611=VECTOR('',#6614,1.0);
#6612=VECTOR('',#6615,1.0);
#6613=DIRECTION('',(-1,0,0));
#6614=DIRECTION('',(0.9914451137474027,-0.13052427523797902,0));
#6615=DIRECTION('',(0.38269006292329494,0.9238767860162763,0));
#6616=FACE_SURFACE('',(#6621),#6617,.T.);
#6617=PLANE('',#6618);
#6618=AXIS2_PLACEMENT_3D('',#410,#6619,#6620);
#6619=DIRECTION('',(0,0,1));
#6620=DIRECTION('',(-0.9914451137474027,0.13052427523797902,0));
#6621=FACE_BOUND('',#6622,.T.);
#6622=EDGE_LOOP('',(#6623,#6624,#6625));
#6623=ORIENTED_EDGE('',*,*,#6626,.T.);
#6624=ORIENTED_EDGE('',*,*,#6627,.T.);
#6625=ORIENTED_EDGE('',*,*,#6628,.T.);
#6626=EDGE_CURVE('',#411,#375,#6629,.F.);
#6627=EDGE_CURVE('',#375,#379,#6630,.T.);
#6628=EDGE_CURVE('',#379,#411,#6631,.T.);
#6629=LINE('',#410,#6632);
#6630=LINE('',#374,#6633);
#6631=LINE('',#378,#6634);
#6632=VECTOR('',#6635,1.0);
#6633=VECTOR('',#6636,1.0);
#6634=VECTOR('',#6637,1.0);
#6635=DIRECTION('',(-0.9914451137474027,0.13052427523797902,0));
#6636=DIRECTION('',(0.38269006292329494,-0.9238767860162763,0));
#6637=DIRECTION('',(1,0,0));
#6638=FACE_SURFACE('',(#6643),#6639,.T.);
#6639=PLANE('',#6640);
#6640=AXIS2_PLACEMENT_3D('',#410,#6641,#6642);
#6641=DIRECTION('',(0,0,1));
#6642=DIRECTION('',(-1,0,0));
#6643=FACE_BOUND('',#6644,.T.);
#6644=EDGE_LOOP('',(#6645,#6646,#6647));
#6645=ORIENTED_EDGE('',*,*,#6648,.T.);
#6646=ORIENTED_EDGE('',*,*,#6649,.T.);
#6647=ORIENTED_EDGE('',*,*,#6650,.T.);
#6648=EDGE_CURVE('',#411,#379,#6651,.F.);
#6649=EDGE_CURVE('',#379,#407,#6652,.T.);
#6650=EDGE_CURVE('',#407,#411,#6653,.T.);
#6651=LINE('',#410,#6654);
#6652=LINE('',#378,#6655);
#6653=LINE('',#406,#6656);
#6654=VECTOR('',#6657,1.0);
#6655=VECTOR('',#6658,1.0);
#6656=VECTOR('',#6659,1.0);
#6657=DIRECTION('',(-1,0,0));
#6658=DIRECTION('',(0.9914446110587023,-0.13052809353797593,0));
#6659=DIRECTION('',(0.6087498946031471,0.7933621908187063,0));
#6660=FACE_SURFACE('',(#6665),#6661,.T.);
#6661=PLANE('',#6662);
#6662=AXIS2_PLACEMENT_3D('',#406,#6663,#6664);
#6663=DIRECTION('',(0,0,1));
#6664=DIRECTION('',(-0.9914446110587023,0.13052809353797593,0));
#6665=FACE_BOUND('',#6666,.T.);
#6666=EDGE_LOOP('',(#6667,#6668,#6669));
#6667=ORIENTED_EDGE('',*,*,#6670,.T.);
#6668=ORIENTED_EDGE('',*,*,#6671,.T.);
#6669=ORIENTED_EDGE('',*,*,#6672,.T.);
#6670=EDGE_CURVE('',#407,#379,#6673,.F.);
#6671=EDGE_CURVE('',#379,#383,#6674,.T.);
#6672=EDGE_CURVE('',#383,#407,#6675,.T.);
#6673=LINE('',#406,#6676);
#6674=LINE('',#378,#6677);
#6675=LINE('',#382,#6678);
#6676=VECTOR('',#6679,1.0);
#6677=VECTOR('',#6680,1.0);
#6678=VECTOR('',#6681,1.0);
#6679=DIRECTION('',(-0.9914446110587023,0.13052809353797593,0));
#6680=DIRECTION('',(0.6087595761310352,-0.793354762050851,0));
#6681=DIRECTION('',(1,0,0));
#6682=FACE_SURFACE('',(#6687),#6683,.T.);
#6683=PLANE('',#6684);
#6684=AXIS2_PLACEMENT_3D('',#406,#6685,#6686);
#6685=DIRECTION('',(0,0,1));
#6686=DIRECTION('',(-1,0,0));
#6687=FACE_BOUND('',#6688,.T.);
#6688=EDGE_LOOP('',(#6689,#6690,#6691));
#6689=ORIENTED_EDGE('',*,*,#6692,.T.);
#6690=ORIENTED_EDGE('',*,*,#6693,.T.);
#6691=ORIENTED_EDGE('',*,*,#6694,.T.);
#6692=EDGE_CURVE('',#407,#383,#6695,.F.);
#6693=EDGE_CURVE('',#383,#403,#6696,.T.);
#6694=EDGE_CURVE('',#403,#407,#6697,.T.);
#6695=LINE('',#406,#6698);
#6696=LINE('',#382,#6699);
#6697=LINE('',#402,#6700);
#6698=VECTOR('',#6701,1.0);
#6699=VECTOR('',#6702,1.0);
#6700=VECTOR('',#6703,1.0);
#6701=DIRECTION('',(-1,0,0));
#6702=DIRECTION('',(0.9914451105854235,-0.13052429925595188,0));
#6703=DIRECTION('',(0.7933564905838493,0.6087573234454586,0));
#6704=FACE_SURFACE('',(#6709),#6705,.T.);
#6705=PLANE('',#6706);
#6706=AXIS2_PLACEMENT_3D('',#402,#6707,#6708);
#6707=DIRECTION('',(0,0,1));
#6708=DIRECTION('',(-0.9914451105854235,0.13052429925595188,0));
#6709=FACE_BOUND('',#6710,.T.);
#6710=EDGE_LOOP('',(#6711,#6712,#6713));
#6711=ORIENTED_EDGE('',*,*,#6714,.T.);
#6712=ORIENTED_EDGE('',*,*,#6715,.T.);
#6713=ORIENTED_EDGE('',*,*,#6716,.T.);
#6714=EDGE_CURVE('',#403,#383,#6717,.F.);
#6715=EDGE_CURVE('',#383,#387,#6718,.T.);
#6716=EDGE_CURVE('',#387,#403,#6719,.T.);
#6717=LINE('',#402,#6720);
#6718=LINE('',#382,#6721);
#6719=LINE('',#386,#6722);
#6720=VECTOR('',#6723,1.0);
#6721=VECTOR('',#6724,1.0);
#6722=VECTOR('',#6725,1.0);
#6723=DIRECTION('',(-0.9914451105854235,0.13052429925595188,0));
#6724=DIRECTION('',(0.7933564905838493,-0.6087573234454586,0));
#6725=DIRECTION('',(1,0,0));
#6726=FACE_SURFACE('',(#6731),#6727,.T.);
#6727=PLANE('',#6728);
#6728=AXIS2_PLACEMENT_3D('',#402,#6729,#6730);
#6729=DIRECTION('',(0,0,1));
#6730=DIRECTION('',(-1,0,0));
#6731=FACE_BOUND('',#6732,.T.);
#6732=EDGE_LOOP('',(#6733,#6734,#6735));
#6733=ORIENTED_EDGE('',*,*,#6736,.T.);
#6734=ORIENTED_EDGE('',*,*,#6737,.T.);
#6735=ORIENTED_EDGE('',*,*,#6738,.T.);
#6736=EDGE_CURVE('',#403,#387,#6739,.F.);
#6737=EDGE_CURVE('',#387,#399,#6740,.T.);
#6738=EDGE_CURVE('',#399,#403,#6741,.T.);
#6739=LINE('',#402,#6742);
#6740=LINE('',#386,#6743);
#6741=LINE('',#398,#6744);
#6742=VECTOR('',#6745,1.0);
#6743=VECTOR('',#6746,1.0);
#6744=VECTOR('',#6747,1.0);
#6745=DIRECTION('',(-1,0,0));
#6746=DIRECTION('',(0.9914441138965465,-0.130531869747934,0));
#6747=DIRECTION('',(0.9238736003210871,0.38269775362517106,0));
#6748=FACE_SURFACE('',(#6753),#6749,.T.);
#6749=PLANE('',#6750);
#6750=AXIS2_PLACEMENT_3D('',#398,#6751,#6752);
#6751=DIRECTION('',(0,0,1));
#6752=DIRECTION('',(-0.9914441138965465,0.130531869747934,0));
#6753=FACE_BOUND('',#6754,.T.);
#6754=EDGE_LOOP('',(#6755,#6756,#6757));
#6755=ORIENTED_EDGE('',*,*,#6758,.T.);
#6756=ORIENTED_EDGE('',*,*,#6759,.T.);
#6757=ORIENTED_EDGE('',*,*,#6760,.T.);
#6758=EDGE_CURVE('',#399,#387,#6761,.F.);
#6759=EDGE_CURVE('',#387,#391,#6762,.T.);
#6760=EDGE_CURVE('',#391,#399,#6763,.T.);
#6761=LINE('',#398,#6764);
#6762=LINE('',#386,#6765);
#6763=LINE('',#390,#6766);
#6764=VECTOR('',#6767,1.0);
#6765=VECTOR('',#6768,1.0);
#6766=VECTOR('',#6769,1.0);
#6767=DIRECTION('',(-0.9914441138965465,0.130531869747934,0));
#6768=DIRECTION('',(0.9238736003210871,-0.38269775362517106,0));
#6769=DIRECTION('',(1,0,0));
#6770=FACE_SURFACE('',(#6775),#6771,.T.);
#6771=PLANE('',#6772);
#6772=AXIS2_PLACEMENT_3D('',#398,#6773,#6774);
#6773=DIRECTION('',(0,0,1));
#6774=DIRECTION('',(-1,0,0));
#6775=FACE_BOUND('',#6776,.T.);
#6776=EDGE_LOOP('',(#6777,#6778,#6779));
#6777=ORIENTED_EDGE('',*,*,#6780,.T.);
#6778=ORIENTED_EDGE('',*,*,#6781,.T.);
#6779=ORIENTED_EDGE('',*,*,#6782,.T.);
#6780=EDGE_CURVE('',#399,#391,#6783,.F.);
#6781=EDGE_CURVE('',#391,#395,#6784,.T.);
#6782=EDGE_CURVE('',#395,#399,#6785,.T.);
#6783=LINE('',#398,#6786);
#6784=LINE('',#390,#6787);
#6785=LINE('',#394,#6788);
#6786=VECTOR('',#6789,1.0);
#6787=VECTOR('',#6790,1.0);
#6788=VECTOR('',#6791,1.0);
#6789=DIRECTION('',(-1,0,0));
#6790=DIRECTION('',(0.9914441880137961,-0.1305313067952071,0));
#6791=DIRECTION('',(0.9914444500921159,0.1305293161766429,0));
#6792=FACE_SURFACE('',(#6797),#6793,.T.);
#6793=PLANE('',#6794);
#6794=AXIS2_PLACEMENT_3D('',#366,#6795,#6796);
#6795=DIRECTION('',(0,0,1));
#6796=DIRECTION('',(1,0,0));
#6797=FACE_BOUND('',#6798,.T.);
#6798=EDGE_LOOP('',(#6799,#6800,#6801));
#6799=ORIENTED_EDGE('',*,*,#6802,.T.);
#6800=ORIENTED_EDGE('',*,*,#6803,.T.);
#6801=ORIENTED_EDGE('',*,*,#6804,.T.);
#6802=EDGE_CURVE('',#367,#327,#6805,.F.);
#6803=EDGE_CURVE('',#327,#363,#6806,.T.);
#6804=EDGE_CURVE('',#363,#367,#6807,.T.);
#6805=LINE('',#366,#6808);
#6806=LINE('',#326,#6809);
#6807=LINE('',#362,#6810);
#6808=VECTOR('',#6811,1.0);
#6809=VECTOR('',#6812,1.0);
#6810=VECTOR('',#6813,1.0);
#6811=DIRECTION('',(1,0,0));
#6812=DIRECTION('',(-0.9914451137474027,0.13052427523797902,0));
#6813=DIRECTION('',(-0.38269006292329494,-0.9238767860162763,0));
#6814=FACE_SURFACE('',(#6819),#6815,.T.);
#6815=PLANE('',#6816);
#6816=AXIS2_PLACEMENT_3D('',#362,#6817,#6818);
#6817=DIRECTION('',(-0,0,1));
#6818=DIRECTION('',(0.9914451137474027,-0.13052427523797902,0));
#6819=FACE_BOUND('',#6820,.T.);
#6820=EDGE_LOOP('',(#6821,#6822,#6823));
#6821=ORIENTED_EDGE('',*,*,#6824,.T.);
#6822=ORIENTED_EDGE('',*,*,#6825,.T.);
#6823=ORIENTED_EDGE('',*,*,#6826,.T.);
#6824=EDGE_CURVE('',#363,#327,#6827,.F.);
#6825=EDGE_CURVE('',#327,#331,#6828,.T.);
#6826=EDGE_CURVE('',#331,#363,#6829,.T.);
#6827=LINE('',#362,#6830);
#6828=LINE('',#326,#6831);
#6829=LINE('',#330,#6832);
#6830=VECTOR('',#6833,1.0);
#6831=VECTOR('',#6834,1.0);
#6832=VECTOR('',#6835,1.0);
#6833=DIRECTION('',(0.9914451137474027,-0.13052427523797902,0));
#6834=DIRECTION('',(-0.38269006292329494,0.9238767860162763,0));
#6835=DIRECTION('',(-1,0,0));
#6836=FACE_SURFACE('',(#6841),#6837,.T.);
#6837=PLANE('',#6838);
#6838=AXIS2_PLACEMENT_3D('',#362,#6839,#6840);
#6839=DIRECTION('',(0,0,1));
#6840=DIRECTION('',(1,0,0));
#6841=FACE_BOUND('',#6842,.T.);
#6842=EDGE_LOOP('',(#6843,#6844,#6845));
#6843=ORIENTED_EDGE('',*,*,#6846,.T.);
#6844=ORIENTED_EDGE('',*,*,#6847,.T.);
#6845=ORIENTED_EDGE('',*,*,#6848,.T.);
#6846=EDGE_CURVE('',#363,#331,#6849,.F.);
#6847=EDGE_CURVE('',#331,#359,#6850,.T.);
#6848=EDGE_CURVE('',#359,#363,#6851,.T.);
#6849=LINE('',#362,#6852);
#6850=LINE('',#330,#6853);
#6851=LINE('',#358,#6854);
#6852=VECTOR('',#6855,1.0);
#6853=VECTOR('',#6856,1.0);
#6854=VECTOR('',#6857,1.0);
#6855=DIRECTION('',(1,0,0));
#6856=DIRECTION('',(-0.9914445679416443,0.13052842103927623,0));
#6857=DIRECTION('',(-0.6087595761310352,-0.793354762050851,0));
#6858=FACE_SURFACE('',(#6863),#6859,.T.);
#6859=PLANE('',#6860);
#6860=AXIS2_PLACEMENT_3D('',#358,#6861,#6862);
#6861=DIRECTION('',(-0,0,1));
#6862=DIRECTION('',(0.9914445679416443,-0.13052842103927623,0));
#6863=FACE_BOUND('',#6864,.T.);
#6864=EDGE_LOOP('',(#6865,#6866,#6867));
#6865=ORIENTED_EDGE('',*,*,#6868,.T.);
#6866=ORIENTED_EDGE('',*,*,#6869,.T.);
#6867=ORIENTED_EDGE('',*,*,#6870,.T.);
#6868=EDGE_CURVE('',#359,#331,#6871,.F.);
#6869=EDGE_CURVE('',#331,#335,#6872,.T.);
#6870=EDGE_CURVE('',#335,#359,#6873,.T.);
#6871=LINE('',#358,#6874);
#6872=LINE('',#330,#6875);
#6873=LINE('',#334,#6876);
#6874=VECTOR('',#6877,1.0);
#6875=VECTOR('',#6878,1.0);
#6876=VECTOR('',#6879,1.0);
#6877=DIRECTION('',(0.9914445679416443,-0.13052842103927623,0));
#6878=DIRECTION('',(-0.6087498946031471,0.7933621908187063,0));
#6879=DIRECTION('',(-1,0,0));
#6880=FACE_SURFACE('',(#6885),#6881,.T.);
#6881=PLANE('',#6882);
#6882=AXIS2_PLACEMENT_3D('',#358,#6883,#6884);
#6883=DIRECTION('',(0,0,1));
#6884=DIRECTION('',(1,0,0));
#6885=FACE_BOUND('',#6886,.T.);
#6886=EDGE_LOOP('',(#6887,#6888,#6889));
#6887=ORIENTED_EDGE('',*,*,#6890,.T.);
#6888=ORIENTED_EDGE('',*,*,#6891,.T.);
#6889=ORIENTED_EDGE('',*,*,#6892,.T.);
#6890=EDGE_CURVE('',#359,#335,#6893,.F.);
#6891=EDGE_CURVE('',#335,#355,#6894,.T.);
#6892=EDGE_CURVE('',#355,#359,#6895,.T.);
#6893=LINE('',#358,#6896);
#6894=LINE('',#334,#6897);
#6895=LINE('',#354,#6898);
#6896=VECTOR('',#6899,1.0);
#6897=VECTOR('',#6900,1.0);
#6898=VECTOR('',#6901,1.0);
#6899=DIRECTION('',(1,0,0));
#6900=DIRECTION('',(-0.9914451105854235,0.13052429925595188,0));
#6901=DIRECTION('',(-0.7933564905838493,-0.6087573234454586,0));
#6902=FACE_SURFACE('',(#6907),#6903,.T.);
#6903=PLANE('',#6904);
#6904=AXIS2_PLACEMENT_3D('',#354,#6905,#6906);
#6905=DIRECTION('',(-0,0,1));
#6906=DIRECTION('',(0.9914451105854235,-0.13052429925595188,0));
#6907=FACE_BOUND('',#6908,.T.);
#6908=EDGE_LOOP('',(#6909,#6910,#6911));
#6909=ORIENTED_EDGE('',*,*,#6912,.T.);
#6910=ORIENTED_EDGE('',*,*,#6913,.T.);
#6911=ORIENTED_EDGE('',*,*,#6914,.T.);
#6912=EDGE_CURVE('',#355,#335,#6915,.F.);
#6913=EDGE_CURVE('',#335,#339,#6916,.T.);
#6914=EDGE_CURVE('',#339,#355,#6917,.T.);
#6915=LINE('',#354,#6918);
#6916=LINE('',#334,#6919);
#6917=LINE('',#338,#6920);
#6918=VECTOR('',#6921,1.0);
#6919=VECTOR('',#6922,1.0);
#6920=VECTOR('',#6923,1.0);
#6921=DIRECTION('',(0.9914451105854235,-0.13052429925595188,0));
#6922=DIRECTION('',(-0.7933564905838493,0.6087573234454586,0));
#6923=DIRECTION('',(-1,0,0));
#6924=FACE_SURFACE('',(#6929),#6925,.T.);
#6925=PLANE('',#6926);
#6926=AXIS2_PLACEMENT_3D('',#354,#6927,#6928);
#6927=DIRECTION('',(0,0,1));
#6928=DIRECTION('',(1,0,0));
#6929=FACE_BOUND('',#6930,.T.);
#6930=EDGE_LOOP('',(#6931,#6932,#6933));
#6931=ORIENTED_EDGE('',*,*,#6934,.T.);
#6932=ORIENTED_EDGE('',*,*,#6935,.T.);
#6933=ORIENTED_EDGE('',*,*,#6936,.T.);
#6934=EDGE_CURVE('',#355,#339,#6937,.F.);
#6935=EDGE_CURVE('',#339,#351,#6938,.T.);
#6936=EDGE_CURVE('',#351,#355,#6939,.T.);
#6937=LINE('',#354,#6940);
#6938=LINE('',#338,#6941);
#6939=LINE('',#350,#6942);
#6940=VECTOR('',#6943,1.0);
#6941=VECTOR('',#6944,1.0);
#6942=VECTOR('',#6945,1.0);
#6943=DIRECTION('',(1,0,0));
#6944=DIRECTION('',(-0.9914454717859917,0.13052155559543588,0));
#6945=DIRECTION('',(-0.9238844769476138,-0.38267149522172944,0));
#6946=FACE_SURFACE('',(#6951),#6947,.T.);
#6947=PLANE('',#6948);
#6948=AXIS2_PLACEMENT_3D('',#350,#6949,#6950);
#6949=DIRECTION('',(-0,0,1));
#6950=DIRECTION('',(0.9914454717859917,-0.13052155559543588,0));
#6951=FACE_BOUND('',#6952,.T.);
#6952=EDGE_LOOP('',(#6953,#6954,#6955));
#6953=ORIENTED_EDGE('',*,*,#6956,.T.);
#6954=ORIENTED_EDGE('',*,*,#6957,.T.);
#6955=ORIENTED_EDGE('',*,*,#6958,.T.);
#6956=EDGE_CURVE('',#351,#339,#6959,.F.);
#6957=EDGE_CURVE('',#339,#343,#6960,.T.);
#6958=EDGE_CURVE('',#343,#351,#6961,.T.);
#6959=LINE('',#350,#6962);
#6960=LINE('',#338,#6963);
#6961=LINE('',#342,#6964);
#6962=VECTOR('',#6965,1.0);
#6963=VECTOR('',#6966,1.0);
#6964=VECTOR('',#6967,1.0);
#6965=DIRECTION('',(0.9914454717859917,-0.13052155559543588,0));
#6966=DIRECTION('',(-0.9238844769476138,0.38267149522172944,0));
#6967=DIRECTION('',(-1,0,0));
#6968=FACE_SURFACE('',(#6973),#6969,.T.);
#6969=PLANE('',#6970);
#6970=AXIS2_PLACEMENT_3D('',#350,#6971,#6972);
#6971=DIRECTION('',(0,0,1));
#6972=DIRECTION('',(1,0,0));
#6973=FACE_BOUND('',#6974,.T.);
#6974=EDGE_LOOP('',(#6975,#6976,#6977));
#6975=ORIENTED_EDGE('',*,*,#6978,.T.);
#6976=ORIENTED_EDGE('',*,*,#6979,.T.);
#6977=ORIENTED_EDGE('',*,*,#6980,.T.);
#6978=EDGE_CURVE('',#351,#343,#6981,.F.);
#6979=EDGE_CURVE('',#343,#347,#6982,.T.);
#6980=EDGE_CURVE('',#347,#351,#6983,.T.);
#6981=LINE('',#350,#6984);
#6982=LINE('',#342,#6985);
#6983=LINE('',#346,#6986);
#6984=VECTOR('',#6987,1.0);
#6985=VECTOR('',#6988,1.0);
#6986=VECTOR('',#6989,1.0);
#6987=DIRECTION('',(1,0,0));
#6988=DIRECTION('',(-0.9914444500921159,0.1305293161766429,0));
#6989=DIRECTION('',(-0.9914441880137961,-0.1305313067952071,0));
#6990=FACE_SURFACE('',(#6995),#6991,.T.);
#6991=PLANE('',#6992);
#6992=AXIS2_PLACEMENT_3D('',#418,#6993,#6994);
#6993=DIRECTION('',(-0.9914448167021399,-0.1305265315346275,0));
#6994=DIRECTION('',(0,0,1));
#6995=FACE_BOUND('',#6996,.T.);
#6996=EDGE_LOOP('',(#6997,#6998,#6999));
#6997=ORIENTED_EDGE('',*,*,#7000,.T.);
#6998=ORIENTED_EDGE('',*,*,#7001,.T.);
#6999=ORIENTED_EDGE('',*,*,#7002,.T.);
#7000=EDGE_CURVE('',#419,#421,#7003,.F.);
#7001=EDGE_CURVE('',#421,#423,#7004,.T.);
#7002=EDGE_CURVE('',#423,#419,#7005,.T.);
#7003=LINE('',#418,#7006);
#7004=LINE('',#420,#7007);
#7005=LINE('',#422,#7008);
#7006=VECTOR('',#7009,1.0);
#7007=VECTOR('',#7010,1.0);
#7008=VECTOR('',#7011,1.0);
#7009=DIRECTION('',(0,0,1));
#7010=DIRECTION('',(-0.01075350815373021,0.08168078776805321,-0.9966005272785972));
#7011=DIRECTION('',(0.1305265315346275,-0.9914448167021399,0));
#7012=FACE_SURFACE('',(#7017),#7013,.T.);
#7013=PLANE('',#7014);
#7014=AXIS2_PLACEMENT_3D('',#422,#7015,#7016);
#7015=DIRECTION('',(-0.9914448167021399,-0.1305265315346275,0));
#7016=DIRECTION('',(0.01075350815373021,-0.08168078776805321,0.9966005272785972));
#7017=FACE_BOUND('',#7018,.T.);
#7018=EDGE_LOOP('',(#7019,#7020,#7021));
#7019=ORIENTED_EDGE('',*,*,#7022,.T.);
#7020=ORIENTED_EDGE('',*,*,#7023,.T.);
#7021=ORIENTED_EDGE('',*,*,#7024,.T.);
#7022=EDGE_CURVE('',#423,#421,#7025,.F.);
#7023=EDGE_CURVE('',#421,#425,#7026,.T.);
#7024=EDGE_CURVE('',#425,#423,#7027,.T.);
#7025=LINE('',#422,#7028);
#7026=LINE('',#420,#7029);
#7027=LINE('',#424,#7030);
#7028=VECTOR('',#7031,1.0);
#7029=VECTOR('',#7032,1.0);
#7030=VECTOR('',#7033,1.0);
#7031=DIRECTION('',(0.01075350815373021,-0.08168078776805321,0.9966005272785972));
#7032=DIRECTION('',(-0.1305265315346275,0.9914448167021399,0));
#7033=DIRECTION('',(0,0,-1));
#7034=FACE_SURFACE('',(#7039),#7035,.T.);
#7035=PLANE('',#7036);
#7036=AXIS2_PLACEMENT_3D('',#422,#7037,#7038);
#7037=DIRECTION('',(-0.9238792719601068,-0.38268406139067646,0));
#7038=DIRECTION('',(0,0,1));
#7039=FACE_BOUND('',#7040,.T.);
#7040=EDGE_LOOP('',(#7041,#7042,#7043));
#7041=ORIENTED_EDGE('',*,*,#7044,.T.);
#7042=ORIENTED_EDGE('',*,*,#7045,.T.);
#7043=ORIENTED_EDGE('',*,*,#7046,.T.);
#7044=EDGE_CURVE('',#423,#425,#7047,.F.);
#7045=EDGE_CURVE('',#425,#427,#7048,.T.);
#7046=EDGE_CURVE('',#427,#423,#7049,.T.);
#7047=LINE('',#422,#7050);
#7048=LINE('',#424,#7051);
#7049=LINE('',#426,#7052);
#7050=VECTOR('',#7053,1.0);
#7051=VECTOR('',#7054,1.0);
#7052=VECTOR('',#7055,1.0);
#7053=DIRECTION('',(0,0,1));
#7054=DIRECTION('',(-0.03152742592970674,0.0761137926906702,-0.9966005779531178));
#7055=DIRECTION('',(0.38268406139067646,-0.9238792719601068,0));
#7056=FACE_SURFACE('',(#7061),#7057,.T.);
#7057=PLANE('',#7058);
#7058=AXIS2_PLACEMENT_3D('',#426,#7059,#7060);
#7059=DIRECTION('',(-0.9238792719601068,-0.38268406139067646,0));
#7060=DIRECTION('',(0.03152742592970674,-0.0761137926906702,0.9966005779531178));
#7061=FACE_BOUND('',#7062,.T.);
#7062=EDGE_LOOP('',(#7063,#7064,#7065));
#7063=ORIENTED_EDGE('',*,*,#7066,.T.);
#7064=ORIENTED_EDGE('',*,*,#7067,.T.);
#7065=ORIENTED_EDGE('',*,*,#7068,.T.);
#7066=EDGE_CURVE('',#427,#425,#7069,.F.);
#7067=EDGE_CURVE('',#425,#429,#7070,.T.);
#7068=EDGE_CURVE('',#429,#427,#7071,.T.);
#7069=LINE('',#426,#7072);
#7070=LINE('',#424,#7073);
#7071=LINE('',#428,#7074);
#7072=VECTOR('',#7075,1.0);
#7073=VECTOR('',#7076,1.0);
#7074=VECTOR('',#7077,1.0);
#7075=DIRECTION('',(0.03152742592970674,-0.0761137926906702,0.9966005779531178));
#7076=DIRECTION('',(-0.38268406139067646,0.9238792719601068,0));
#7077=DIRECTION('',(0,0,-1));
#7078=FACE_SURFACE('',(#7083),#7079,.T.);
#7079=PLANE('',#7080);
#7080=AXIS2_PLACEMENT_3D('',#426,#7081,#7082);
#7081=DIRECTION('',(-0.7933556263088298,-0.6087584498010062,0));
#7082=DIRECTION('',(0,0,1));
#7083=FACE_BOUND('',#7084,.T.);
#7084=EDGE_LOOP('',(#7085,#7086,#7087));
#7085=ORIENTED_EDGE('',*,*,#7088,.T.);
#7086=ORIENTED_EDGE('',*,*,#7089,.T.);
#7087=ORIENTED_EDGE('',*,*,#7090,.T.);
#7088=EDGE_CURVE('',#427,#429,#7091,.F.);
#7089=EDGE_CURVE('',#429,#431,#7092,.T.);
#7090=EDGE_CURVE('',#431,#427,#7093,.T.);
#7091=LINE('',#426,#7094);
#7092=LINE('',#428,#7095);
#7093=LINE('',#430,#7096);
#7094=VECTOR('',#7097,1.0);
#7095=VECTOR('',#7098,1.0);
#7096=VECTOR('',#7099,1.0);
#7097=DIRECTION('',(0,0,1));
#7098=DIRECTION('',(-0.05015304588866591,0.06536123013209015,-0.9966005125343401));
#7099=DIRECTION('',(0.6087584498010064,-0.7933556263088298,0));
#7100=FACE_SURFACE('',(#7105),#7101,.T.);
#7101=PLANE('',#7102);
#7102=AXIS2_PLACEMENT_3D('',#430,#7103,#7104);
#7103=DIRECTION('',(-0.7933556263088298,-0.6087584498010062,0));
#7104=DIRECTION('',(0.05015304588866591,-0.06536123013209015,0.9966005125343401));
#7105=FACE_BOUND('',#7106,.T.);
#7106=EDGE_LOOP('',(#7107,#7108,#7109));
#7107=ORIENTED_EDGE('',*,*,#7110,.T.);
#7108=ORIENTED_EDGE('',*,*,#7111,.T.);
#7109=ORIENTED_EDGE('',*,*,#7112,.T.);
#7110=EDGE_CURVE('',#431,#429,#7113,.F.);
#7111=EDGE_CURVE('',#429,#433,#7114,.T.);
#7112=EDGE_CURVE('',#433,#431,#7115,.T.);
#7113=LINE('',#430,#7116);
#7114=LINE('',#428,#7117);
#7115=LINE('',#432,#7118);
#7116=VECTOR('',#7119,1.0);
#7117=VECTOR('',#7120,1.0);
#7118=VECTOR('',#7121,1.0);
#7119=DIRECTION('',(0.05015304588866591,-0.06536123013209015,0.9966005125343401));
#7120=DIRECTION('',(-0.6087584498010064,0.7933556263088298,0));
#7121=DIRECTION('',(0,0,-1));
#7122=FACE_SURFACE('',(#7127),#7123,.T.);
#7123=PLANE('',#7124);
#7124=AXIS2_PLACEMENT_3D('',#430,#7125,#7126);
#7125=DIRECTION('',(-0.60876030701296,-0.7933542012276021,0));
#7126=DIRECTION('',(0,0,1));
#7127=FACE_BOUND('',#7128,.T.);
#7128=EDGE_LOOP('',(#7129,#7130,#7131));
#7129=ORIENTED_EDGE('',*,*,#7132,.T.);
#7130=ORIENTED_EDGE('',*,*,#7133,.T.);
#7131=ORIENTED_EDGE('',*,*,#7134,.T.);
#7132=EDGE_CURVE('',#431,#433,#7135,.F.);
#7133=EDGE_CURVE('',#433,#435,#7136,.T.);
#7134=EDGE_CURVE('',#435,#431,#7137,.T.);
#7135=LINE('',#430,#7138);
#7136=LINE('',#432,#7139);
#7137=LINE('',#434,#7140);
#7138=VECTOR('',#7141,1.0);
#7139=VECTOR('',#7142,1.0);
#7140=VECTOR('',#7143,1.0);
#7141=DIRECTION('',(0,0,1));
#7142=DIRECTION('',(-0.06536091467475377,0.05015304692718965,-0.9966005331710387));
#7143=DIRECTION('',(0.7933542012276021,-0.6087603070129601,0));
#7144=FACE_SURFACE('',(#7149),#7145,.T.);
#7145=PLANE('',#7146);
#7146=AXIS2_PLACEMENT_3D('',#434,#7147,#7148);
#7147=DIRECTION('',(-0.60876030701296,-0.7933542012276021,0));
#7148=DIRECTION('',(0.06536091467475377,-0.05015304692718965,0.9966005331710387));
#7149=FACE_BOUND('',#7150,.T.);
#7150=EDGE_LOOP('',(#7151,#7152,#7153));
#7151=ORIENTED_EDGE('',*,*,#7154,.T.);
#7152=ORIENTED_EDGE('',*,*,#7155,.T.);
#7153=ORIENTED_EDGE('',*,*,#7156,.T.);
#7154=EDGE_CURVE('',#435,#433,#7157,.F.);
#7155=EDGE_CURVE('',#433,#437,#7158,.T.);
#7156=EDGE_CURVE('',#437,#435,#7159,.T.);
#7157=LINE('',#434,#7160);
#7158=LINE('',#432,#7161);
#7159=LINE('',#436,#7162);
#7160=VECTOR('',#7163,1.0);
#7161=VECTOR('',#7164,1.0);
#7162=VECTOR('',#7165,1.0);
#7163=DIRECTION('',(0.06536091467475377,-0.05015304692718965,0.9966005331710387));
#7164=DIRECTION('',(-0.7933542012276021,0.6087603070129601,0));
#7165=DIRECTION('',(0,0,-1));
#7166=FACE_SURFACE('',(#7171),#7167,.T.);
#7167=PLANE('',#7168);
#7168=AXIS2_PLACEMENT_3D('',#434,#7169,#7170);
#7169=DIRECTION('',(-0.3826846245393757,-0.9238790386956277,0));
#7170=DIRECTION('',(0,0,1));
#7171=FACE_BOUND('',#7172,.T.);
#7172=EDGE_LOOP('',(#7173,#7174,#7175));
#7173=ORIENTED_EDGE('',*,*,#7176,.T.);
#7174=ORIENTED_EDGE('',*,*,#7177,.T.);
#7175=ORIENTED_EDGE('',*,*,#7178,.T.);
#7176=EDGE_CURVE('',#435,#437,#7179,.F.);
#7177=EDGE_CURVE('',#437,#439,#7180,.T.);
#7178=EDGE_CURVE('',#439,#435,#7181,.T.);
#7179=LINE('',#434,#7182);
#7180=LINE('',#436,#7183);
#7181=LINE('',#438,#7184);
#7182=VECTOR('',#7185,1.0);
#7183=VECTOR('',#7186,1.0);
#7184=VECTOR('',#7187,1.0);
#7185=DIRECTION('',(0,0,1));
#7186=DIRECTION('',(-0.07611442188119,0.03152774090508509,-0.9966005199352015));
#7187=DIRECTION('',(0.9238790386956276,-0.38268462453937563,0));
#7188=FACE_SURFACE('',(#7193),#7189,.T.);
#7189=PLANE('',#7190);
#7190=AXIS2_PLACEMENT_3D('',#438,#7191,#7192);
#7191=DIRECTION('',(-0.3826846245393757,-0.9238790386956277,0));
#7192=DIRECTION('',(0.07611442188119,-0.03152774090508509,0.9966005199352015));
#7193=FACE_BOUND('',#7194,.T.);
#7194=EDGE_LOOP('',(#7195,#7196,#7197));
#7195=ORIENTED_EDGE('',*,*,#7198,.T.);
#7196=ORIENTED_EDGE('',*,*,#7199,.T.);
#7197=ORIENTED_EDGE('',*,*,#7200,.T.);
#7198=EDGE_CURVE('',#439,#437,#7201,.F.);
#7199=EDGE_CURVE('',#437,#441,#7202,.T.);
#7200=EDGE_CURVE('',#441,#439,#7203,.T.);
#7201=LINE('',#438,#7204);
#7202=LINE('',#436,#7205);
#7203=LINE('',#440,#7206);
#7204=VECTOR('',#7207,1.0);
#7205=VECTOR('',#7208,1.0);
#7206=VECTOR('',#7209,1.0);
#7207=DIRECTION('',(0.07611442188119,-0.03152774090508509,0.9966005199352015));
#7208=DIRECTION('',(-0.9238790386956276,0.38268462453937563,0));
#7209=DIRECTION('',(0,0,-1));
#7210=FACE_SURFACE('',(#7215),#7211,.T.);
#7211=PLANE('',#7212);
#7212=AXIS2_PLACEMENT_3D('',#438,#7213,#7214);
#7213=DIRECTION('',(-0.13052275158516174,-0.9914453143359134,0));
#7214=DIRECTION('',(0,0,1));
#7215=FACE_BOUND('',#7216,.T.);
#7216=EDGE_LOOP('',(#7217,#7218,#7219));
#7217=ORIENTED_EDGE('',*,*,#7220,.T.);
#7218=ORIENTED_EDGE('',*,*,#7221,.T.);
#7219=ORIENTED_EDGE('',*,*,#7222,.T.);
#7220=EDGE_CURVE('',#439,#441,#7223,.F.);
#7221=EDGE_CURVE('',#441,#443,#7224,.T.);
#7222=EDGE_CURVE('',#443,#439,#7225,.T.);
#7223=LINE('',#438,#7226);
#7224=LINE('',#440,#7227);
#7225=LINE('',#442,#7228);
#7226=VECTOR('',#7229,1.0);
#7227=VECTOR('',#7230,1.0);
#7228=VECTOR('',#7231,1.0);
#7229=DIRECTION('',(0,0,1));
#7230=DIRECTION('',(-0.08168078804632144,0.010753191379588408,-0.996600530673793));
#7231=DIRECTION('',(0.9914453143359134,-0.13052275158516174,0));
#7232=FACE_SURFACE('',(#7237),#7233,.T.);
#7233=PLANE('',#7234);
#7234=AXIS2_PLACEMENT_3D('',#442,#7235,#7236);
#7235=DIRECTION('',(-0.13052275158516174,-0.9914453143359134,0));
#7236=DIRECTION('',(0.08168078804632144,-0.010753191379588408,0.996600530673793));
#7237=FACE_BOUND('',#7238,.T.);
#7238=EDGE_LOOP('',(#7239,#7240,#7241));
#7239=ORIENTED_EDGE('',*,*,#7242,.T.);
#7240=ORIENTED_EDGE('',*,*,#7243,.T.);
#7241=ORIENTED_EDGE('',*,*,#7244,.T.);
#7242=EDGE_CURVE('',#443,#441,#7245,.F.);
#7243=EDGE_CURVE('',#441,#445,#7246,.T.);
#7244=EDGE_CURVE('',#445,#443,#7247,.T.);
#7245=LINE('',#442,#7248);
#7246=LINE('',#440,#7249);
#7247=LINE('',#444,#7250);
#7248=VECTOR('',#7251,1.0);
#7249=VECTOR('',#7252,1.0);
#7250=VECTOR('',#7253,1.0);
#7251=DIRECTION('',(0.08168078804632144,-0.010753191379588408,0.996600530673793));
#7252=DIRECTION('',(-0.9914453143359134,0.13052275158516174,0));
#7253=DIRECTION('',(0,0,-1));
#7254=FACE_SURFACE('',(#7259),#7255,.T.);
#7255=PLANE('',#7256);
#7256=AXIS2_PLACEMENT_3D('',#442,#7257,#7258);
#7257=DIRECTION('',(0.13052275158516174,-0.9914453143359134,0));
#7258=DIRECTION('',(0,0,1));
#7259=FACE_BOUND('',#7260,.T.);
#7260=EDGE_LOOP('',(#7261,#7262,#7263));
#7261=ORIENTED_EDGE('',*,*,#7264,.T.);
#7262=ORIENTED_EDGE('',*,*,#7265,.T.);
#7263=ORIENTED_EDGE('',*,*,#7266,.T.);
#7264=EDGE_CURVE('',#443,#445,#7267,.F.);
#7265=EDGE_CURVE('',#445,#447,#7268,.T.);
#7266=EDGE_CURVE('',#447,#443,#7269,.T.);
#7267=LINE('',#442,#7270);
#7268=LINE('',#444,#7271);
#7269=LINE('',#446,#7272);
#7270=VECTOR('',#7273,1.0);
#7271=VECTOR('',#7274,1.0);
#7272=VECTOR('',#7275,1.0);
#7273=DIRECTION('',(0,0,1));
#7274=DIRECTION('',(-0.08168078804632144,-0.010753191379588408,-0.996600530673793));
#7275=DIRECTION('',(0.9914453143359134,0.13052275158516174,0));
#7276=FACE_SURFACE('',(#7281),#7277,.T.);
#7277=PLANE('',#7278);
#7278=AXIS2_PLACEMENT_3D('',#446,#7279,#7280);
#7279=DIRECTION('',(0.13052275158516174,-0.9914453143359134,0));
#7280=DIRECTION('',(0.08168078804632144,0.010753191379588408,0.996600530673793));
#7281=FACE_BOUND('',#7282,.T.);
#7282=EDGE_LOOP('',(#7283,#7284,#7285));
#7283=ORIENTED_EDGE('',*,*,#7286,.T.);
#7284=ORIENTED_EDGE('',*,*,#7287,.T.);
#7285=ORIENTED_EDGE('',*,*,#7288,.T.);
#7286=EDGE_CURVE('',#447,#445,#7289,.F.);
#7287=EDGE_CURVE('',#445,#449,#7290,.T.);
#7288=EDGE_CURVE('',#449,#447,#7291,.T.);
#7289=LINE('',#446,#7292);
#7290=LINE('',#444,#7293);
#7291=LINE('',#448,#7294);
#7292=VECTOR('',#7295,1.0);
#7293=VECTOR('',#7296,1.0);
#7294=VECTOR('',#7297,1.0);
#7295=DIRECTION('',(0.08168078804632144,0.010753191379588408,0.996600530673793));
#7296=DIRECTION('',(-0.9914453143359134,-0.13052275158516174,0));
#7297=DIRECTION('',(0,0,-1));
#7298=FACE_SURFACE('',(#7303),#7299,.T.);
#7299=PLANE('',#7300);
#7300=AXIS2_PLACEMENT_3D('',#446,#7301,#7302);
#7301=DIRECTION('',(0.38268598412210775,-0.9238784755347935,0));
#7302=DIRECTION('',(0,0,1));
#7303=FACE_BOUND('',#7304,.T.);
#7304=EDGE_LOOP('',(#7305,#7306,#7307));
#7305=ORIENTED_EDGE('',*,*,#7308,.T.);
#7306=ORIENTED_EDGE('',*,*,#7309,.T.);
#7307=ORIENTED_EDGE('',*,*,#7310,.T.);
#7308=EDGE_CURVE('',#447,#449,#7311,.F.);
#7309=EDGE_CURVE('',#449,#451,#7312,.T.);
#7310=EDGE_CURVE('',#451,#447,#7313,.T.);
#7311=LINE('',#446,#7314);
#7312=LINE('',#448,#7315);
#7313=LINE('',#450,#7316);
#7314=VECTOR('',#7317,1.0);
#7315=VECTOR('',#7318,1.0);
#7316=VECTOR('',#7319,1.0);
#7317=DIRECTION('',(0,0,1));
#7318=DIRECTION('',(-0.0761141069058186,-0.03152774166533935,-0.9966005439670467));
#7319=DIRECTION('',(0.9238784755347934,0.3826859841221077,0));
#7320=FACE_SURFACE('',(#7325),#7321,.T.);
#7321=PLANE('',#7322);
#7322=AXIS2_PLACEMENT_3D('',#450,#7323,#7324);
#7323=DIRECTION('',(0.38268598412210775,-0.9238784755347935,0));
#7324=DIRECTION('',(0.0761141069058186,0.03152774166533935,0.9966005439670467));
#7325=FACE_BOUND('',#7326,.T.);
#7326=EDGE_LOOP('',(#7327,#7328,#7329));
#7327=ORIENTED_EDGE('',*,*,#7330,.T.);
#7328=ORIENTED_EDGE('',*,*,#7331,.T.);
#7329=ORIENTED_EDGE('',*,*,#7332,.T.);
#7330=EDGE_CURVE('',#451,#449,#7333,.F.);
#7331=EDGE_CURVE('',#449,#453,#7334,.T.);
#7332=EDGE_CURVE('',#453,#451,#7335,.T.);
#7333=LINE('',#450,#7336);
#7334=LINE('',#448,#7337);
#7335=LINE('',#452,#7338);
#7336=VECTOR('',#7339,1.0);
#7337=VECTOR('',#7340,1.0);
#7338=VECTOR('',#7341,1.0);
#7339=DIRECTION('',(0.0761141069058186,0.03152774166533935,0.9966005439670467));
#7340=DIRECTION('',(-0.9238784755347934,-0.3826859841221077,0));
#7341=DIRECTION('',(0,0,-1));
#7342=FACE_SURFACE('',(#7347),#7343,.T.);
#7343=PLANE('',#7344);
#7344=AXIS2_PLACEMENT_3D('',#450,#7345,#7346);
#7345=DIRECTION('',(0.60876030701296,-0.7933542012276021,0));
#7346=DIRECTION('',(0,0,1));
#7347=FACE_BOUND('',#7348,.T.);
#7348=EDGE_LOOP('',(#7349,#7350,#7351));
#7349=ORIENTED_EDGE('',*,*,#7352,.T.);
#7350=ORIENTED_EDGE('',*,*,#7353,.T.);
#7351=ORIENTED_EDGE('',*,*,#7354,.T.);
#7352=EDGE_CURVE('',#451,#453,#7355,.F.);
#7353=EDGE_CURVE('',#453,#455,#7356,.T.);
#7354=EDGE_CURVE('',#455,#451,#7357,.T.);
#7355=LINE('',#450,#7358);
#7356=LINE('',#452,#7359);
#7357=LINE('',#454,#7360);
#7358=VECTOR('',#7361,1.0);
#7359=VECTOR('',#7362,1.0);
#7360=VECTOR('',#7363,1.0);
#7361=DIRECTION('',(0,0,1));
#7362=DIRECTION('',(-0.06536091467475377,-0.05015304692718965,-0.9966005331710387));
#7363=DIRECTION('',(0.7933542012276021,0.6087603070129601,0));
#7364=FACE_SURFACE('',(#7369),#7365,.T.);
#7365=PLANE('',#7366);
#7366=AXIS2_PLACEMENT_3D('',#454,#7367,#7368);
#7367=DIRECTION('',(0.60876030701296,-0.7933542012276021,0));
#7368=DIRECTION('',(0.06536091467475377,0.05015304692718965,0.9966005331710387));
#7369=FACE_BOUND('',#7370,.T.);
#7370=EDGE_LOOP('',(#7371,#7372,#7373));
#7371=ORIENTED_EDGE('',*,*,#7374,.T.);
#7372=ORIENTED_EDGE('',*,*,#7375,.T.);
#7373=ORIENTED_EDGE('',*,*,#7376,.T.);
#7374=EDGE_CURVE('',#455,#453,#7377,.F.);
#7375=EDGE_CURVE('',#453,#457,#7378,.T.);
#7376=EDGE_CURVE('',#457,#455,#7379,.T.);
#7377=LINE('',#454,#7380);
#7378=LINE('',#452,#7381);
#7379=LINE('',#456,#7382);
#7380=VECTOR('',#7383,1.0);
#7381=VECTOR('',#7384,1.0);
#7382=VECTOR('',#7385,1.0);
#7383=DIRECTION('',(0.06536091467475377,0.05015304692718965,0.9966005331710387));
#7384=DIRECTION('',(-0.7933542012276021,-0.6087603070129601,0));
#7385=DIRECTION('',(0,0,-1));
#7386=FACE_SURFACE('',(#7391),#7387,.T.);
#7387=PLANE('',#7388);
#7388=AXIS2_PLACEMENT_3D('',#454,#7389,#7390);
#7389=DIRECTION('',(0.7933537691015297,-0.6087608701718572,0));
#7390=DIRECTION('',(0,0,1));
#7391=FACE_BOUND('',#7392,.T.);
#7392=EDGE_LOOP('',(#7393,#7394,#7395));
#7393=ORIENTED_EDGE('',*,*,#7396,.T.);
#7394=ORIENTED_EDGE('',*,*,#7397,.T.);
#7395=ORIENTED_EDGE('',*,*,#7398,.T.);
#7396=EDGE_CURVE('',#455,#457,#7399,.F.);
#7397=EDGE_CURVE('',#457,#459,#7400,.T.);
#7398=EDGE_CURVE('',#459,#455,#7401,.T.);
#7399=LINE('',#454,#7402);
#7400=LINE('',#456,#7403);
#7401=LINE('',#458,#7404);
#7402=VECTOR('',#7405,1.0);
#7403=VECTOR('',#7406,1.0);
#7404=VECTOR('',#7407,1.0);
#7405=DIRECTION('',(0,0,1));
#7406=DIRECTION('',(-0.05015336190254621,-0.06536122909356068,-0.9966004966992799));
#7407=DIRECTION('',(0.6087608701718572,0.7933537691015297,0));
#7408=FACE_SURFACE('',(#7413),#7409,.T.);
#7409=PLANE('',#7410);
#7410=AXIS2_PLACEMENT_3D('',#458,#7411,#7412);
#7411=DIRECTION('',(0.7933537691015297,-0.6087608701718572,0));
#7412=DIRECTION('',(0.05015336190254621,0.06536122909356068,0.9966004966992799));
#7413=FACE_BOUND('',#7414,.T.);
#7414=EDGE_LOOP('',(#7415,#7416,#7417));
#7415=ORIENTED_EDGE('',*,*,#7418,.T.);
#7416=ORIENTED_EDGE('',*,*,#7419,.T.);
#7417=ORIENTED_EDGE('',*,*,#7420,.T.);
#7418=EDGE_CURVE('',#459,#457,#7421,.F.);
#7419=EDGE_CURVE('',#457,#461,#7422,.T.);
#7420=EDGE_CURVE('',#461,#459,#7423,.T.);
#7421=LINE('',#458,#7424);
#7422=LINE('',#456,#7425);
#7423=LINE('',#460,#7426);
#7424=VECTOR('',#7427,1.0);
#7425=VECTOR('',#7428,1.0);
#7426=VECTOR('',#7429,1.0);
#7427=DIRECTION('',(0.05015336190254621,0.06536122909356068,0.9966004966992799));
#7428=DIRECTION('',(-0.6087608701718572,-0.7933537691015297,0));
#7429=DIRECTION('',(0,0,-1));
#7430=FACE_SURFACE('',(#7435),#7431,.T.);
#7431=PLANE('',#7432);
#7432=AXIS2_PLACEMENT_3D('',#458,#7433,#7434);
#7433=DIRECTION('',(0.9238792719601068,-0.38268406139067646,0));
#7434=DIRECTION('',(0,0,1));
#7435=FACE_BOUND('',#7436,.T.);
#7436=EDGE_LOOP('',(#7437,#7438,#7439));
#7437=ORIENTED_EDGE('',*,*,#7440,.T.);
#7438=ORIENTED_EDGE('',*,*,#7441,.T.);
#7439=ORIENTED_EDGE('',*,*,#7442,.T.);
#7440=EDGE_CURVE('',#459,#461,#7443,.F.);
#7441=EDGE_CURVE('',#461,#463,#7444,.T.);
#7442=EDGE_CURVE('',#463,#459,#7445,.T.);
#7443=LINE('',#458,#7446);
#7444=LINE('',#460,#7447);
#7445=LINE('',#462,#7448);
#7446=VECTOR('',#7449,1.0);
#7447=VECTOR('',#7450,1.0);
#7448=VECTOR('',#7451,1.0);
#7449=DIRECTION('',(0,0,1));
#7450=DIRECTION('',(-0.03152742592970674,-0.0761137926906702,-0.9966005779531178));
#7451=DIRECTION('',(0.38268406139067646,0.9238792719601068,0));
#7452=FACE_SURFACE('',(#7457),#7453,.T.);
#7453=PLANE('',#7454);
#7454=AXIS2_PLACEMENT_3D('',#462,#7455,#7456);
#7455=DIRECTION('',(0.9238792719601068,-0.38268406139067646,0));
#7456=DIRECTION('',(0.03152742592970674,0.0761137926906702,0.9966005779531178));
#7457=FACE_BOUND('',#7458,.T.);
#7458=EDGE_LOOP('',(#7459,#7460,#7461));
#7459=ORIENTED_EDGE('',*,*,#7462,.T.);
#7460=ORIENTED_EDGE('',*,*,#7463,.T.);
#7461=ORIENTED_EDGE('',*,*,#7464,.T.);
#7462=EDGE_CURVE('',#463,#461,#7465,.F.);
#7463=EDGE_CURVE('',#461,#465,#7466,.T.);
#7464=EDGE_CURVE('',#465,#463,#7467,.T.);
#7465=LINE('',#462,#7468);
#7466=LINE('',#460,#7469);
#7467=LINE('',#464,#7470);
#7468=VECTOR('',#7471,1.0);
#7469=VECTOR('',#7472,1.0);
#7470=VECTOR('',#7473,1.0);
#7471=DIRECTION('',(0.03152742592970674,0.0761137926906702,0.9966005779531178));
#7472=DIRECTION('',(-0.38268406139067646,-0.9238792719601068,0));
#7473=DIRECTION('',(0,0,-1));
#7474=FACE_SURFACE('',(#7479),#7475,.T.);
#7475=PLANE('',#7476);
#7476=AXIS2_PLACEMENT_3D('',#462,#7477,#7478);
#7477=DIRECTION('',(0.9914448167021399,-0.1305265315346275,0));
#7478=DIRECTION('',(0,0,1));
#7479=FACE_BOUND('',#7480,.T.);
#7480=EDGE_LOOP('',(#7481,#7482,#7483));
#7481=ORIENTED_EDGE('',*,*,#7484,.T.);
#7482=ORIENTED_EDGE('',*,*,#7485,.T.);
#7483=ORIENTED_EDGE('',*,*,#7486,.T.);
#7484=EDGE_CURVE('',#463,#465,#7487,.F.);
#7485=EDGE_CURVE('',#465,#467,#7488,.T.);
#7486=EDGE_CURVE('',#467,#463,#7489,.T.);
#7487=LINE('',#462,#7490);
#7488=LINE('',#464,#7491);
#7489=LINE('',#466,#7492);
#7490=VECTOR('',#7493,1.0);
#7491=VECTOR('',#7494,1.0);
#7492=VECTOR('',#7495,1.0);
#7493=DIRECTION('',(0,0,1));
#7494=DIRECTION('',(-0.01075350815373021,-0.08168078776805321,-0.9966005272785972));
#7495=DIRECTION('',(0.1305265315346275,0.9914448167021399,0));
#7496=FACE_SURFACE('',(#7501),#7497,.T.);
#7497=PLANE('',#7498);
#7498=AXIS2_PLACEMENT_3D('',#466,#7499,#7500);
#7499=DIRECTION('',(0.9914448167021399,-0.1305265315346275,0));
#7500=DIRECTION('',(0.01075350815373021,0.08168078776805321,0.9966005272785972));
#7501=FACE_BOUND('',#7502,.T.);
#7502=EDGE_LOOP('',(#7503,#7504,#7505));
#7503=ORIENTED_EDGE('',*,*,#7506,.T.);
#7504=ORIENTED_EDGE('',*,*,#7507,.T.);
#7505=ORIENTED_EDGE('',*,*,#7508,.T.);
#7506=EDGE_CURVE('',#467,#465,#7509,.F.);
#7507=EDGE_CURVE('',#465,#469,#7510,.T.);
#7508=EDGE_CURVE('',#469,#467,#7511,.T.);
#7509=LINE('',#466,#7512);
#7510=LINE('',#464,#7513);
#7511=LINE('',#468,#7514);
#7512=VECTOR('',#7515,1.0);
#7513=VECTOR('',#7516,1.0);
#7514=VECTOR('',#7517,1.0);
#7515=DIRECTION('',(0.01075350815373021,0.08168078776805321,0.9966005272785972));
#7516=DIRECTION('',(-0.1305265315346275,-0.9914448167021399,0));
#7517=DIRECTION('',(0,0,-1));
#7518=FACE_SURFACE('',(#7523),#7519,.T.);
#7519=PLANE('',#7520);
#7520=AXIS2_PLACEMENT_3D('',#466,#7521,#7522);
#7521=DIRECTION('',(0.9914448167021399,0.1305265315346275,-0));
#7522=DIRECTION('',(0,0,1));
#7523=FACE_BOUND('',#7524,.T.);
#7524=EDGE_LOOP('',(#7525,#7526,#7527));
#7525=ORIENTED_EDGE('',*,*,#7528,.T.);
#7526=ORIENTED_EDGE('',*,*,#7529,.T.);
#7527=ORIENTED_EDGE('',*,*,#7530,.T.);
#7528=EDGE_CURVE('',#467,#469,#7531,.F.);
#7529=EDGE_CURVE('',#469,#471,#7532,.T.);
#7530=EDGE_CURVE('',#471,#467,#7533,.T.);
#7531=LINE('',#466,#7534);
#7532=LINE('',#468,#7535);
#7533=LINE('',#470,#7536);
#7534=VECTOR('',#7537,1.0);
#7535=VECTOR('',#7538,1.0);
#7536=VECTOR('',#7539,1.0);
#7537=DIRECTION('',(0,0,1));
#7538=DIRECTION('',(0.01075350815373021,-0.08168078776805321,-0.9966005272785972));
#7539=DIRECTION('',(-0.1305265315346275,0.9914448167021399,0));
#7540=FACE_SURFACE('',(#7545),#7541,.T.);
#7541=PLANE('',#7542);
#7542=AXIS2_PLACEMENT_3D('',#470,#7543,#7544);
#7543=DIRECTION('',(0.9914448167021399,0.1305265315346275,-0));
#7544=DIRECTION('',(-0.01075350815373021,0.08168078776805321,0.9966005272785972));
#7545=FACE_BOUND('',#7546,.T.);
#7546=EDGE_LOOP('',(#7547,#7548,#7549));
#7547=ORIENTED_EDGE('',*,*,#7550,.T.);
#7548=ORIENTED_EDGE('',*,*,#7551,.T.);
#7549=ORIENTED_EDGE('',*,*,#7552,.T.);
#7550=EDGE_CURVE('',#471,#469,#7553,.F.);
#7551=EDGE_CURVE('',#469,#473,#7554,.T.);
#7552=EDGE_CURVE('',#473,#471,#7555,.T.);
#7553=LINE('',#470,#7556);
#7554=LINE('',#468,#7557);
#7555=LINE('',#472,#7558);
#7556=VECTOR('',#7559,1.0);
#7557=VECTOR('',#7560,1.0);
#7558=VECTOR('',#7561,1.0);
#7559=DIRECTION('',(-0.01075350815373021,0.08168078776805321,0.9966005272785972));
#7560=DIRECTION('',(0.1305265315346275,-0.9914448167021399,0));
#7561=DIRECTION('',(0,0,-1));
#7562=FACE_SURFACE('',(#7567),#7563,.T.);
#7563=PLANE('',#7564);
#7564=AXIS2_PLACEMENT_3D('',#470,#7565,#7566);
#7565=DIRECTION('',(0.9238803982701139,0.38268134223170003,-0));
#7566=DIRECTION('',(0,0,1));
#7567=FACE_BOUND('',#7568,.T.);
#7568=EDGE_LOOP('',(#7569,#7570,#7571));
#7569=ORIENTED_EDGE('',*,*,#7572,.T.);
#7570=ORIENTED_EDGE('',*,*,#7573,.T.);
#7571=ORIENTED_EDGE('',*,*,#7574,.T.);
#7572=EDGE_CURVE('',#471,#473,#7575,.F.);
#7573=EDGE_CURVE('',#473,#475,#7576,.T.);
#7574=EDGE_CURVE('',#475,#471,#7577,.T.);
#7575=LINE('',#470,#7578);
#7576=LINE('',#472,#7579);
#7577=LINE('',#474,#7580);
#7578=VECTOR('',#7581,1.0);
#7579=VECTOR('',#7582,1.0);
#7580=VECTOR('',#7583,1.0);
#7581=DIRECTION('',(0,0,1));
#7582=DIRECTION('',(0.031527424409216576,-0.076114422641442,-0.9966005298895246));
#7583=DIRECTION('',(-0.38268134223170003,0.9238803982701139,0));
#7584=FACE_SURFACE('',(#7589),#7585,.T.);
#7585=PLANE('',#7586);
#7586=AXIS2_PLACEMENT_3D('',#474,#7587,#7588);
#7587=DIRECTION('',(0.9238803982701139,0.38268134223170003,-0));
#7588=DIRECTION('',(-0.031527424409216576,0.076114422641442,0.9966005298895246));
#7589=FACE_BOUND('',#7590,.T.);
#7590=EDGE_LOOP('',(#7591,#7592,#7593));
#7591=ORIENTED_EDGE('',*,*,#7594,.T.);
#7592=ORIENTED_EDGE('',*,*,#7595,.T.);
#7593=ORIENTED_EDGE('',*,*,#7596,.T.);
#7594=EDGE_CURVE('',#475,#473,#7597,.F.);
#7595=EDGE_CURVE('',#473,#477,#7598,.T.);
#7596=EDGE_CURVE('',#477,#475,#7599,.T.);
#7597=LINE('',#474,#7600);
#7598=LINE('',#472,#7601);
#7599=LINE('',#476,#7602);
#7600=VECTOR('',#7603,1.0);
#7601=VECTOR('',#7604,1.0);
#7602=VECTOR('',#7605,1.0);
#7603=DIRECTION('',(-0.031527424409216576,0.076114422641442,0.9966005298895246));
#7604=DIRECTION('',(0.38268134223170003,-0.9238803982701139,0));
#7605=DIRECTION('',(0,0,-1));
#7606=FACE_SURFACE('',(#7611),#7607,.T.);
#7607=PLANE('',#7608);
#7608=AXIS2_PLACEMENT_3D('',#474,#7609,#7610);
#7609=DIRECTION('',(0.7933537691015297,0.6087608701718572,-0));
#7610=DIRECTION('',(0,0,1));
#7611=FACE_BOUND('',#7612,.T.);
#7612=EDGE_LOOP('',(#7613,#7614,#7615));
#7613=ORIENTED_EDGE('',*,*,#7616,.T.);
#7614=ORIENTED_EDGE('',*,*,#7617,.T.);
#7615=ORIENTED_EDGE('',*,*,#7618,.T.);
#7616=EDGE_CURVE('',#475,#477,#7619,.F.);
#7617=EDGE_CURVE('',#477,#479,#7620,.T.);
#7618=EDGE_CURVE('',#479,#475,#7621,.T.);
#7619=LINE('',#474,#7622);
#7620=LINE('',#476,#7623);
#7621=LINE('',#478,#7624);
#7622=VECTOR('',#7625,1.0);
#7623=VECTOR('',#7626,1.0);
#7624=VECTOR('',#7627,1.0);
#7625=DIRECTION('',(0,0,1));
#7626=DIRECTION('',(0.05015336190254621,-0.06536122909356068,-0.9966004966992799));
#7627=DIRECTION('',(-0.6087608701718572,0.7933537691015297,0));
#7628=FACE_SURFACE('',(#7633),#7629,.T.);
#7629=PLANE('',#7630);
#7630=AXIS2_PLACEMENT_3D('',#478,#7631,#7632);
#7631=DIRECTION('',(0.7933537691015297,0.6087608701718572,-0));
#7632=DIRECTION('',(-0.05015336190254621,0.06536122909356068,0.9966004966992799));
#7633=FACE_BOUND('',#7634,.T.);
#7634=EDGE_LOOP('',(#7635,#7636,#7637));
#7635=ORIENTED_EDGE('',*,*,#7638,.T.);
#7636=ORIENTED_EDGE('',*,*,#7639,.T.);
#7637=ORIENTED_EDGE('',*,*,#7640,.T.);
#7638=EDGE_CURVE('',#479,#477,#7641,.F.);
#7639=EDGE_CURVE('',#477,#481,#7642,.T.);
#7640=EDGE_CURVE('',#481,#479,#7643,.T.);
#7641=LINE('',#478,#7644);
#7642=LINE('',#476,#7645);
#7643=LINE('',#480,#7646);
#7644=VECTOR('',#7647,1.0);
#7645=VECTOR('',#7648,1.0);
#7646=VECTOR('',#7649,1.0);
#7647=DIRECTION('',(-0.05015336190254621,0.06536122909356068,0.9966004966992799));
#7648=DIRECTION('',(0.6087608701718572,-0.7933537691015297,0));
#7649=DIRECTION('',(0,0,-1));
#7650=FACE_SURFACE('',(#7655),#7651,.T.);
#7651=PLANE('',#7652);
#7652=AXIS2_PLACEMENT_3D('',#478,#7653,#7654);
#7653=DIRECTION('',(0.60876030701296,0.7933542012276021,-0));
#7654=DIRECTION('',(0,0,1));
#7655=FACE_BOUND('',#7656,.T.);
#7656=EDGE_LOOP('',(#7657,#7658,#7659));
#7657=ORIENTED_EDGE('',*,*,#7660,.T.);
#7658=ORIENTED_EDGE('',*,*,#7661,.T.);
#7659=ORIENTED_EDGE('',*,*,#7662,.T.);
#7660=EDGE_CURVE('',#479,#481,#7663,.F.);
#7661=EDGE_CURVE('',#481,#483,#7664,.T.);
#7662=EDGE_CURVE('',#483,#479,#7665,.T.);
#7663=LINE('',#478,#7666);
#7664=LINE('',#480,#7667);
#7665=LINE('',#482,#7668);
#7666=VECTOR('',#7669,1.0);
#7667=VECTOR('',#7670,1.0);
#7668=VECTOR('',#7671,1.0);
#7669=DIRECTION('',(0,0,1));
#7670=DIRECTION('',(0.06536091467475377,-0.05015304692718965,-0.9966005331710387));
#7671=DIRECTION('',(-0.7933542012276021,0.6087603070129601,0));
#7672=FACE_SURFACE('',(#7677),#7673,.T.);
#7673=PLANE('',#7674);
#7674=AXIS2_PLACEMENT_3D('',#482,#7675,#7676);
#7675=DIRECTION('',(0.60876030701296,0.7933542012276021,-0));
#7676=DIRECTION('',(-0.06536091467475377,0.05015304692718965,0.9966005331710387));
#7677=FACE_BOUND('',#7678,.T.);
#7678=EDGE_LOOP('',(#7679,#7680,#7681));
#7679=ORIENTED_EDGE('',*,*,#7682,.T.);
#7680=ORIENTED_EDGE('',*,*,#7683,.T.);
#7681=ORIENTED_EDGE('',*,*,#7684,.T.);
#7682=EDGE_CURVE('',#483,#481,#7685,.F.);
#7683=EDGE_CURVE('',#481,#485,#7686,.T.);
#7684=EDGE_CURVE('',#485,#483,#7687,.T.);
#7685=LINE('',#482,#7688);
#7686=LINE('',#480,#7689);
#7687=LINE('',#484,#7690);
#7688=VECTOR('',#7691,1.0);
#7689=VECTOR('',#7692,1.0);
#7690=VECTOR('',#7693,1.0);
#7691=DIRECTION('',(-0.06536091467475377,0.05015304692718965,0.9966005331710387));
#7692=DIRECTION('',(0.7933542012276021,-0.6087603070129601,0));
#7693=DIRECTION('',(0,0,-1));
#7694=FACE_SURFACE('',(#7699),#7695,.T.);
#7695=PLANE('',#7696);
#7696=AXIS2_PLACEMENT_3D('',#482,#7697,#7698);
#7697=DIRECTION('',(0.38268598412210775,0.9238784755347935,-0));
#7698=DIRECTION('',(0,0,1));
#7699=FACE_BOUND('',#7700,.T.);
#7700=EDGE_LOOP('',(#7701,#7702,#7703));
#7701=ORIENTED_EDGE('',*,*,#7704,.T.);
#7702=ORIENTED_EDGE('',*,*,#7705,.T.);
#7703=ORIENTED_EDGE('',*,*,#7706,.T.);
#7704=EDGE_CURVE('',#483,#485,#7707,.F.);
#7705=EDGE_CURVE('',#485,#487,#7708,.T.);
#7706=EDGE_CURVE('',#487,#483,#7709,.T.);
#7707=LINE('',#482,#7710);
#7708=LINE('',#484,#7711);
#7709=LINE('',#486,#7712);
#7710=VECTOR('',#7713,1.0);
#7711=VECTOR('',#7714,1.0);
#7712=VECTOR('',#7715,1.0);
#7713=DIRECTION('',(0,0,1));
#7714=DIRECTION('',(0.0761141069058186,-0.03152774166533935,-0.9966005439670467));
#7715=DIRECTION('',(-0.9238784755347934,0.3826859841221077,0));
#7716=FACE_SURFACE('',(#7721),#7717,.T.);
#7717=PLANE('',#7718);
#7718=AXIS2_PLACEMENT_3D('',#486,#7719,#7720);
#7719=DIRECTION('',(0.38268598412210775,0.9238784755347935,-0));
#7720=DIRECTION('',(-0.0761141069058186,0.03152774166533935,0.9966005439670467));
#7721=FACE_BOUND('',#7722,.T.);
#7722=EDGE_LOOP('',(#7723,#7724,#7725));
#7723=ORIENTED_EDGE('',*,*,#7726,.T.);
#7724=ORIENTED_EDGE('',*,*,#7727,.T.);
#7725=ORIENTED_EDGE('',*,*,#7728,.T.);
#7726=EDGE_CURVE('',#487,#485,#7729,.F.);
#7727=EDGE_CURVE('',#485,#489,#7730,.T.);
#7728=EDGE_CURVE('',#489,#487,#7731,.T.);
#7729=LINE('',#486,#7732);
#7730=LINE('',#484,#7733);
#7731=LINE('',#488,#7734);
#7732=VECTOR('',#7735,1.0);
#7733=VECTOR('',#7736,1.0);
#7734=VECTOR('',#7737,1.0);
#7735=DIRECTION('',(-0.0761141069058186,0.03152774166533935,0.9966005439670467));
#7736=DIRECTION('',(0.9238784755347934,-0.3826859841221077,0));
#7737=DIRECTION('',(0,0,-1));
#7738=FACE_SURFACE('',(#7743),#7739,.T.);
#7739=PLANE('',#7740);
#7740=AXIS2_PLACEMENT_3D('',#486,#7741,#7742);
#7741=DIRECTION('',(0.13052275158516174,0.9914453143359134,-0));
#7742=DIRECTION('',(0,0,1));
#7743=FACE_BOUND('',#7744,.T.);
#7744=EDGE_LOOP('',(#7745,#7746,#7747));
#7745=ORIENTED_EDGE('',*,*,#7748,.T.);
#7746=ORIENTED_EDGE('',*,*,#7749,.T.);
#7747=ORIENTED_EDGE('',*,*,#7750,.T.);
#7748=EDGE_CURVE('',#487,#489,#7751,.F.);
#7749=EDGE_CURVE('',#489,#491,#7752,.T.);
#7750=EDGE_CURVE('',#491,#487,#7753,.T.);
#7751=LINE('',#486,#7754);
#7752=LINE('',#488,#7755);
#7753=LINE('',#490,#7756);
#7754=VECTOR('',#7757,1.0);
#7755=VECTOR('',#7758,1.0);
#7756=VECTOR('',#7759,1.0);
#7757=DIRECTION('',(0,0,1));
#7758=DIRECTION('',(0.08168078804632144,-0.010753191379588408,-0.996600530673793));
#7759=DIRECTION('',(-0.9914453143359134,0.13052275158516174,0));
#7760=FACE_SURFACE('',(#7765),#7761,.T.);
#7761=PLANE('',#7762);
#7762=AXIS2_PLACEMENT_3D('',#490,#7763,#7764);
#7763=DIRECTION('',(0.13052275158516174,0.9914453143359134,-0));
#7764=DIRECTION('',(-0.08168078804632144,0.010753191379588408,0.996600530673793));
#7765=FACE_BOUND('',#7766,.T.);
#7766=EDGE_LOOP('',(#7767,#7768,#7769));
#7767=ORIENTED_EDGE('',*,*,#7770,.T.);
#7768=ORIENTED_EDGE('',*,*,#7771,.T.);
#7769=ORIENTED_EDGE('',*,*,#7772,.T.);
#7770=EDGE_CURVE('',#491,#489,#7773,.F.);
#7771=EDGE_CURVE('',#489,#493,#7774,.T.);
#7772=EDGE_CURVE('',#493,#491,#7775,.T.);
#7773=LINE('',#490,#7776);
#7774=LINE('',#488,#7777);
#7775=LINE('',#492,#7778);
#7776=VECTOR('',#7779,1.0);
#7777=VECTOR('',#7780,1.0);
#7778=VECTOR('',#7781,1.0);
#7779=DIRECTION('',(-0.08168078804632144,0.010753191379588408,0.996600530673793));
#7780=DIRECTION('',(0.9914453143359134,-0.13052275158516174,0));
#7781=DIRECTION('',(0,0,-1));
#7782=FACE_SURFACE('',(#7787),#7783,.T.);
#7783=PLANE('',#7784);
#7784=AXIS2_PLACEMENT_3D('',#490,#7785,#7786);
#7785=DIRECTION('',(-0.13052275158516174,0.9914453143359134,0));
#7786=DIRECTION('',(0,0,1));
#7787=FACE_BOUND('',#7788,.T.);
#7788=EDGE_LOOP('',(#7789,#7790,#7791));
#7789=ORIENTED_EDGE('',*,*,#7792,.T.);
#7790=ORIENTED_EDGE('',*,*,#7793,.T.);
#7791=ORIENTED_EDGE('',*,*,#7794,.T.);
#7792=EDGE_CURVE('',#491,#493,#7795,.F.);
#7793=EDGE_CURVE('',#493,#495,#7796,.T.);
#7794=EDGE_CURVE('',#495,#491,#7797,.T.);
#7795=LINE('',#490,#7798);
#7796=LINE('',#492,#7799);
#7797=LINE('',#494,#7800);
#7798=VECTOR('',#7801,1.0);
#7799=VECTOR('',#7802,1.0);
#7800=VECTOR('',#7803,1.0);
#7801=DIRECTION('',(0,0,1));
#7802=DIRECTION('',(0.08168078804632144,0.010753191379588408,-0.996600530673793));
#7803=DIRECTION('',(-0.9914453143359134,-0.13052275158516174,0));
#7804=FACE_SURFACE('',(#7809),#7805,.T.);
#7805=PLANE('',#7806);
#7806=AXIS2_PLACEMENT_3D('',#494,#7807,#7808);
#7807=DIRECTION('',(-0.13052275158516174,0.9914453143359134,0));
#7808=DIRECTION('',(-0.08168078804632144,-0.010753191379588408,0.996600530673793));
#7809=FACE_BOUND('',#7810,.T.);
#7810=EDGE_LOOP('',(#7811,#7812,#7813));
#7811=ORIENTED_EDGE('',*,*,#7814,.T.);
#7812=ORIENTED_EDGE('',*,*,#7815,.T.);
#7813=ORIENTED_EDGE('',*,*,#7816,.T.);
#7814=EDGE_CURVE('',#495,#493,#7817,.F.);
#7815=EDGE_CURVE('',#493,#497,#7818,.T.);
#7816=EDGE_CURVE('',#497,#495,#7819,.T.);
#7817=LINE('',#494,#7820);
#7818=LINE('',#492,#7821);
#7819=LINE('',#496,#7822);
#7820=VECTOR('',#7823,1.0);
#7821=VECTOR('',#7824,1.0);
#7822=VECTOR('',#7825,1.0);
#7823=DIRECTION('',(-0.08168078804632144,-0.010753191379588408,0.996600530673793));
#7824=DIRECTION('',(0.9914453143359134,0.13052275158516174,0));
#7825=DIRECTION('',(0,0,-1));
#7826=FACE_SURFACE('',(#7831),#7827,.T.);
#7827=PLANE('',#7828);
#7828=AXIS2_PLACEMENT_3D('',#494,#7829,#7830);
#7829=DIRECTION('',(-0.3826846245393757,0.9238790386956277,0));
#7830=DIRECTION('',(0,0,1));
#7831=FACE_BOUND('',#7832,.T.);
#7832=EDGE_LOOP('',(#7833,#7834,#7835));
#7833=ORIENTED_EDGE('',*,*,#7836,.T.);
#7834=ORIENTED_EDGE('',*,*,#7837,.T.);
#7835=ORIENTED_EDGE('',*,*,#7838,.T.);
#7836=EDGE_CURVE('',#495,#497,#7839,.F.);
#7837=EDGE_CURVE('',#497,#499,#7840,.T.);
#7838=EDGE_CURVE('',#499,#495,#7841,.T.);
#7839=LINE('',#494,#7842);
#7840=LINE('',#496,#7843);
#7841=LINE('',#498,#7844);
#7842=VECTOR('',#7845,1.0);
#7843=VECTOR('',#7846,1.0);
#7844=VECTOR('',#7847,1.0);
#7845=DIRECTION('',(0,0,1));
#7846=DIRECTION('',(0.07611442188119,0.03152774090508509,-0.9966005199352015));
#7847=DIRECTION('',(-0.9238790386956276,-0.38268462453937563,0));
#7848=FACE_SURFACE('',(#7853),#7849,.T.);
#7849=PLANE('',#7850);
#7850=AXIS2_PLACEMENT_3D('',#498,#7851,#7852);
#7851=DIRECTION('',(-0.3826846245393757,0.9238790386956277,0));
#7852=DIRECTION('',(-0.07611442188119,-0.03152774090508509,0.9966005199352015));
#7853=FACE_BOUND('',#7854,.T.);
#7854=EDGE_LOOP('',(#7855,#7856,#7857));
#7855=ORIENTED_EDGE('',*,*,#7858,.T.);
#7856=ORIENTED_EDGE('',*,*,#7859,.T.);
#7857=ORIENTED_EDGE('',*,*,#7860,.T.);
#7858=EDGE_CURVE('',#499,#497,#7861,.F.);
#7859=EDGE_CURVE('',#497,#501,#7862,.T.);
#7860=EDGE_CURVE('',#501,#499,#7863,.T.);
#7861=LINE('',#498,#7864);
#7862=LINE('',#496,#7865);
#7863=LINE('',#500,#7866);
#7864=VECTOR('',#7867,1.0);
#7865=VECTOR('',#7868,1.0);
#7866=VECTOR('',#7869,1.0);
#7867=DIRECTION('',(-0.07611442188119,-0.03152774090508509,0.9966005199352015));
#7868=DIRECTION('',(0.9238790386956276,0.38268462453937563,0));
#7869=DIRECTION('',(0,0,-1));
#7870=FACE_SURFACE('',(#7875),#7871,.T.);
#7871=PLANE('',#7872);
#7872=AXIS2_PLACEMENT_3D('',#498,#7873,#7874);
#7873=DIRECTION('',(-0.60876030701296,0.7933542012276021,0));
#7874=DIRECTION('',(0,0,1));
#7875=FACE_BOUND('',#7876,.T.);
#7876=EDGE_LOOP('',(#7877,#7878,#7879));
#7877=ORIENTED_EDGE('',*,*,#7880,.T.);
#7878=ORIENTED_EDGE('',*,*,#7881,.T.);
#7879=ORIENTED_EDGE('',*,*,#7882,.T.);
#7880=EDGE_CURVE('',#499,#501,#7883,.F.);
#7881=EDGE_CURVE('',#501,#503,#7884,.T.);
#7882=EDGE_CURVE('',#503,#499,#7885,.T.);
#7883=LINE('',#498,#7886);
#7884=LINE('',#500,#7887);
#7885=LINE('',#502,#7888);
#7886=VECTOR('',#7889,1.0);
#7887=VECTOR('',#7890,1.0);
#7888=VECTOR('',#7891,1.0);
#7889=DIRECTION('',(0,0,1));
#7890=DIRECTION('',(0.06536091467475377,0.05015304692718965,-0.9966005331710387));
#7891=DIRECTION('',(-0.7933542012276021,-0.6087603070129601,0));
#7892=FACE_SURFACE('',(#7897),#7893,.T.);
#7893=PLANE('',#7894);
#7894=AXIS2_PLACEMENT_3D('',#502,#7895,#7896);
#7895=DIRECTION('',(-0.60876030701296,0.7933542012276021,0));
#7896=DIRECTION('',(-0.06536091467475377,-0.05015304692718965,0.9966005331710387));
#7897=FACE_BOUND('',#7898,.T.);
#7898=EDGE_LOOP('',(#7899,#7900,#7901));
#7899=ORIENTED_EDGE('',*,*,#7902,.T.);
#7900=ORIENTED_EDGE('',*,*,#7903,.T.);
#7901=ORIENTED_EDGE('',*,*,#7904,.T.);
#7902=EDGE_CURVE('',#503,#501,#7905,.F.);
#7903=EDGE_CURVE('',#501,#505,#7906,.T.);
#7904=EDGE_CURVE('',#505,#503,#7907,.T.);
#7905=LINE('',#502,#7908);
#7906=LINE('',#500,#7909);
#7907=LINE('',#504,#7910);
#7908=VECTOR('',#7911,1.0);
#7909=VECTOR('',#7912,1.0);
#7910=VECTOR('',#7913,1.0);
#7911=DIRECTION('',(-0.06536091467475377,-0.05015304692718965,0.9966005331710387));
#7912=DIRECTION('',(0.7933542012276021,0.6087603070129601,0));
#7913=DIRECTION('',(0,0,-1));
#7914=FACE_SURFACE('',(#7919),#7915,.T.);
#7915=PLANE('',#7916);
#7916=AXIS2_PLACEMENT_3D('',#502,#7917,#7918);
#7917=DIRECTION('',(-0.7933556263088298,0.6087584498010062,0));
#7918=DIRECTION('',(0,0,1));
#7919=FACE_BOUND('',#7920,.T.);
#7920=EDGE_LOOP('',(#7921,#7922,#7923));
#7921=ORIENTED_EDGE('',*,*,#7924,.T.);
#7922=ORIENTED_EDGE('',*,*,#7925,.T.);
#7923=ORIENTED_EDGE('',*,*,#7926,.T.);
#7924=EDGE_CURVE('',#503,#505,#7927,.F.);
#7925=EDGE_CURVE('',#505,#507,#7928,.T.);
#7926=EDGE_CURVE('',#507,#503,#7929,.T.);
#7927=LINE('',#502,#7930);
#7928=LINE('',#504,#7931);
#7929=LINE('',#506,#7932);
#7930=VECTOR('',#7933,1.0);
#7931=VECTOR('',#7934,1.0);
#7932=VECTOR('',#7935,1.0);
#7933=DIRECTION('',(0,0,1));
#7934=DIRECTION('',(0.05015304588866591,0.06536123013209015,-0.9966005125343401));
#7935=DIRECTION('',(-0.6087584498010064,-0.7933556263088298,0));
#7936=FACE_SURFACE('',(#7941),#7937,.T.);
#7937=PLANE('',#7938);
#7938=AXIS2_PLACEMENT_3D('',#506,#7939,#7940);
#7939=DIRECTION('',(-0.7933556263088298,0.6087584498010062,0));
#7940=DIRECTION('',(-0.05015304588866591,-0.06536123013209015,0.9966005125343401));
#7941=FACE_BOUND('',#7942,.T.);
#7942=EDGE_LOOP('',(#7943,#7944,#7945));
#7943=ORIENTED_EDGE('',*,*,#7946,.T.);
#7944=ORIENTED_EDGE('',*,*,#7947,.T.);
#7945=ORIENTED_EDGE('',*,*,#7948,.T.);
#7946=EDGE_CURVE('',#507,#505,#7949,.F.);
#7947=EDGE_CURVE('',#505,#509,#7950,.T.);
#7948=EDGE_CURVE('',#509,#507,#7951,.T.);
#7949=LINE('',#506,#7952);
#7950=LINE('',#504,#7953);
#7951=LINE('',#508,#7954);
#7952=VECTOR('',#7955,1.0);
#7953=VECTOR('',#7956,1.0);
#7954=VECTOR('',#7957,1.0);
#7955=DIRECTION('',(-0.05015304588866591,-0.06536123013209015,0.9966005125343401));
#7956=DIRECTION('',(0.6087584498010064,0.7933556263088298,0));
#7957=DIRECTION('',(0,0,-1));
#7958=FACE_SURFACE('',(#7963),#7959,.T.);
#7959=PLANE('',#7960);
#7960=AXIS2_PLACEMENT_3D('',#506,#7961,#7962);
#7961=DIRECTION('',(-0.9238803982701139,0.38268134223170003,0));
#7962=DIRECTION('',(0,0,1));
#7963=FACE_BOUND('',#7964,.T.);
#7964=EDGE_LOOP('',(#7965,#7966,#7967));
#7965=ORIENTED_EDGE('',*,*,#7968,.T.);
#7966=ORIENTED_EDGE('',*,*,#7969,.T.);
#7967=ORIENTED_EDGE('',*,*,#7970,.T.);
#7968=EDGE_CURVE('',#507,#509,#7971,.F.);
#7969=EDGE_CURVE('',#509,#511,#7972,.T.);
#7970=EDGE_CURVE('',#511,#507,#7973,.T.);
#7971=LINE('',#506,#7974);
#7972=LINE('',#508,#7975);
#7973=LINE('',#510,#7976);
#7974=VECTOR('',#7977,1.0);
#7975=VECTOR('',#7978,1.0);
#7976=VECTOR('',#7979,1.0);
#7977=DIRECTION('',(0,0,1));
#7978=DIRECTION('',(0.031527424409216576,0.076114422641442,-0.9966005298895246));
#7979=DIRECTION('',(-0.38268134223170003,-0.9238803982701139,0));
#7980=FACE_SURFACE('',(#7985),#7981,.T.);
#7981=PLANE('',#7982);
#7982=AXIS2_PLACEMENT_3D('',#510,#7983,#7984);
#7983=DIRECTION('',(-0.9238803982701139,0.38268134223170003,0));
#7984=DIRECTION('',(-0.031527424409216576,-0.076114422641442,0.9966005298895246));
#7985=FACE_BOUND('',#7986,.T.);
#7986=EDGE_LOOP('',(#7987,#7988,#7989));
#7987=ORIENTED_EDGE('',*,*,#7990,.T.);
#7988=ORIENTED_EDGE('',*,*,#7991,.T.);
#7989=ORIENTED_EDGE('',*,*,#7992,.T.);
#7990=EDGE_CURVE('',#511,#509,#7993,.F.);
#7991=EDGE_CURVE('',#509,#513,#7994,.T.);
#7992=EDGE_CURVE('',#513,#511,#7995,.T.);
#7993=LINE('',#510,#7996);
#7994=LINE('',#508,#7997);
#7995=LINE('',#512,#7998);
#7996=VECTOR('',#7999,1.0);
#7997=VECTOR('',#8000,1.0);
#7998=VECTOR('',#8001,1.0);
#7999=DIRECTION('',(-0.031527424409216576,-0.076114422641442,0.9966005298895246));
#8000=DIRECTION('',(0.38268134223170003,0.9238803982701139,0));
#8001=DIRECTION('',(0,0,-1));
#8002=FACE_SURFACE('',(#8007),#8003,.T.);
#8003=PLANE('',#8004);
#8004=AXIS2_PLACEMENT_3D('',#510,#8005,#8006);
#8005=DIRECTION('',(-0.9914448167021399,0.1305265315346275,0));
#8006=DIRECTION('',(0,0,1));
#8007=FACE_BOUND('',#8008,.T.);
#8008=EDGE_LOOP('',(#8009,#8010,#8011));
#8009=ORIENTED_EDGE('',*,*,#8012,.T.);
#8010=ORIENTED_EDGE('',*,*,#8013,.T.);
#8011=ORIENTED_EDGE('',*,*,#8014,.T.);
#8012=EDGE_CURVE('',#511,#513,#8015,.F.);
#8013=EDGE_CURVE('',#513,#419,#8016,.T.);
#8014=EDGE_CURVE('',#419,#511,#8017,.T.);
#8015=LINE('',#510,#8018);
#8016=LINE('',#512,#8019);
#8017=LINE('',#418,#8020);
#8018=VECTOR('',#8021,1.0);
#8019=VECTOR('',#8022,1.0);
#8020=VECTOR('',#8023,1.0);
#8021=DIRECTION('',(0,0,1));
#8022=DIRECTION('',(0.01075350815373021,0.08168078776805321,-0.9966005272785972));
#8023=DIRECTION('',(-0.1305265315346275,-0.9914448167021399,0));
#8024=FACE_SURFACE('',(#8029),#8025,.T.);
#8025=PLANE('',#8026);
#8026=AXIS2_PLACEMENT_3D('',#418,#8027,#8028);
#8027=DIRECTION('',(-0.9914448167021399,0.1305265315346275,0));
#8028=DIRECTION('',(-0.01075350815373021,-0.08168078776805321,0.9966005272785972));
#8029=FACE_BOUND('',#8030,.T.);
#8030=EDGE_LOOP('',(#8031,#8032,#8033));
#8031=ORIENTED_EDGE('',*,*,#8034,.T.);
#8032=ORIENTED_EDGE('',*,*,#8035,.T.);
#8033=ORIENTED_EDGE('',*,*,#8036,.T.);
#8034=EDGE_CURVE('',#419,#513,#8037,.F.);
#8035=EDGE_CURVE('',#513,#421,#8038,.T.);
#8036=EDGE_CURVE('',#421,#419,#8039,.T.);
#8037=LINE('',#418,#8040);
#8038=LINE('',#512,#8041);
#8039=LINE('',#420,#8042);
#8040=VECTOR('',#8043,1.0);
#8041=VECTOR('',#8044,1.0);
#8042=VECTOR('',#8045,1.0);
#8043=DIRECTION('',(-0.01075350815373021,-0.08168078776805321,0.9966005272785972));
#8044=DIRECTION('',(0.1305265315346275,0.9914448167021399,0));
#8045=DIRECTION('',(0,0,-1));
#8046=FACE_SURFACE('',(#8051),#8047,.T.);
#8047=PLANE('',#8048);
#8048=AXIS2_PLACEMENT_3D('',#422,#8049,#8050);
#8049=DIRECTION('',(0,0,1));
#8050=DIRECTION('',(-1,0,0));
#8051=FACE_BOUND('',#8052,.T.);
#8052=EDGE_LOOP('',(#8053,#8054,#8055));
#8053=ORIENTED_EDGE('',*,*,#8056,.T.);
#8054=ORIENTED_EDGE('',*,*,#8057,.T.);
#8055=ORIENTED_EDGE('',*,*,#8058,.T.);
#8056=EDGE_CURVE('',#423,#463,#8059,.F.);
#8057=EDGE_CURVE('',#463,#419,#8060,.T.);
#8058=EDGE_CURVE('',#419,#423,#8061,.T.);
#8059=LINE('',#422,#8062);
#8060=LINE('',#462,#8063);
#8061=LINE('',#418,#8064);
#8062=VECTOR('',#8065,1.0);
#8063=VECTOR('',#8066,1.0);
#8064=VECTOR('',#8067,1.0);
#8065=DIRECTION('',(-1,0,0));
#8066=DIRECTION('',(0.9914448482905357,-0.13052629159735027,0));
#8067=DIRECTION('',(-0.1305265315346275,0.9914448167021399,0));
#8068=FACE_SURFACE('',(#8073),#8069,.T.);
#8069=PLANE('',#8070);
#8070=AXIS2_PLACEMENT_3D('',#418,#8071,#8072);
#8071=DIRECTION('',(0,0,1));
#8072=DIRECTION('',(-0.9914448482905357,0.13052629159735027,0));
#8073=FACE_BOUND('',#8074,.T.);
#8074=EDGE_LOOP('',(#8075,#8076,#8077));
#8075=ORIENTED_EDGE('',*,*,#8078,.T.);
#8076=ORIENTED_EDGE('',*,*,#8079,.T.);
#8077=ORIENTED_EDGE('',*,*,#8080,.T.);
#8078=EDGE_CURVE('',#419,#463,#8081,.F.);
#8079=EDGE_CURVE('',#463,#467,#8082,.T.);
#8080=EDGE_CURVE('',#467,#419,#8083,.T.);
#8081=LINE('',#418,#8084);
#8082=LINE('',#462,#8085);
#8083=LINE('',#466,#8086);
#8084=VECTOR('',#8087,1.0);
#8085=VECTOR('',#8088,1.0);
#8086=VECTOR('',#8089,1.0);
#8087=DIRECTION('',(-0.9914448482905357,0.13052629159735027,0));
#8088=DIRECTION('',(-0.1305265315346275,-0.9914448167021399,0));
#8089=DIRECTION('',(1,0,0));
#8090=FACE_SURFACE('',(#8095),#8091,.T.);
#8091=PLANE('',#8092);
#8092=AXIS2_PLACEMENT_3D('',#418,#8093,#8094);
#8093=DIRECTION('',(0,0,1));
#8094=DIRECTION('',(-1,0,0));
#8095=FACE_BOUND('',#8096,.T.);
#8096=EDGE_LOOP('',(#8097,#8098,#8099));
#8097=ORIENTED_EDGE('',*,*,#8100,.T.);
#8098=ORIENTED_EDGE('',*,*,#8101,.T.);
#8099=ORIENTED_EDGE('',*,*,#8102,.T.);
#8100=EDGE_CURVE('',#419,#467,#8103,.F.);
#8101=EDGE_CURVE('',#467,#511,#8104,.T.);
#8102=EDGE_CURVE('',#511,#419,#8105,.T.);
#8103=LINE('',#418,#8106);
#8104=LINE('',#466,#8107);
#8105=LINE('',#510,#8108);
#8106=VECTOR('',#8109,1.0);
#8107=VECTOR('',#8110,1.0);
#8108=VECTOR('',#8111,1.0);
#8109=DIRECTION('',(-1,0,0));
#8110=DIRECTION('',(0.9914448482905357,-0.13052629159735027,0));
#8111=DIRECTION('',(0.1305265315346275,0.9914448167021399,0));
#8112=FACE_SURFACE('',(#8117),#8113,.T.);
#8113=PLANE('',#8114);
#8114=AXIS2_PLACEMENT_3D('',#510,#8115,#8116);
#8115=DIRECTION('',(0,0,1));
#8116=DIRECTION('',(-0.9914448482905357,0.13052629159735027,0));
#8117=FACE_BOUND('',#8118,.T.);
#8118=EDGE_LOOP('',(#8119,#8120,#8121));
#8119=ORIENTED_EDGE('',*,*,#8122,.T.);
#8120=ORIENTED_EDGE('',*,*,#8123,.T.);
#8121=ORIENTED_EDGE('',*,*,#8124,.T.);
#8122=EDGE_CURVE('',#511,#467,#8125,.F.);
#8123=EDGE_CURVE('',#467,#471,#8126,.T.);
#8124=EDGE_CURVE('',#471,#511,#8127,.T.);
#8125=LINE('',#510,#8128);
#8126=LINE('',#466,#8129);
#8127=LINE('',#470,#8130);
#8128=VECTOR('',#8131,1.0);
#8129=VECTOR('',#8132,1.0);
#8130=VECTOR('',#8133,1.0);
#8131=DIRECTION('',(-0.9914448482905357,0.13052629159735027,0));
#8132=DIRECTION('',(0.1305265315346275,-0.9914448167021399,0));
#8133=DIRECTION('',(1,0,0));
#8134=FACE_SURFACE('',(#8139),#8135,.T.);
#8135=PLANE('',#8136);
#8136=AXIS2_PLACEMENT_3D('',#510,#8137,#8138);
#8137=DIRECTION('',(0,0,1));
#8138=DIRECTION('',(-1,0,0));
#8139=FACE_BOUND('',#8140,.T.);
#8140=EDGE_LOOP('',(#8141,#8142,#8143));
#8141=ORIENTED_EDGE('',*,*,#8144,.T.);
#8142=ORIENTED_EDGE('',*,*,#8145,.T.);
#8143=ORIENTED_EDGE('',*,*,#8146,.T.);
#8144=EDGE_CURVE('',#511,#471,#8147,.F.);
#8145=EDGE_CURVE('',#471,#507,#8148,.T.);
#8146=EDGE_CURVE('',#507,#511,#8149,.T.);
#8147=LINE('',#510,#8150);
#8148=LINE('',#470,#8151);
#8149=LINE('',#506,#8152);
#8150=VECTOR('',#8153,1.0);
#8151=VECTOR('',#8154,1.0);
#8152=VECTOR('',#8155,1.0);
#8153=DIRECTION('',(-1,0,0));
#8154=DIRECTION('',(0.9914448417778683,-0.13052634106592353,0));
#8155=DIRECTION('',(0.38268134223170003,0.9238803982701139,0));
#8156=FACE_SURFACE('',(#8161),#8157,.T.);
#8157=PLANE('',#8158);
#8158=AXIS2_PLACEMENT_3D('',#506,#8159,#8160);
#8159=DIRECTION('',(0,0,1));
#8160=DIRECTION('',(-0.9914448417778683,0.13052634106592353,0));
#8161=FACE_BOUND('',#8162,.T.);
#8162=EDGE_LOOP('',(#8163,#8164,#8165));
#8163=ORIENTED_EDGE('',*,*,#8166,.T.);
#8164=ORIENTED_EDGE('',*,*,#8167,.T.);
#8165=ORIENTED_EDGE('',*,*,#8168,.T.);
#8166=EDGE_CURVE('',#507,#471,#8169,.F.);
#8167=EDGE_CURVE('',#471,#475,#8170,.T.);
#8168=EDGE_CURVE('',#475,#507,#8171,.T.);
#8169=LINE('',#506,#8172);
#8170=LINE('',#470,#8173);
#8171=LINE('',#474,#8174);
#8172=VECTOR('',#8175,1.0);
#8173=VECTOR('',#8176,1.0);
#8174=VECTOR('',#8177,1.0);
#8175=DIRECTION('',(-0.9914448417778683,0.13052634106592353,0));
#8176=DIRECTION('',(0.38268134223170003,-0.9238803982701139,0));
#8177=DIRECTION('',(1,0,0));
#8178=FACE_SURFACE('',(#8183),#8179,.T.);
#8179=PLANE('',#8180);
#8180=AXIS2_PLACEMENT_3D('',#506,#8181,#8182);
#8181=DIRECTION('',(0,0,1));
#8182=DIRECTION('',(-1,0,0));
#8183=FACE_BOUND('',#8184,.T.);
#8184=EDGE_LOOP('',(#8185,#8186,#8187));
#8185=ORIENTED_EDGE('',*,*,#8188,.T.);
#8186=ORIENTED_EDGE('',*,*,#8189,.T.);
#8187=ORIENTED_EDGE('',*,*,#8190,.T.);
#8188=EDGE_CURVE('',#507,#475,#8191,.F.);
#8189=EDGE_CURVE('',#475,#503,#8192,.T.);
#8190=EDGE_CURVE('',#503,#507,#8193,.T.);
#8191=LINE('',#506,#8194);
#8192=LINE('',#474,#8195);
#8193=LINE('',#502,#8196);
#8194=VECTOR('',#8197,1.0);
#8195=VECTOR('',#8198,1.0);
#8196=VECTOR('',#8199,1.0);
#8197=DIRECTION('',(-1,0,0));
#8198=DIRECTION('',(0.991444774808192,-0.13052684974951892,0));
#8199=DIRECTION('',(0.6087584498010064,0.7933556263088298,0));
#8200=FACE_SURFACE('',(#8205),#8201,.T.);
#8201=PLANE('',#8202);
#8202=AXIS2_PLACEMENT_3D('',#502,#8203,#8204);
#8203=DIRECTION('',(0,0,1));
#8204=DIRECTION('',(-0.991444774808192,0.13052684974951892,0));
#8205=FACE_BOUND('',#8206,.T.);
#8206=EDGE_LOOP('',(#8207,#8208,#8209));
#8207=ORIENTED_EDGE('',*,*,#8210,.T.);
#8208=ORIENTED_EDGE('',*,*,#8211,.T.);
#8209=ORIENTED_EDGE('',*,*,#8212,.T.);
#8210=EDGE_CURVE('',#503,#475,#8213,.F.);
#8211=EDGE_CURVE('',#475,#479,#8214,.T.);
#8212=EDGE_CURVE('',#479,#503,#8215,.T.);
#8213=LINE('',#502,#8216);
#8214=LINE('',#474,#8217);
#8215=LINE('',#478,#8218);
#8216=VECTOR('',#8219,1.0);
#8217=VECTOR('',#8220,1.0);
#8218=VECTOR('',#8221,1.0);
#8219=DIRECTION('',(-0.991444774808192,0.13052684974951892,0));
#8220=DIRECTION('',(0.6087608701718572,-0.7933537691015297,0));
#8221=DIRECTION('',(1,0,0));
#8222=FACE_SURFACE('',(#8227),#8223,.T.);
#8223=PLANE('',#8224);
#8224=AXIS2_PLACEMENT_3D('',#502,#8225,#8226);
#8225=DIRECTION('',(0,0,1));
#8226=DIRECTION('',(-1,0,0));
#8227=FACE_BOUND('',#8228,.T.);
#8228=EDGE_LOOP('',(#8229,#8230,#8231));
#8229=ORIENTED_EDGE('',*,*,#8232,.T.);
#8230=ORIENTED_EDGE('',*,*,#8233,.T.);
#8231=ORIENTED_EDGE('',*,*,#8234,.T.);
#8232=EDGE_CURVE('',#503,#479,#8235,.F.);
#8233=EDGE_CURVE('',#479,#499,#8236,.T.);
#8234=EDGE_CURVE('',#499,#503,#8237,.T.);
#8235=LINE('',#502,#8238);
#8236=LINE('',#478,#8239);
#8237=LINE('',#498,#8240);
#8238=VECTOR('',#8241,1.0);
#8239=VECTOR('',#8242,1.0);
#8240=VECTOR('',#8243,1.0);
#8241=DIRECTION('',(-1,0,0));
#8242=DIRECTION('',(0.9914448971865483,-0.1305259201950123,0));
#8243=DIRECTION('',(0.7933542012276021,0.6087603070129601,0));
#8244=FACE_SURFACE('',(#8249),#8245,.T.);
#8245=PLANE('',#8246);
#8246=AXIS2_PLACEMENT_3D('',#498,#8247,#8248);
#8247=DIRECTION('',(0,0,1));
#8248=DIRECTION('',(-0.9914448971865483,0.1305259201950123,0));
#8249=FACE_BOUND('',#8250,.T.);
#8250=EDGE_LOOP('',(#8251,#8252,#8253));
#8251=ORIENTED_EDGE('',*,*,#8254,.T.);
#8252=ORIENTED_EDGE('',*,*,#8255,.T.);
#8253=ORIENTED_EDGE('',*,*,#8256,.T.);
#8254=EDGE_CURVE('',#499,#479,#8257,.F.);
#8255=EDGE_CURVE('',#479,#483,#8258,.T.);
#8256=EDGE_CURVE('',#483,#499,#8259,.T.);
#8257=LINE('',#498,#8260);
#8258=LINE('',#478,#8261);
#8259=LINE('',#482,#8262);
#8260=VECTOR('',#8263,1.0);
#8261=VECTOR('',#8264,1.0);
#8262=VECTOR('',#8265,1.0);
#8263=DIRECTION('',(-0.9914448971865483,0.1305259201950123,0));
#8264=DIRECTION('',(0.7933542012276021,-0.6087603070129601,0));
#8265=DIRECTION('',(1,0,0));
#8266=FACE_SURFACE('',(#8271),#8267,.T.);
#8267=PLANE('',#8268);
#8268=AXIS2_PLACEMENT_3D('',#498,#8269,#8270);
#8269=DIRECTION('',(0,0,1));
#8270=DIRECTION('',(-1,0,0));
#8271=FACE_BOUND('',#8272,.T.);
#8272=EDGE_LOOP('',(#8273,#8274,#8275));
#8273=ORIENTED_EDGE('',*,*,#8276,.T.);
#8274=ORIENTED_EDGE('',*,*,#8277,.T.);
#8275=ORIENTED_EDGE('',*,*,#8278,.T.);
#8276=EDGE_CURVE('',#499,#483,#8279,.F.);
#8277=EDGE_CURVE('',#483,#495,#8280,.T.);
#8278=EDGE_CURVE('',#495,#499,#8281,.T.);
#8279=LINE('',#498,#8282);
#8280=LINE('',#482,#8283);
#8281=LINE('',#494,#8284);
#8282=VECTOR('',#8285,1.0);
#8283=VECTOR('',#8286,1.0);
#8284=VECTOR('',#8287,1.0);
#8285=DIRECTION('',(-1,0,0));
#8286=DIRECTION('',(0.9914447705078903,-0.13052688241338176,0));
#8287=DIRECTION('',(0.9238790386956276,0.38268462453937563,0));
#8288=FACE_SURFACE('',(#8293),#8289,.T.);
#8289=PLANE('',#8290);
#8290=AXIS2_PLACEMENT_3D('',#494,#8291,#8292);
#8291=DIRECTION('',(0,0,1));
#8292=DIRECTION('',(-0.9914447705078903,0.13052688241338176,0));
#8293=FACE_BOUND('',#8294,.T.);
#8294=EDGE_LOOP('',(#8295,#8296,#8297));
#8295=ORIENTED_EDGE('',*,*,#8298,.T.);
#8296=ORIENTED_EDGE('',*,*,#8299,.T.);
#8297=ORIENTED_EDGE('',*,*,#8300,.T.);
#8298=EDGE_CURVE('',#495,#483,#8301,.F.);
#8299=EDGE_CURVE('',#483,#487,#8302,.T.);
#8300=EDGE_CURVE('',#487,#495,#8303,.T.);
#8301=LINE('',#494,#8304);
#8302=LINE('',#482,#8305);
#8303=LINE('',#486,#8306);
#8304=VECTOR('',#8307,1.0);
#8305=VECTOR('',#8308,1.0);
#8306=VECTOR('',#8309,1.0);
#8307=DIRECTION('',(-0.9914447705078903,0.13052688241338176,0));
#8308=DIRECTION('',(0.9238784755347934,-0.3826859841221077,0));
#8309=DIRECTION('',(1,0,0));
#8310=FACE_SURFACE('',(#8315),#8311,.T.);
#8311=PLANE('',#8312);
#8312=AXIS2_PLACEMENT_3D('',#494,#8313,#8314);
#8313=DIRECTION('',(0,0,1));
#8314=DIRECTION('',(-1,0,0));
#8315=FACE_BOUND('',#8316,.T.);
#8316=EDGE_LOOP('',(#8317,#8318,#8319));
#8317=ORIENTED_EDGE('',*,*,#8320,.T.);
#8318=ORIENTED_EDGE('',*,*,#8321,.T.);
#8319=ORIENTED_EDGE('',*,*,#8322,.T.);
#8320=EDGE_CURVE('',#495,#487,#8323,.F.);
#8321=EDGE_CURVE('',#487,#491,#8324,.T.);
#8322=EDGE_CURVE('',#491,#495,#8325,.T.);
#8323=LINE('',#494,#8326);
#8324=LINE('',#486,#8327);
#8325=LINE('',#490,#8328);
#8326=VECTOR('',#8329,1.0);
#8327=VECTOR('',#8330,1.0);
#8328=VECTOR('',#8331,1.0);
#8329=DIRECTION('',(-1,0,0));
#8330=DIRECTION('',(0.9914453143359134,-0.13052275158516174,0));
#8331=DIRECTION('',(0.9914453143359134,0.13052275158516174,0));
#8332=FACE_SURFACE('',(#8337),#8333,.T.);
#8333=PLANE('',#8334);
#8334=AXIS2_PLACEMENT_3D('',#462,#8335,#8336);
#8335=DIRECTION('',(0,0,1));
#8336=DIRECTION('',(1,0,0));
#8337=FACE_BOUND('',#8338,.T.);
#8338=EDGE_LOOP('',(#8339,#8340,#8341));
#8339=ORIENTED_EDGE('',*,*,#8342,.T.);
#8340=ORIENTED_EDGE('',*,*,#8343,.T.);
#8341=ORIENTED_EDGE('',*,*,#8344,.T.);
#8342=EDGE_CURVE('',#463,#423,#8345,.F.);
#8343=EDGE_CURVE('',#423,#459,#8346,.T.);
#8344=EDGE_CURVE('',#459,#463,#8347,.T.);
#8345=LINE('',#462,#8348);
#8346=LINE('',#422,#8349);
#8347=LINE('',#458,#8350);
#8348=VECTOR('',#8351,1.0);
#8349=VECTOR('',#8352,1.0);
#8350=VECTOR('',#8353,1.0);
#8351=DIRECTION('',(1,0,0));
#8352=DIRECTION('',(-0.9914449823910885,0.1305252729992712,0));
#8353=DIRECTION('',(-0.38268406139067646,-0.9238792719601068,0));
#8354=FACE_SURFACE('',(#8359),#8355,.T.);
#8355=PLANE('',#8356);
#8356=AXIS2_PLACEMENT_3D('',#458,#8357,#8358);
#8357=DIRECTION('',(-0,0,1));
#8358=DIRECTION('',(0.9914449823910885,-0.1305252729992712,0));
#8359=FACE_BOUND('',#8360,.T.);
#8360=EDGE_LOOP('',(#8361,#8362,#8363));
#8361=ORIENTED_EDGE('',*,*,#8364,.T.);
#8362=ORIENTED_EDGE('',*,*,#8365,.T.);
#8363=ORIENTED_EDGE('',*,*,#8366,.T.);
#8364=EDGE_CURVE('',#459,#423,#8367,.F.);
#8365=EDGE_CURVE('',#423,#427,#8368,.T.);
#8366=EDGE_CURVE('',#427,#459,#8369,.T.);
#8367=LINE('',#458,#8370);
#8368=LINE('',#422,#8371);
#8369=LINE('',#426,#8372);
#8370=VECTOR('',#8373,1.0);
#8371=VECTOR('',#8374,1.0);
#8372=VECTOR('',#8375,1.0);
#8373=DIRECTION('',(0.9914449823910885,-0.1305252729992712,0));
#8374=DIRECTION('',(-0.38268406139067646,0.9238792719601068,0));
#8375=DIRECTION('',(-1,0,0));
#8376=FACE_SURFACE('',(#8381),#8377,.T.);
#8377=PLANE('',#8378);
#8378=AXIS2_PLACEMENT_3D('',#458,#8379,#8380);
#8379=DIRECTION('',(0,0,1));
#8380=DIRECTION('',(1,0,0));
#8381=FACE_BOUND('',#8382,.T.);
#8382=EDGE_LOOP('',(#8383,#8384,#8385));
#8383=ORIENTED_EDGE('',*,*,#8386,.T.);
#8384=ORIENTED_EDGE('',*,*,#8387,.T.);
#8385=ORIENTED_EDGE('',*,*,#8388,.T.);
#8386=EDGE_CURVE('',#459,#427,#8389,.F.);
#8387=EDGE_CURVE('',#427,#455,#8390,.T.);
#8388=EDGE_CURVE('',#455,#459,#8391,.T.);
#8389=LINE('',#458,#8392);
#8390=LINE('',#426,#8393);
#8391=LINE('',#454,#8394);
#8392=VECTOR('',#8395,1.0);
#8393=VECTOR('',#8396,1.0);
#8394=VECTOR('',#8397,1.0);
#8395=DIRECTION('',(1,0,0));
#8396=DIRECTION('',(-0.9914447640291615,0.1305269316239381,0));
#8397=DIRECTION('',(-0.6087608701718572,-0.7933537691015297,0));
#8398=FACE_SURFACE('',(#8403),#8399,.T.);
#8399=PLANE('',#8400);
#8400=AXIS2_PLACEMENT_3D('',#454,#8401,#8402);
#8401=DIRECTION('',(-0,0,1));
#8402=DIRECTION('',(0.9914447640291615,-0.1305269316239381,0));
#8403=FACE_BOUND('',#8404,.T.);
#8404=EDGE_LOOP('',(#8405,#8406,#8407));
#8405=ORIENTED_EDGE('',*,*,#8408,.T.);
#8406=ORIENTED_EDGE('',*,*,#8409,.T.);
#8407=ORIENTED_EDGE('',*,*,#8410,.T.);
#8408=EDGE_CURVE('',#455,#427,#8411,.F.);
#8409=EDGE_CURVE('',#427,#431,#8412,.T.);
#8410=EDGE_CURVE('',#431,#455,#8413,.T.);
#8411=LINE('',#454,#8414);
#8412=LINE('',#426,#8415);
#8413=LINE('',#430,#8416);
#8414=VECTOR('',#8417,1.0);
#8415=VECTOR('',#8418,1.0);
#8416=VECTOR('',#8419,1.0);
#8417=DIRECTION('',(0.9914447640291615,-0.1305269316239381,0));
#8418=DIRECTION('',(-0.6087584498010064,0.7933556263088298,0));
#8419=DIRECTION('',(-1,0,0));
#8420=FACE_SURFACE('',(#8425),#8421,.T.);
#8421=PLANE('',#8422);
#8422=AXIS2_PLACEMENT_3D('',#454,#8423,#8424);
#8423=DIRECTION('',(0,0,1));
#8424=DIRECTION('',(1,0,0));
#8425=FACE_BOUND('',#8426,.T.);
#8426=EDGE_LOOP('',(#8427,#8428,#8429));
#8427=ORIENTED_EDGE('',*,*,#8430,.T.);
#8428=ORIENTED_EDGE('',*,*,#8431,.T.);
#8429=ORIENTED_EDGE('',*,*,#8432,.T.);
#8430=EDGE_CURVE('',#455,#431,#8433,.F.);
#8431=EDGE_CURVE('',#431,#451,#8434,.T.);
#8432=EDGE_CURVE('',#451,#455,#8435,.T.);
#8433=LINE('',#454,#8436);
#8434=LINE('',#430,#8437);
#8435=LINE('',#450,#8438);
#8436=VECTOR('',#8439,1.0);
#8437=VECTOR('',#8440,1.0);
#8438=VECTOR('',#8441,1.0);
#8439=DIRECTION('',(1,0,0));
#8440=DIRECTION('',(-0.9914448971865483,0.1305259201950123,0));
#8441=DIRECTION('',(-0.7933542012276021,-0.6087603070129601,0));
#8442=FACE_SURFACE('',(#8447),#8443,.T.);
#8443=PLANE('',#8444);
#8444=AXIS2_PLACEMENT_3D('',#450,#8445,#8446);
#8445=DIRECTION('',(-0,0,1));
#8446=DIRECTION('',(0.9914448971865483,-0.1305259201950123,0));
#8447=FACE_BOUND('',#8448,.T.);
#8448=EDGE_LOOP('',(#8449,#8450,#8451));
#8449=ORIENTED_EDGE('',*,*,#8452,.T.);
#8450=ORIENTED_EDGE('',*,*,#8453,.T.);
#8451=ORIENTED_EDGE('',*,*,#8454,.T.);
#8452=EDGE_CURVE('',#451,#431,#8455,.F.);
#8453=EDGE_CURVE('',#431,#435,#8456,.T.);
#8454=EDGE_CURVE('',#435,#451,#8457,.T.);
#8455=LINE('',#450,#8458);
#8456=LINE('',#430,#8459);
#8457=LINE('',#434,#8460);
#8458=VECTOR('',#8461,1.0);
#8459=VECTOR('',#8462,1.0);
#8460=VECTOR('',#8463,1.0);
#8461=DIRECTION('',(0.9914448971865483,-0.1305259201950123,0));
#8462=DIRECTION('',(-0.7933542012276021,0.6087603070129601,0));
#8463=DIRECTION('',(-1,0,0));
#8464=FACE_SURFACE('',(#8469),#8465,.T.);
#8465=PLANE('',#8466);
#8466=AXIS2_PLACEMENT_3D('',#450,#8467,#8468);
#8467=DIRECTION('',(0,0,1));
#8468=DIRECTION('',(1,0,0));
#8469=FACE_BOUND('',#8470,.T.);
#8470=EDGE_LOOP('',(#8471,#8472,#8473));
#8471=ORIENTED_EDGE('',*,*,#8474,.T.);
#8472=ORIENTED_EDGE('',*,*,#8475,.T.);
#8473=ORIENTED_EDGE('',*,*,#8476,.T.);
#8474=EDGE_CURVE('',#451,#435,#8477,.F.);
#8475=EDGE_CURVE('',#435,#447,#8478,.T.);
#8476=EDGE_CURVE('',#447,#451,#8479,.T.);
#8477=LINE('',#450,#8480);
#8478=LINE('',#434,#8481);
#8479=LINE('',#446,#8482);
#8480=VECTOR('',#8483,1.0);
#8481=VECTOR('',#8484,1.0);
#8482=VECTOR('',#8485,1.0);
#8483=DIRECTION('',(1,0,0));
#8484=DIRECTION('',(-0.9914447928542166,0.13052671267698232,0));
#8485=DIRECTION('',(-0.9238784755347934,-0.3826859841221077,0));
#8486=FACE_SURFACE('',(#8491),#8487,.T.);
#8487=PLANE('',#8488);
#8488=AXIS2_PLACEMENT_3D('',#446,#8489,#8490);
#8489=DIRECTION('',(-0,0,1));
#8490=DIRECTION('',(0.9914447928542166,-0.13052671267698232,0));
#8491=FACE_BOUND('',#8492,.T.);
#8492=EDGE_LOOP('',(#8493,#8494,#8495));
#8493=ORIENTED_EDGE('',*,*,#8496,.T.);
#8494=ORIENTED_EDGE('',*,*,#8497,.T.);
#8495=ORIENTED_EDGE('',*,*,#8498,.T.);
#8496=EDGE_CURVE('',#447,#435,#8499,.F.);
#8497=EDGE_CURVE('',#435,#439,#8500,.T.);
#8498=EDGE_CURVE('',#439,#447,#8501,.T.);
#8499=LINE('',#446,#8502);
#8500=LINE('',#434,#8503);
#8501=LINE('',#438,#8504);
#8502=VECTOR('',#8505,1.0);
#8503=VECTOR('',#8506,1.0);
#8504=VECTOR('',#8507,1.0);
#8505=DIRECTION('',(0.9914447928542166,-0.13052671267698232,0));
#8506=DIRECTION('',(-0.9238790386956276,0.38268462453937563,0));
#8507=DIRECTION('',(-1,0,0));
#8508=FACE_SURFACE('',(#8513),#8509,.T.);
#8509=PLANE('',#8510);
#8510=AXIS2_PLACEMENT_3D('',#446,#8511,#8512);
#8511=DIRECTION('',(0,0,1));
#8512=DIRECTION('',(1,0,0));
#8513=FACE_BOUND('',#8514,.T.);
#8514=EDGE_LOOP('',(#8515,#8516,#8517));
#8515=ORIENTED_EDGE('',*,*,#8518,.T.);
#8516=ORIENTED_EDGE('',*,*,#8519,.T.);
#8517=ORIENTED_EDGE('',*,*,#8520,.T.);
#8518=EDGE_CURVE('',#447,#439,#8521,.F.);
#8519=EDGE_CURVE('',#439,#443,#8522,.T.);
#8520=EDGE_CURVE('',#443,#447,#8523,.T.);
#8521=LINE('',#446,#8524);
#8522=LINE('',#438,#8525);
#8523=LINE('',#442,#8526);
#8524=VECTOR('',#8527,1.0);
#8525=VECTOR('',#8528,1.0);
#8526=VECTOR('',#8529,1.0);
#8527=DIRECTION('',(1,0,0));
#8528=DIRECTION('',(-0.9914453143359134,0.13052275158516174,0));
#8529=DIRECTION('',(-0.9914453143359134,-0.13052275158516174,0));
#8530=FACE_SURFACE('',(#8535),#8531,.T.);
#8531=PLANE('',#8532);
#8532=AXIS2_PLACEMENT_3D('',#514,#8533,#8534);
#8533=DIRECTION('',(1,0,0));
#8534=DIRECTION('',(0,1,0));
#8535=FACE_BOUND('',#8536,.T.);
#8536=EDGE_LOOP('',(#8537,#8538,#8539));
#8537=ORIENTED_EDGE('',*,*,#8540,.T.);
#8538=ORIENTED_EDGE('',*,*,#8541,.T.);
#8539=ORIENTED_EDGE('',*,*,#8542,.T.);
#8540=EDGE_CURVE('',#515,#517,#8543,.F.);
#8541=EDGE_CURVE('',#517,#519,#8544,.T.);
#8542=EDGE_CURVE('',#519,#515,#8545,.T.);
#8543=LINE('',#514,#8546);
#8544=LINE('',#516,#8547);
#8545=LINE('',#518,#8548);
#8546=VECTOR('',#8549,1.0);
#8547=VECTOR('',#8550,1.0);
#8548=VECTOR('',#8551,1.0);
#8549=DIRECTION('',(0,1,0));
#8550=DIRECTION('',(0,-0.3544268722583794,0.9350837354061627));
#8551=DIRECTION('',(0,0,-1));
#8552=FACE_SURFACE('',(#8557),#8553,.T.);
#8553=PLANE('',#8554);
#8554=AXIS2_PLACEMENT_3D('',#518,#8555,#8556);
#8555=DIRECTION('',(1,0,0));
#8556=DIRECTION('',(0,0.3544268722583794,-0.9350837354061627));
#8557=FACE_BOUND('',#8558,.T.);
#8558=EDGE_LOOP('',(#8559,#8560,#8561));
#8559=ORIENTED_EDGE('',*,*,#8562,.T.);
#8560=ORIENTED_EDGE('',*,*,#8563,.T.);
#8561=ORIENTED_EDGE('',*,*,#8564,.T.);
#8562=EDGE_CURVE('',#519,#517,#8565,.F.);
#8563=EDGE_CURVE('',#517,#521,#8566,.T.);
#8564=EDGE_CURVE('',#521,#519,#8567,.T.);
#8565=LINE('',#518,#8568);
#8566=LINE('',#516,#8569);
#8567=LINE('',#520,#8570);
#8568=VECTOR('',#8571,1.0);
#8569=VECTOR('',#8572,1.0);
#8570=VECTOR('',#8573,1.0);
#8571=DIRECTION('',(0,0.3544268722583794,-0.9350837354061627));
#8572=DIRECTION('',(0,1,0));
#8573=DIRECTION('',(0,-0.9297006875271263,0.36831593993688166));
#8574=FACE_SURFACE('',(#8579),#8575,.T.);
#8575=PLANE('',#8576);
#8576=AXIS2_PLACEMENT_3D('',#518,#8577,#8578);
#8577=DIRECTION('',(1,-0,0));
#8578=DIRECTION('',(0,0.9297006875271263,-0.36831593993688166));
#8579=FACE_BOUND('',#8580,.T.);
#8580=EDGE_LOOP('',(#8581,#8582,#8583));
#8581=ORIENTED_EDGE('',*,*,#8584,.T.);
#8582=ORIENTED_EDGE('',*,*,#8585,.T.);
#8583=ORIENTED_EDGE('',*,*,#8586,.T.);
#8584=EDGE_CURVE('',#519,#521,#8587,.F.);
#8585=EDGE_CURVE('',#521,#523,#8588,.T.);
#8586=EDGE_CURVE('',#523,#519,#8589,.T.);
#8587=LINE('',#518,#8590);
#8588=LINE('',#520,#8591);
#8589=LINE('',#522,#8592);
#8590=VECTOR('',#8593,1.0);
#8591=VECTOR('',#8594,1.0);
#8592=VECTOR('',#8595,1.0);
#8593=DIRECTION('',(0,0.9297006875271263,-0.36831593993688166));
#8594=DIRECTION('',(0,0.354427039945077,0.9350836718474826));
#8595=DIRECTION('',(0,-1,0));
#8596=FACE_SURFACE('',(#8601),#8597,.T.);
#8597=PLANE('',#8598);
#8598=AXIS2_PLACEMENT_3D('',#522,#8599,#8600);
#8599=DIRECTION('',(1,0,0));
#8600=DIRECTION('',(0,-0.354427039945077,-0.9350836718474826));
#8601=FACE_BOUND('',#8602,.T.);
#8602=EDGE_LOOP('',(#8603,#8604,#8605));
#8603=ORIENTED_EDGE('',*,*,#8606,.T.);
#8604=ORIENTED_EDGE('',*,*,#8607,.T.);
#8605=ORIENTED_EDGE('',*,*,#8608,.T.);
#8606=EDGE_CURVE('',#523,#521,#8609,.F.);
#8607=EDGE_CURVE('',#521,#525,#8610,.T.);
#8608=EDGE_CURVE('',#525,#523,#8611,.T.);
#8609=LINE('',#522,#8612);
#8610=LINE('',#520,#8613);
#8611=LINE('',#524,#8614);
#8612=VECTOR('',#8615,1.0);
#8613=VECTOR('',#8616,1.0);
#8614=VECTOR('',#8617,1.0);
#8615=DIRECTION('',(0,-0.354427039945077,-0.9350836718474826));
#8616=DIRECTION('',(0,1,0));
#8617=DIRECTION('',(0,0,1));
#8618=FACE_SURFACE('',(#8623),#8619,.T.);
#8619=PLANE('',#8620);
#8620=AXIS2_PLACEMENT_3D('',#526,#8621,#8622);
#8621=DIRECTION('',(1,0,0));
#8622=DIRECTION('',(0,1,0));
#8623=FACE_BOUND('',#8624,.T.);
#8624=EDGE_LOOP('',(#8625,#8626,#8627));
#8625=ORIENTED_EDGE('',*,*,#8628,.T.);
#8626=ORIENTED_EDGE('',*,*,#8629,.T.);
#8627=ORIENTED_EDGE('',*,*,#8630,.T.);
#8628=EDGE_CURVE('',#527,#529,#8631,.F.);
#8629=EDGE_CURVE('',#529,#517,#8632,.T.);
#8630=EDGE_CURVE('',#517,#527,#8633,.T.);
#8631=LINE('',#526,#8634);
#8632=LINE('',#528,#8635);
#8633=LINE('',#516,#8636);
#8634=VECTOR('',#8637,1.0);
#8635=VECTOR('',#8638,1.0);
#8636=VECTOR('',#8639,1.0);
#8637=DIRECTION('',(0,1,0));
#8638=DIRECTION('',(0,-0.9950124682599957,0.09975062910654271));
#8639=DIRECTION('',(0,0,-1));
#8640=FACE_SURFACE('',(#8645),#8641,.T.);
#8641=PLANE('',#8642);
#8642=AXIS2_PLACEMENT_3D('',#516,#8643,#8644);
#8643=DIRECTION('',(1,-0,0));
#8644=DIRECTION('',(0,0.9950124682599957,-0.09975062910654271));
#8645=FACE_BOUND('',#8646,.T.);
#8646=EDGE_LOOP('',(#8647,#8648,#8649));
#8647=ORIENTED_EDGE('',*,*,#8650,.T.);
#8648=ORIENTED_EDGE('',*,*,#8651,.T.);
#8649=ORIENTED_EDGE('',*,*,#8652,.T.);
#8650=EDGE_CURVE('',#517,#529,#8653,.F.);
#8651=EDGE_CURVE('',#529,#521,#8654,.T.);
#8652=EDGE_CURVE('',#521,#517,#8655,.T.);
#8653=LINE('',#516,#8656);
#8654=LINE('',#528,#8657);
#8655=LINE('',#520,#8658);
#8656=VECTOR('',#8659,1.0);
#8657=VECTOR('',#8660,1.0);
#8658=VECTOR('',#8661,1.0);
#8659=DIRECTION('',(0,0.9950124682599957,-0.09975062910654271));
#8660=DIRECTION('',(0,0,1));
#8661=DIRECTION('',(0,-1,0));
#8662=FACE_SURFACE('',(#8667),#8663,.T.);
#8663=PLANE('',#8664);
#8664=AXIS2_PLACEMENT_3D('',#44,#8665,#8666);
#8665=DIRECTION('',(0,-1,-0));
#8666=DIRECTION('',(-0.8911630901572367,0,-0.45368309064963486));
#8667=FACE_BOUND('',#8668,.T.);
#8668=EDGE_LOOP('',(#8669,#8670,#8671));
#8669=ORIENTED_EDGE('',*,*,#8672,.T.);
#8670=ORIENTED_EDGE('',*,*,#8673,.T.);
#8671=ORIENTED_EDGE('',*,*,#8674,.T.);
#8672=EDGE_CURVE('',#45,#531,#8675,.F.);
#8673=EDGE_CURVE('',#531,#49,#8676,.T.);
#8674=EDGE_CURVE('',#49,#45,#8677,.T.);
#8675=LINE('',#44,#8678);
#8676=LINE('',#530,#8679);
#8677=LINE('',#48,#8680);
#8678=VECTOR('',#8681,1.0);
#8679=VECTOR('',#8682,1.0);
#8680=VECTOR('',#8683,1.0);
#8681=DIRECTION('',(-0.8911630901572367,0,-0.45368309064963486));
#8682=DIRECTION('',(0.9895864364404219,0,0.14393986526722538));
#8683=DIRECTION('',(0,0,1));
#8684=FACE_SURFACE('',(#8689),#8685,.T.);
#8685=PLANE('',#8686);
#8686=AXIS2_PLACEMENT_3D('',#48,#8687,#8688);
#8687=DIRECTION('',(0,-1,0));
#8688=DIRECTION('',(-0.9895864364404219,0,-0.14393986526722538));
#8689=FACE_BOUND('',#8690,.T.);
#8690=EDGE_LOOP('',(#8691,#8692,#8693));
#8691=ORIENTED_EDGE('',*,*,#8694,.T.);
#8692=ORIENTED_EDGE('',*,*,#8695,.T.);
#8693=ORIENTED_EDGE('',*,*,#8696,.T.);
#8694=EDGE_CURVE('',#49,#531,#8697,.F.);
#8695=EDGE_CURVE('',#531,#533,#8698,.T.);
#8696=EDGE_CURVE('',#533,#49,#8699,.T.);
#8697=LINE('',#48,#8700);
#8698=LINE('',#530,#8701);
#8699=LINE('',#532,#8702);
#8700=VECTOR('',#8703,1.0);
#8701=VECTOR('',#8704,1.0);
#8702=VECTOR('',#8705,1.0);
#8703=DIRECTION('',(-0.9895864364404219,0,-0.14393986526722538));
#8704=DIRECTION('',(0,0,-1));
#8705=DIRECTION('',(0.9165393580330519,0,0.39994450262050263));
#8706=FACE_SURFACE('',(#8711),#8707,.T.);
#8707=PLANE('',#8708);
#8708=AXIS2_PLACEMENT_3D('',#48,#8709,#8710);
#8709=DIRECTION('',(0,-1,-0));
#8710=DIRECTION('',(-0.9165393580330519,0,-0.39994450262050263));
#8711=FACE_BOUND('',#8712,.T.);
#8712=EDGE_LOOP('',(#8713,#8714,#8715));
#8713=ORIENTED_EDGE('',*,*,#8716,.T.);
#8714=ORIENTED_EDGE('',*,*,#8717,.T.);
#8715=ORIENTED_EDGE('',*,*,#8718,.T.);
#8716=EDGE_CURVE('',#49,#533,#8719,.F.);
#8717=EDGE_CURVE('',#533,#535,#8720,.T.);
#8718=EDGE_CURVE('',#535,#49,#8721,.T.);
#8719=LINE('',#48,#8722);
#8720=LINE('',#532,#8723);
#8721=LINE('',#534,#8724);
#8722=VECTOR('',#8725,1.0);
#8723=VECTOR('',#8726,1.0);
#8724=VECTOR('',#8727,1.0);
#8725=DIRECTION('',(-0.9165393580330519,0,-0.39994450262050263));
#8726=DIRECTION('',(1,0,0));
#8727=DIRECTION('',(-0.9524241471993242,0,0.30477572710378376));
#8728=FACE_SURFACE('',(#8733),#8729,.T.);
#8729=PLANE('',#8730);
#8730=AXIS2_PLACEMENT_3D('',#38,#8731,#8732);
#8731=DIRECTION('',(0,-1,0));
#8732=DIRECTION('',(-0.9117558028855034,0,0.41073270615402785));
#8733=FACE_BOUND('',#8734,.T.);
#8734=EDGE_LOOP('',(#8735,#8736,#8737));
#8735=ORIENTED_EDGE('',*,*,#8738,.T.);
#8736=ORIENTED_EDGE('',*,*,#8739,.T.);
#8737=ORIENTED_EDGE('',*,*,#8740,.T.);
#8738=EDGE_CURVE('',#39,#523,#8741,.F.);
#8739=EDGE_CURVE('',#523,#45,#8742,.T.);
#8740=EDGE_CURVE('',#45,#39,#8743,.T.);
#8741=LINE('',#38,#8744);
#8742=LINE('',#522,#8745);
#8743=LINE('',#44,#8746);
#8744=VECTOR('',#8747,1.0);
#8745=VECTOR('',#8748,1.0);
#8746=VECTOR('',#8749,1.0);
#8747=DIRECTION('',(-0.9117558028855034,0,0.41073270615402785));
#8748=DIRECTION('',(0.8728644421100784,0,-0.4879627708133702));
#8749=DIRECTION('',(1,0,0));
#8750=FACE_SURFACE('',(#8755),#8751,.T.);
#8751=PLANE('',#8752);
#8752=AXIS2_PLACEMENT_3D('',#44,#8753,#8754);
#8753=DIRECTION('',(-0,-1,0));
#8754=DIRECTION('',(-0.8728644421100784,0,0.4879627708133702));
#8755=FACE_BOUND('',#8756,.T.);
#8756=EDGE_LOOP('',(#8757,#8758,#8759));
#8757=ORIENTED_EDGE('',*,*,#8760,.T.);
#8758=ORIENTED_EDGE('',*,*,#8761,.T.);
#8759=ORIENTED_EDGE('',*,*,#8762,.T.);
#8760=EDGE_CURVE('',#45,#523,#8763,.F.);
#8761=EDGE_CURVE('',#523,#525,#8764,.T.);
#8762=EDGE_CURVE('',#525,#45,#8765,.T.);
#8763=LINE('',#44,#8766);
#8764=LINE('',#522,#8767);
#8765=LINE('',#524,#8768);
#8766=VECTOR('',#8769,1.0);
#8767=VECTOR('',#8770,1.0);
#8768=VECTOR('',#8771,1.0);
#8769=DIRECTION('',(-0.8728644421100784,0,0.4879627708133702));
#8770=DIRECTION('',(0,0,-1));
#8771=DIRECTION('',(0.9475355025779321,0,0.3196505456813513));
#8772=FACE_SURFACE('',(#8777),#8773,.T.);
#8773=PLANE('',#8774);
#8774=AXIS2_PLACEMENT_3D('',#44,#8775,#8776);
#8775=DIRECTION('',(0,-1,0));
#8776=DIRECTION('',(-0.9475355025779321,0,-0.3196505456813513));
#8777=FACE_BOUND('',#8778,.T.);
#8778=EDGE_LOOP('',(#8779,#8780,#8781));
#8779=ORIENTED_EDGE('',*,*,#8782,.T.);
#8780=ORIENTED_EDGE('',*,*,#8783,.T.);
#8781=ORIENTED_EDGE('',*,*,#8784,.T.);
#8782=EDGE_CURVE('',#45,#525,#8785,.F.);
#8783=EDGE_CURVE('',#525,#531,#8786,.T.);
#8784=EDGE_CURVE('',#531,#45,#8787,.T.);
#8785=LINE('',#44,#8788);
#8786=LINE('',#524,#8789);
#8787=LINE('',#530,#8790);
#8788=VECTOR('',#8791,1.0);
#8789=VECTOR('',#8792,1.0);
#8790=VECTOR('',#8793,1.0);
#8791=DIRECTION('',(-0.9475355025779321,0,-0.3196505456813513));
#8792=DIRECTION('',(1,0,0));
#8793=DIRECTION('',(0.8911630901572367,0,0.45368309064963486));
#8794=FACE_SURFACE('',(#8799),#8795,.T.);
#8795=PLANE('',#8796);
#8796=AXIS2_PLACEMENT_3D('',#40,#8797,#8798);
#8797=DIRECTION('',(0,-1,0));
#8798=DIRECTION('',(0.9895864392845114,0,-0.14393984571411075));
#8799=FACE_BOUND('',#8800,.T.);
#8800=EDGE_LOOP('',(#8801,#8802,#8803));
#8801=ORIENTED_EDGE('',*,*,#8804,.T.);
#8802=ORIENTED_EDGE('',*,*,#8805,.T.);
#8803=ORIENTED_EDGE('',*,*,#8806,.T.);
#8804=EDGE_CURVE('',#41,#537,#8807,.F.);
#8805=EDGE_CURVE('',#537,#39,#8808,.T.);
#8806=EDGE_CURVE('',#39,#41,#8809,.T.);
#8807=LINE('',#40,#8810);
#8808=LINE('',#536,#8811);
#8809=LINE('',#38,#8812);
#8810=VECTOR('',#8813,1.0);
#8811=VECTOR('',#8814,1.0);
#8812=VECTOR('',#8815,1.0);
#8813=DIRECTION('',(0.9895864392845114,0,-0.14393984571411075));
#8814=DIRECTION('',(-0.8911631156014923,0,0.4536830406698506));
#8815=DIRECTION('',(0,0,-1));
#8816=FACE_SURFACE('',(#8821),#8817,.T.);
#8817=PLANE('',#8818);
#8818=AXIS2_PLACEMENT_3D('',#38,#8819,#8820);
#8819=DIRECTION('',(0,-1,0));
#8820=DIRECTION('',(0.8911631156014923,0,-0.4536830406698506));
#8821=FACE_BOUND('',#8822,.T.);
#8822=EDGE_LOOP('',(#8823,#8824,#8825));
#8823=ORIENTED_EDGE('',*,*,#8826,.T.);
#8824=ORIENTED_EDGE('',*,*,#8827,.T.);
#8825=ORIENTED_EDGE('',*,*,#8828,.T.);
#8826=EDGE_CURVE('',#39,#537,#8829,.F.);
#8827=EDGE_CURVE('',#537,#539,#8830,.T.);
#8828=EDGE_CURVE('',#539,#39,#8831,.T.);
#8829=LINE('',#38,#8832);
#8830=LINE('',#536,#8833);
#8831=LINE('',#538,#8834);
#8832=VECTOR('',#8835,1.0);
#8833=VECTOR('',#8836,1.0);
#8834=VECTOR('',#8837,1.0);
#8835=DIRECTION('',(0.8911631156014923,0,-0.4536830406698506));
#8836=DIRECTION('',(1,0,0));
#8837=DIRECTION('',(-0.9475355070276079,0,0.3196505324912412));
#8838=FACE_SURFACE('',(#8843),#8839,.T.);
#8839=PLANE('',#8840);
#8840=AXIS2_PLACEMENT_3D('',#38,#8841,#8842);
#8841=DIRECTION('',(0,-1,0));
#8842=DIRECTION('',(0.9475355070276079,0,-0.3196505324912412));
#8843=FACE_BOUND('',#8844,.T.);
#8844=EDGE_LOOP('',(#8845,#8846,#8847));
#8845=ORIENTED_EDGE('',*,*,#8848,.T.);
#8846=ORIENTED_EDGE('',*,*,#8849,.T.);
#8847=ORIENTED_EDGE('',*,*,#8850,.T.);
#8848=EDGE_CURVE('',#39,#539,#8851,.F.);
#8849=EDGE_CURVE('',#539,#541,#8852,.T.);
#8850=EDGE_CURVE('',#541,#39,#8853,.T.);
#8851=LINE('',#38,#8854);
#8852=LINE('',#538,#8855);
#8853=LINE('',#540,#8856);
#8854=VECTOR('',#8857,1.0);
#8855=VECTOR('',#8858,1.0);
#8856=VECTOR('',#8859,1.0);
#8857=DIRECTION('',(0.9475355070276079,0,-0.3196505324912412));
#8858=DIRECTION('',(0,0,1));
#8859=DIRECTION('',(-0.872864451662251,0,-0.4879627537265092));
#8860=FACE_SURFACE('',(#8865),#8861,.T.);
#8861=PLANE('',#8862);
#8862=AXIS2_PLACEMENT_3D('',#536,#8863,#8864);
#8863=DIRECTION('',(-0,-1,-0));
#8864=DIRECTION('',(-0.9895864392845114,0,0.14393984571411075));
#8865=FACE_BOUND('',#8866,.T.);
#8866=EDGE_LOOP('',(#8867,#8868,#8869));
#8867=ORIENTED_EDGE('',*,*,#8870,.T.);
#8868=ORIENTED_EDGE('',*,*,#8871,.T.);
#8869=ORIENTED_EDGE('',*,*,#8872,.T.);
#8870=EDGE_CURVE('',#537,#41,#8873,.F.);
#8871=EDGE_CURVE('',#41,#535,#8874,.T.);
#8872=EDGE_CURVE('',#535,#537,#8875,.T.);
#8873=LINE('',#536,#8876);
#8874=LINE('',#40,#8877);
#8875=LINE('',#534,#8878);
#8876=VECTOR('',#8879,1.0);
#8877=VECTOR('',#8880,1.0);
#8878=VECTOR('',#8881,1.0);
#8879=DIRECTION('',(-0.9895864392845114,0,0.14393984571411075));
#8880=DIRECTION('',(0.9165393783696333,0,-0.39994445601584));
#8881=DIRECTION('',(0,0,1));
#8882=FACE_SURFACE('',(#8887),#8883,.T.);
#8883=PLANE('',#8884);
#8884=AXIS2_PLACEMENT_3D('',#534,#8885,#8886);
#8885=DIRECTION('',(0,-1,0));
#8886=DIRECTION('',(-0.9165393783696333,0,0.39994445601584));
#8887=FACE_BOUND('',#8888,.T.);
#8888=EDGE_LOOP('',(#8889,#8890,#8891));
#8889=ORIENTED_EDGE('',*,*,#8892,.T.);
#8890=ORIENTED_EDGE('',*,*,#8893,.T.);
#8891=ORIENTED_EDGE('',*,*,#8894,.T.);
#8892=EDGE_CURVE('',#535,#41,#8895,.F.);
#8893=EDGE_CURVE('',#41,#49,#8896,.T.);
#8894=EDGE_CURVE('',#49,#535,#8897,.T.);
#8895=LINE('',#534,#8898);
#8896=LINE('',#40,#8899);
#8897=LINE('',#48,#8900);
#8898=VECTOR('',#8901,1.0);
#8899=VECTOR('',#8902,1.0);
#8900=VECTOR('',#8903,1.0);
#8901=DIRECTION('',(-0.9165393783696333,0,0.39994445601584));
#8902=DIRECTION('',(-1,0,0));
#8903=DIRECTION('',(0.9524241471993242,0,-0.30477572710378376));
#8904=FACE_SURFACE('',(#8909),#8905,.T.);
#8905=PLANE('',#8906);
#8906=AXIS2_PLACEMENT_3D('',#540,#8907,#8908);
#8907=DIRECTION('',(-0,-1,0));
#8908=DIRECTION('',(-1,0,0));
#8909=FACE_BOUND('',#8910,.T.);
#8910=EDGE_LOOP('',(#8911,#8912,#8913));
#8911=ORIENTED_EDGE('',*,*,#8914,.T.);
#8912=ORIENTED_EDGE('',*,*,#8915,.T.);
#8913=ORIENTED_EDGE('',*,*,#8916,.T.);
#8914=EDGE_CURVE('',#541,#523,#8917,.F.);
#8915=EDGE_CURVE('',#523,#39,#8918,.T.);
#8916=EDGE_CURVE('',#39,#541,#8919,.T.);
#8917=LINE('',#540,#8920);
#8918=LINE('',#522,#8921);
#8919=LINE('',#38,#8922);
#8920=VECTOR('',#8923,1.0);
#8921=VECTOR('',#8924,1.0);
#8922=VECTOR('',#8925,1.0);
#8923=DIRECTION('',(-1,0,0));
#8924=DIRECTION('',(0.9117558028855034,0,-0.41073270615402785));
#8925=DIRECTION('',(0.872864451662251,0,0.4879627537265092));
#8926=FACE_SURFACE('',(#8931),#8927,.T.);
#8927=PLANE('',#8928);
#8928=AXIS2_PLACEMENT_3D('',#514,#8929,#8930);
#8929=DIRECTION('',(0,1,0));
#8930=DIRECTION('',(0,0,1));
#8931=FACE_BOUND('',#8932,.T.);
#8932=EDGE_LOOP('',(#8933,#8934,#8935));
#8933=ORIENTED_EDGE('',*,*,#8936,.T.);
#8934=ORIENTED_EDGE('',*,*,#8937,.T.);
#8935=ORIENTED_EDGE('',*,*,#8938,.T.);
#8936=EDGE_CURVE('',#515,#519,#8939,.F.);
#8937=EDGE_CURVE('',#519,#543,#8940,.T.);
#8938=EDGE_CURVE('',#543,#515,#8941,.T.);
#8939=LINE('',#514,#8942);
#8940=LINE('',#518,#8943);
#8941=LINE('',#542,#8944);
#8942=VECTOR('',#8945,1.0);
#8943=VECTOR('',#8946,1.0);
#8944=VECTOR('',#8947,1.0);
#8945=DIRECTION('',(0,0,1));
#8946=DIRECTION('',(0.3522261100059953,0,-0.9359149360011542));
#8947=DIRECTION('',(-1,0,0));
#8948=FACE_SURFACE('',(#8953),#8949,.T.);
#8949=PLANE('',#8950);
#8950=AXIS2_PLACEMENT_3D('',#542,#8951,#8952);
#8951=DIRECTION('',(0,1,-0));
#8952=DIRECTION('',(-0.3522261100059953,0,0.9359149360011542));
#8953=FACE_BOUND('',#8954,.T.);
#8954=EDGE_LOOP('',(#8955,#8956,#8957));
#8955=ORIENTED_EDGE('',*,*,#8958,.T.);
#8956=ORIENTED_EDGE('',*,*,#8959,.T.);
#8957=ORIENTED_EDGE('',*,*,#8960,.T.);
#8958=EDGE_CURVE('',#543,#519,#8961,.F.);
#8959=EDGE_CURVE('',#519,#545,#8962,.T.);
#8960=EDGE_CURVE('',#545,#543,#8963,.T.);
#8961=LINE('',#542,#8964);
#8962=LINE('',#518,#8965);
#8963=LINE('',#544,#8966);
#8964=VECTOR('',#8967,1.0);
#8965=VECTOR('',#8968,1.0);
#8966=VECTOR('',#8969,1.0);
#8967=DIRECTION('',(-0.3522261100059953,0,0.9359149360011542));
#8968=DIRECTION('',(1,0,0));
#8969=DIRECTION('',(-0.9047148574787082,0,-0.426017636556611));
#8970=FACE_SURFACE('',(#8975),#8971,.T.);
#8971=PLANE('',#8972);
#8972=AXIS2_PLACEMENT_3D('',#542,#8973,#8974);
#8973=DIRECTION('',(0,1,0));
#8974=DIRECTION('',(0.9047148574787082,0,0.426017636556611));
#8975=FACE_BOUND('',#8976,.T.);
#8976=EDGE_LOOP('',(#8977,#8978,#8979));
#8977=ORIENTED_EDGE('',*,*,#8980,.T.);
#8978=ORIENTED_EDGE('',*,*,#8981,.T.);
#8979=ORIENTED_EDGE('',*,*,#8982,.T.);
#8980=EDGE_CURVE('',#543,#545,#8983,.F.);
#8981=EDGE_CURVE('',#545,#547,#8984,.T.);
#8982=EDGE_CURVE('',#547,#543,#8985,.T.);
#8983=LINE('',#542,#8986);
#8984=LINE('',#544,#8987);
#8985=LINE('',#546,#8988);
#8986=VECTOR('',#8989,1.0);
#8987=VECTOR('',#8990,1.0);
#8988=VECTOR('',#8991,1.0);
#8989=DIRECTION('',(0.9047148574787082,0,0.426017636556611));
#8990=DIRECTION('',(-0.35222606797242295,0,-0.9359149518202421));
#8991=DIRECTION('',(-1,0,0));
#8992=FACE_SURFACE('',(#8997),#8993,.T.);
#8993=PLANE('',#8994);
#8994=AXIS2_PLACEMENT_3D('',#546,#8995,#8996);
#8995=DIRECTION('',(0,1,0));
#8996=DIRECTION('',(0.35222606797242295,0,0.9359149518202421));
#8997=FACE_BOUND('',#8998,.T.);
#8998=EDGE_LOOP('',(#8999,#9000,#9001));
#8999=ORIENTED_EDGE('',*,*,#9002,.T.);
#9000=ORIENTED_EDGE('',*,*,#9003,.T.);
#9001=ORIENTED_EDGE('',*,*,#9004,.T.);
#9002=EDGE_CURVE('',#547,#545,#9005,.F.);
#9003=EDGE_CURVE('',#545,#549,#9006,.T.);
#9004=EDGE_CURVE('',#549,#547,#9007,.T.);
#9005=LINE('',#546,#9008);
#9006=LINE('',#544,#9009);
#9007=LINE('',#548,#9010);
#9008=VECTOR('',#9011,1.0);
#9009=VECTOR('',#9012,1.0);
#9010=VECTOR('',#9013,1.0);
#9011=DIRECTION('',(0.35222606797242295,0,0.9359149518202421));
#9012=DIRECTION('',(0,0,-1));
#9013=DIRECTION('',(-1,0,0));
#9014=FACE_SURFACE('',(#9019),#9015,.T.);
#9015=PLANE('',#9016);
#9016=AXIS2_PLACEMENT_3D('',#550,#9017,#9018);
#9017=DIRECTION('',(0,1,-0));
#9018=DIRECTION('',(-1,0,0));
#9019=FACE_BOUND('',#9020,.T.);
#9020=EDGE_LOOP('',(#9021,#9022,#9023));
#9021=ORIENTED_EDGE('',*,*,#9024,.T.);
#9022=ORIENTED_EDGE('',*,*,#9025,.T.);
#9023=ORIENTED_EDGE('',*,*,#9026,.T.);
#9024=EDGE_CURVE('',#551,#553,#9027,.F.);
#9025=EDGE_CURVE('',#553,#547,#9028,.T.);
#9026=EDGE_CURVE('',#547,#551,#9029,.T.);
#9027=LINE('',#550,#9030);
#9028=LINE('',#552,#9031);
#9029=LINE('',#546,#9032);
#9030=VECTOR('',#9033,1.0);
#9031=VECTOR('',#9034,1.0);
#9032=VECTOR('',#9035,1.0);
#9033=DIRECTION('',(-1,0,0));
#9034=DIRECTION('',(0.9925110100444587,0,0.12215520840524322));
#9035=DIRECTION('',(0,0,-1));
#9036=FACE_SURFACE('',(#9041),#9037,.T.);
#9037=PLANE('',#9038);
#9038=AXIS2_PLACEMENT_3D('',#546,#9039,#9040);
#9039=DIRECTION('',(0,1,0));
#9040=DIRECTION('',(-0.9925110100444587,0,-0.12215520840524322));
#9041=FACE_BOUND('',#9042,.T.);
#9042=EDGE_LOOP('',(#9043,#9044,#9045));
#9043=ORIENTED_EDGE('',*,*,#9046,.T.);
#9044=ORIENTED_EDGE('',*,*,#9047,.T.);
#9045=ORIENTED_EDGE('',*,*,#9048,.T.);
#9046=EDGE_CURVE('',#547,#553,#9049,.F.);
#9047=EDGE_CURVE('',#553,#543,#9050,.T.);
#9048=EDGE_CURVE('',#543,#547,#9051,.T.);
#9049=LINE('',#546,#9052);
#9050=LINE('',#552,#9053);
#9051=LINE('',#542,#9054);
#9052=VECTOR('',#9055,1.0);
#9053=VECTOR('',#9056,1.0);
#9054=VECTOR('',#9057,1.0);
#9055=DIRECTION('',(-0.9925110100444587,0,-0.12215520840524322));
#9056=DIRECTION('',(0,0,1));
#9057=DIRECTION('',(1,0,0));
#9058=FACE_SURFACE('',(#9063),#9059,.T.);
#9059=PLANE('',#9060);
#9060=AXIS2_PLACEMENT_3D('',#548,#9061,#9062);
#9061=DIRECTION('',(-1,0,0));
#9062=DIRECTION('',(0,0,1));
#9063=FACE_BOUND('',#9064,.T.);
#9064=EDGE_LOOP('',(#9065,#9066,#9067));
#9065=ORIENTED_EDGE('',*,*,#9068,.T.);
#9066=ORIENTED_EDGE('',*,*,#9069,.T.);
#9067=ORIENTED_EDGE('',*,*,#9070,.T.);
#9068=EDGE_CURVE('',#549,#545,#9071,.F.);
#9069=EDGE_CURVE('',#545,#555,#9072,.T.);
#9070=EDGE_CURVE('',#555,#549,#9073,.T.);
#9071=LINE('',#548,#9074);
#9072=LINE('',#544,#9075);
#9073=LINE('',#554,#9076);
#9074=VECTOR('',#9077,1.0);
#9075=VECTOR('',#9078,1.0);
#9076=VECTOR('',#9079,1.0);
#9077=DIRECTION('',(0,0,1));
#9078=DIRECTION('',(0,0.3544268722583794,-0.9350837354061627));
#9079=DIRECTION('',(0,-1,0));
#9080=FACE_SURFACE('',(#9085),#9081,.T.);
#9081=PLANE('',#9082);
#9082=AXIS2_PLACEMENT_3D('',#554,#9083,#9084);
#9083=DIRECTION('',(-1,0,0));
#9084=DIRECTION('',(0,-0.3544268722583794,0.9350837354061627));
#9085=FACE_BOUND('',#9086,.T.);
#9086=EDGE_LOOP('',(#9087,#9088,#9089));
#9087=ORIENTED_EDGE('',*,*,#9090,.T.);
#9088=ORIENTED_EDGE('',*,*,#9091,.T.);
#9089=ORIENTED_EDGE('',*,*,#9092,.T.);
#9090=EDGE_CURVE('',#555,#545,#9093,.F.);
#9091=EDGE_CURVE('',#545,#541,#9094,.T.);
#9092=EDGE_CURVE('',#541,#555,#9095,.T.);
#9093=LINE('',#554,#9096);
#9094=LINE('',#544,#9097);
#9095=LINE('',#540,#9098);
#9096=VECTOR('',#9099,1.0);
#9097=VECTOR('',#9100,1.0);
#9098=VECTOR('',#9101,1.0);
#9099=DIRECTION('',(0,-0.3544268722583794,0.9350837354061627));
#9100=DIRECTION('',(0,1,0));
#9101=DIRECTION('',(0,-0.9297006977744073,-0.368315914070761));
#9102=FACE_SURFACE('',(#9107),#9103,.T.);
#9103=PLANE('',#9104);
#9104=AXIS2_PLACEMENT_3D('',#554,#9105,#9106);
#9105=DIRECTION('',(-1,0,0));
#9106=DIRECTION('',(0,0.9297006977744073,0.368315914070761));
#9107=FACE_BOUND('',#9108,.T.);
#9108=EDGE_LOOP('',(#9109,#9110,#9111));
#9109=ORIENTED_EDGE('',*,*,#9112,.T.);
#9110=ORIENTED_EDGE('',*,*,#9113,.T.);
#9111=ORIENTED_EDGE('',*,*,#9114,.T.);
#9112=EDGE_CURVE('',#555,#541,#9115,.F.);
#9113=EDGE_CURVE('',#541,#557,#9116,.T.);
#9114=EDGE_CURVE('',#557,#555,#9117,.T.);
#9115=LINE('',#554,#9118);
#9116=LINE('',#540,#9119);
#9117=LINE('',#556,#9120);
#9118=VECTOR('',#9121,1.0);
#9119=VECTOR('',#9122,1.0);
#9120=VECTOR('',#9123,1.0);
#9121=DIRECTION('',(0,0.9297006977744073,0.368315914070761));
#9122=DIRECTION('',(0,-0.354427039945077,-0.9350836718474826));
#9123=DIRECTION('',(0,-1,0));
#9124=FACE_SURFACE('',(#9129),#9125,.T.);
#9125=PLANE('',#9126);
#9126=AXIS2_PLACEMENT_3D('',#556,#9127,#9128);
#9127=DIRECTION('',(-1,0,0));
#9128=DIRECTION('',(0,0.354427039945077,0.9350836718474826));
#9129=FACE_BOUND('',#9130,.T.);
#9130=EDGE_LOOP('',(#9131,#9132,#9133));
#9131=ORIENTED_EDGE('',*,*,#9134,.T.);
#9132=ORIENTED_EDGE('',*,*,#9135,.T.);
#9133=ORIENTED_EDGE('',*,*,#9136,.T.);
#9134=EDGE_CURVE('',#557,#541,#9137,.F.);
#9135=EDGE_CURVE('',#541,#539,#9138,.T.);
#9136=EDGE_CURVE('',#539,#557,#9139,.T.);
#9137=LINE('',#556,#9140);
#9138=LINE('',#540,#9141);
#9139=LINE('',#538,#9142);
#9140=VECTOR('',#9143,1.0);
#9141=VECTOR('',#9144,1.0);
#9142=VECTOR('',#9145,1.0);
#9143=DIRECTION('',(0,0.354427039945077,0.9350836718474826));
#9144=DIRECTION('',(0,0,-1));
#9145=DIRECTION('',(0,-1,0));
#9146=FACE_SURFACE('',(#9151),#9147,.T.);
#9147=PLANE('',#9148);
#9148=AXIS2_PLACEMENT_3D('',#558,#9149,#9150);
#9149=DIRECTION('',(-1,0,0));
#9150=DIRECTION('',(0,-1,0));
#9151=FACE_BOUND('',#9152,.T.);
#9152=EDGE_LOOP('',(#9153,#9154,#9155));
#9153=ORIENTED_EDGE('',*,*,#9156,.T.);
#9154=ORIENTED_EDGE('',*,*,#9157,.T.);
#9155=ORIENTED_EDGE('',*,*,#9158,.T.);
#9156=EDGE_CURVE('',#559,#561,#9159,.F.);
#9157=EDGE_CURVE('',#561,#557,#9160,.T.);
#9158=EDGE_CURVE('',#557,#559,#9161,.T.);
#9159=LINE('',#558,#9162);
#9160=LINE('',#560,#9163);
#9161=LINE('',#556,#9164);
#9162=VECTOR('',#9165,1.0);
#9163=VECTOR('',#9166,1.0);
#9164=VECTOR('',#9167,1.0);
#9165=DIRECTION('',(0,-1,0));
#9166=DIRECTION('',(0,0.9950124682599957,0.09975062910654271));
#9167=DIRECTION('',(0,0,-1));
#9168=FACE_SURFACE('',(#9173),#9169,.T.);
#9169=PLANE('',#9170);
#9170=AXIS2_PLACEMENT_3D('',#556,#9171,#9172);
#9171=DIRECTION('',(-1,-0,0));
#9172=DIRECTION('',(0,-0.9950124682599957,-0.09975062910654271));
#9173=FACE_BOUND('',#9174,.T.);
#9174=EDGE_LOOP('',(#9175,#9176,#9177));
#9175=ORIENTED_EDGE('',*,*,#9178,.T.);
#9176=ORIENTED_EDGE('',*,*,#9179,.T.);
#9177=ORIENTED_EDGE('',*,*,#9180,.T.);
#9178=EDGE_CURVE('',#557,#561,#9181,.F.);
#9179=EDGE_CURVE('',#561,#555,#9182,.T.);
#9180=EDGE_CURVE('',#555,#557,#9183,.T.);
#9181=LINE('',#556,#9184);
#9182=LINE('',#560,#9185);
#9183=LINE('',#554,#9186);
#9184=VECTOR('',#9187,1.0);
#9185=VECTOR('',#9188,1.0);
#9186=VECTOR('',#9189,1.0);
#9187=DIRECTION('',(0,-0.9950124682599957,-0.09975062910654271));
#9188=DIRECTION('',(0,0,1));
#9189=DIRECTION('',(0,1,0));
#9190=FACE_SURFACE('',(#9195),#9191,.T.);
#9191=PLANE('',#9192);
#9192=AXIS2_PLACEMENT_3D('',#64,#9193,#9194);
#9193=DIRECTION('',(0,0,1));
#9194=DIRECTION('',(-0.7071067811865476,0.7071067811865476,0));
#9195=FACE_BOUND('',#9196,.T.);
#9196=EDGE_LOOP('',(#9197,#9198,#9199));
#9197=ORIENTED_EDGE('',*,*,#9200,.T.);
#9198=ORIENTED_EDGE('',*,*,#9201,.T.);
#9199=ORIENTED_EDGE('',*,*,#9202,.T.);
#9200=EDGE_CURVE('',#65,#409,#9203,.F.);
#9201=EDGE_CURVE('',#409,#57,#9204,.T.);
#9202=EDGE_CURVE('',#57,#65,#9205,.T.);
#9203=LINE('',#64,#9206);
#9204=LINE('',#408,#9207);
#9205=LINE('',#56,#9208);
#9206=VECTOR('',#9209,1.0);
#9207=VECTOR('',#9210,1.0);
#9208=VECTOR('',#9211,1.0);
#9209=DIRECTION('',(-0.7071067811865476,0.7071067811865476,0));
#9210=DIRECTION('',(-0.2772152054511822,-0.9608078527294928,0));
#9211=DIRECTION('',(1,0,0));
#9212=FACE_SURFACE('',(#9217),#9213,.T.);
#9213=PLANE('',#9214);
#9214=AXIS2_PLACEMENT_3D('',#56,#9215,#9216);
#9215=DIRECTION('',(0,0,1));
#9216=DIRECTION('',(0.2772152054511822,0.9608078527294928,0));
#9217=FACE_BOUND('',#9218,.T.);
#9218=EDGE_LOOP('',(#9219,#9220,#9221));
#9219=ORIENTED_EDGE('',*,*,#9222,.T.);
#9220=ORIENTED_EDGE('',*,*,#9223,.T.);
#9221=ORIENTED_EDGE('',*,*,#9224,.T.);
#9222=EDGE_CURVE('',#57,#409,#9225,.F.);
#9223=EDGE_CURVE('',#409,#405,#9226,.T.);
#9224=EDGE_CURVE('',#405,#57,#9227,.T.);
#9225=LINE('',#56,#9228);
#9226=LINE('',#408,#9229);
#9227=LINE('',#404,#9230);
#9228=VECTOR('',#9231,1.0);
#9229=VECTOR('',#9232,1.0);
#9230=VECTOR('',#9233,1.0);
#9231=DIRECTION('',(0.2772152054511822,0.9608078527294928,0));
#9232=DIRECTION('',(-0.7933564905838493,-0.6087573234454586,0));
#9233=DIRECTION('',(-0.21314999242599514,-0.9770194884078813,0));
#9234=FACE_SURFACE('',(#9239),#9235,.T.);
#9235=PLANE('',#9236);
#9236=AXIS2_PLACEMENT_3D('',#56,#9237,#9238);
#9237=DIRECTION('',(0,0,1));
#9238=DIRECTION('',(0.21314999242599514,0.9770194884078813,0));
#9239=FACE_BOUND('',#9240,.T.);
#9240=EDGE_LOOP('',(#9241,#9242,#9243));
#9241=ORIENTED_EDGE('',*,*,#9244,.T.);
#9242=ORIENTED_EDGE('',*,*,#9245,.T.);
#9243=ORIENTED_EDGE('',*,*,#9246,.T.);
#9244=EDGE_CURVE('',#57,#405,#9247,.F.);
#9245=EDGE_CURVE('',#405,#401,#9248,.T.);
#9246=EDGE_CURVE('',#401,#57,#9249,.T.);
#9247=LINE('',#56,#9250);
#9248=LINE('',#404,#9251);
#9249=LINE('',#400,#9252);
#9250=VECTOR('',#9253,1.0);
#9251=VECTOR('',#9254,1.0);
#9252=VECTOR('',#9255,1.0);
#9253=DIRECTION('',(0.21314999242599514,0.9770194884078813,0));
#9254=DIRECTION('',(-0.9238736003210871,-0.38269775362517106,0));
#9255=DIRECTION('',(-0.11726261135117642,-0.9931009414853572,0));
#9256=FACE_SURFACE('',(#9261),#9257,.T.);
#9257=PLANE('',#9258);
#9258=AXIS2_PLACEMENT_3D('',#128,#9259,#9260);
#9259=DIRECTION('',(0,0,1));
#9260=DIRECTION('',(-0.5641903618897146,-0.8256447393102877,0));
#9261=FACE_BOUND('',#9262,.T.);
#9262=EDGE_LOOP('',(#9263,#9264,#9265));
#9263=ORIENTED_EDGE('',*,*,#9266,.T.);
#9264=ORIENTED_EDGE('',*,*,#9267,.T.);
#9265=ORIENTED_EDGE('',*,*,#9268,.T.);
#9266=EDGE_CURVE('',#129,#325,#9269,.F.);
#9267=EDGE_CURVE('',#325,#65,#9270,.T.);
#9268=EDGE_CURVE('',#65,#129,#9271,.T.);
#9269=LINE('',#128,#9272);
#9270=LINE('',#324,#9273);
#9271=LINE('',#64,#9274);
#9272=VECTOR('',#9275,1.0);
#9273=VECTOR('',#9276,1.0);
#9274=VECTOR('',#9277,1.0);
#9275=DIRECTION('',(-0.5641903618897146,-0.8256447393102877,0));
#9276=DIRECTION('',(0.5641903618897146,-0.8256447393102877,0));
#9277=DIRECTION('',(0,1,0));
#9278=FACE_SURFACE('',(#9283),#9279,.T.);
#9279=PLANE('',#9280);
#9280=AXIS2_PLACEMENT_3D('',#64,#9281,#9282);
#9281=DIRECTION('',(0,0,1));
#9282=DIRECTION('',(-0.5641903618897146,0.8256447393102877,0));
#9283=FACE_BOUND('',#9284,.T.);
#9284=EDGE_LOOP('',(#9285,#9286,#9287));
#9285=ORIENTED_EDGE('',*,*,#9288,.T.);
#9286=ORIENTED_EDGE('',*,*,#9289,.T.);
#9287=ORIENTED_EDGE('',*,*,#9290,.T.);
#9288=EDGE_CURVE('',#65,#325,#9291,.F.);
#9289=EDGE_CURVE('',#325,#417,#9292,.T.);
#9290=EDGE_CURVE('',#417,#65,#9293,.T.);
#9291=LINE('',#64,#9294);
#9292=LINE('',#324,#9295);
#9293=LINE('',#416,#9296);
#9294=VECTOR('',#9297,1.0);
#9295=VECTOR('',#9298,1.0);
#9296=VECTOR('',#9299,1.0);
#9297=DIRECTION('',(-0.5641903618897146,0.8256447393102877,0));
#9298=DIRECTION('',(-0.1305293161766429,-0.9914444500921159,0));
#9299=DIRECTION('',(0.6031059602451964,-0.7976610813601974,0));
#9300=FACE_SURFACE('',(#9305),#9301,.T.);
#9301=PLANE('',#9302);
#9302=AXIS2_PLACEMENT_3D('',#64,#9303,#9304);
#9303=DIRECTION('',(0,0,1));
#9304=DIRECTION('',(-0.6031059602451964,0.7976610813601974,0));
#9305=FACE_BOUND('',#9306,.T.);
#9306=EDGE_LOOP('',(#9307,#9308,#9309));
#9307=ORIENTED_EDGE('',*,*,#9310,.T.);
#9308=ORIENTED_EDGE('',*,*,#9311,.T.);
#9309=ORIENTED_EDGE('',*,*,#9312,.T.);
#9310=EDGE_CURVE('',#65,#417,#9313,.F.);
#9311=EDGE_CURVE('',#417,#413,#9314,.T.);
#9312=EDGE_CURVE('',#413,#65,#9315,.T.);
#9313=LINE('',#64,#9316);
#9314=LINE('',#416,#9317);
#9315=LINE('',#412,#9318);
#9316=VECTOR('',#9319,1.0);
#9317=VECTOR('',#9320,1.0);
#9318=VECTOR('',#9321,1.0);
#9319=DIRECTION('',(-0.6031059602451964,0.7976610813601974,0));
#9320=DIRECTION('',(-0.38269006292329494,-0.9238767860162763,0));
#9321=DIRECTION('',(0.6530344501969755,-0.7573282028657945,0));
#9322=FACE_SURFACE('',(#9327),#9323,.T.);
#9323=PLANE('',#9324);
#9324=AXIS2_PLACEMENT_3D('',#124,#9325,#9326);
#9325=DIRECTION('',(-0,0,1));
#9326=DIRECTION('',(0.8256442502629032,-0.5641910775684142,0));
#9327=FACE_BOUND('',#9328,.T.);
#9328=EDGE_LOOP('',(#9329,#9330,#9331));
#9329=ORIENTED_EDGE('',*,*,#9332,.T.);
#9330=ORIENTED_EDGE('',*,*,#9333,.T.);
#9331=ORIENTED_EDGE('',*,*,#9334,.T.);
#9332=EDGE_CURVE('',#125,#349,#9335,.F.);
#9333=EDGE_CURVE('',#349,#129,#9336,.T.);
#9334=EDGE_CURVE('',#129,#125,#9337,.T.);
#9335=LINE('',#124,#9338);
#9336=LINE('',#348,#9339);
#9337=LINE('',#128,#9340);
#9338=VECTOR('',#9341,1.0);
#9339=VECTOR('',#9342,1.0);
#9340=VECTOR('',#9343,1.0);
#9341=DIRECTION('',(0.8256442502629032,-0.5641910775684142,0));
#9342=DIRECTION('',(0.8256442502629032,0.5641910775684142,0));
#9343=DIRECTION('',(-1,0,0));
#9344=FACE_SURFACE('',(#9349),#9345,.T.);
#9345=PLANE('',#9346);
#9346=AXIS2_PLACEMENT_3D('',#128,#9347,#9348);
#9347=DIRECTION('',(0,0,1));
#9348=DIRECTION('',(-0.8256442502629032,-0.5641910775684142,0));
#9349=FACE_BOUND('',#9350,.T.);
#9350=EDGE_LOOP('',(#9351,#9352,#9353));
#9351=ORIENTED_EDGE('',*,*,#9354,.T.);
#9352=ORIENTED_EDGE('',*,*,#9355,.T.);
#9353=ORIENTED_EDGE('',*,*,#9356,.T.);
#9354=EDGE_CURVE('',#129,#349,#9357,.F.);
#9355=EDGE_CURVE('',#349,#345,#9358,.T.);
#9356=EDGE_CURVE('',#345,#129,#9359,.T.);
#9357=LINE('',#128,#9360);
#9358=LINE('',#348,#9361);
#9359=LINE('',#344,#9362);
#9360=VECTOR('',#9363,1.0);
#9361=VECTOR('',#9364,1.0);
#9362=VECTOR('',#9365,1.0);
#9363=DIRECTION('',(-0.8256442502629032,-0.5641910775684142,0));
#9364=DIRECTION('',(0.9914444500921159,-0.1305293161766429,0));
#9365=DIRECTION('',(0.7976605498548613,0.6031066632074631,0));
#9366=FACE_SURFACE('',(#9371),#9367,.T.);
#9367=PLANE('',#9368);
#9368=AXIS2_PLACEMENT_3D('',#128,#9369,#9370);
#9369=DIRECTION('',(0,0,1));
#9370=DIRECTION('',(-0.7976605498548613,-0.6031066632074631,0));
#9371=FACE_BOUND('',#9372,.T.);
#9372=EDGE_LOOP('',(#9373,#9374,#9375));
#9373=ORIENTED_EDGE('',*,*,#9376,.T.);
#9374=ORIENTED_EDGE('',*,*,#9377,.T.);
#9375=ORIENTED_EDGE('',*,*,#9378,.T.);
#9376=EDGE_CURVE('',#129,#345,#9379,.F.);
#9377=EDGE_CURVE('',#345,#341,#9380,.T.);
#9378=EDGE_CURVE('',#341,#129,#9381,.T.);
#9379=LINE('',#128,#9382);
#9380=LINE('',#344,#9383);
#9381=LINE('',#340,#9384);
#9382=VECTOR('',#9385,1.0);
#9383=VECTOR('',#9386,1.0);
#9384=VECTOR('',#9387,1.0);
#9385=DIRECTION('',(-0.7976605498548613,-0.6031066632074631,0));
#9386=DIRECTION('',(0.9238844769476138,-0.38267149522172944,0));
#9387=DIRECTION('',(0.7573277149382751,0.6530350160491937,0));
#9388=FACE_SURFACE('',(#9393),#9389,.T.);
#9389=PLANE('',#9390);
#9390=AXIS2_PLACEMENT_3D('',#122,#9391,#9392);
#9391=DIRECTION('',(0,0,1));
#9392=DIRECTION('',(0.97701984488917,0.21314835840968127,0));
#9393=FACE_BOUND('',#9394,.T.);
#9394=EDGE_LOOP('',(#9395,#9396,#9397));
#9395=ORIENTED_EDGE('',*,*,#9398,.T.);
#9396=ORIENTED_EDGE('',*,*,#9399,.T.);
#9397=ORIENTED_EDGE('',*,*,#9400,.T.);
#9398=EDGE_CURVE('',#123,#365,#9401,.F.);
#9399=EDGE_CURVE('',#365,#125,#9402,.T.);
#9400=EDGE_CURVE('',#125,#123,#9403,.T.);
#9401=LINE('',#122,#9404);
#9402=LINE('',#364,#9405);
#9403=LINE('',#124,#9406);
#9404=VECTOR('',#9407,1.0);
#9405=VECTOR('',#9408,1.0);
#9406=VECTOR('',#9409,1.0);
#9407=DIRECTION('',(0.97701984488917,0.21314835840968127,0));
#9408=DIRECTION('',(-0.6530344501969755,0.7573282028657945,0));
#9409=DIRECTION('',(0,-1,0));
#9410=FACE_SURFACE('',(#9415),#9411,.T.);
#9411=PLANE('',#9412);
#9412=AXIS2_PLACEMENT_3D('',#124,#9413,#9414);
#9413=DIRECTION('',(0,0,1));
#9414=DIRECTION('',(0.6530344501969755,-0.7573282028657945,0));
#9415=FACE_BOUND('',#9416,.T.);
#9416=EDGE_LOOP('',(#9417,#9418,#9419));
#9417=ORIENTED_EDGE('',*,*,#9420,.T.);
#9418=ORIENTED_EDGE('',*,*,#9421,.T.);
#9419=ORIENTED_EDGE('',*,*,#9422,.T.);
#9420=EDGE_CURVE('',#125,#365,#9423,.F.);
#9421=EDGE_CURVE('',#365,#361,#9424,.T.);
#9422=EDGE_CURVE('',#361,#125,#9425,.T.);
#9423=LINE('',#124,#9426);
#9424=LINE('',#364,#9427);
#9425=LINE('',#360,#9428);
#9426=VECTOR('',#9429,1.0);
#9427=VECTOR('',#9430,1.0);
#9428=VECTOR('',#9431,1.0);
#9429=DIRECTION('',(0.6530344501969755,-0.7573282028657945,0));
#9430=DIRECTION('',(0.6087595761310352,0.793354762050851,0));
#9431=DIRECTION('',(-0.707107360462481,0.7071062019101395,0));
#9432=FACE_SURFACE('',(#9437),#9433,.T.);
#9433=PLANE('',#9434);
#9434=AXIS2_PLACEMENT_3D('',#124,#9435,#9436);
#9435=DIRECTION('',(0,0,1));
#9436=DIRECTION('',(0.707107360462481,-0.7071062019101395,0));
#9437=FACE_BOUND('',#9438,.T.);
#9438=EDGE_LOOP('',(#9439,#9440,#9441));
#9439=ORIENTED_EDGE('',*,*,#9442,.T.);
#9440=ORIENTED_EDGE('',*,*,#9443,.T.);
#9441=ORIENTED_EDGE('',*,*,#9444,.T.);
#9442=EDGE_CURVE('',#125,#361,#9445,.F.);
#9443=EDGE_CURVE('',#361,#357,#9446,.T.);
#9444=EDGE_CURVE('',#357,#125,#9447,.T.);
#9445=LINE('',#124,#9448);
#9446=LINE('',#360,#9449);
#9447=LINE('',#356,#9450);
#9448=VECTOR('',#9451,1.0);
#9449=VECTOR('',#9452,1.0);
#9450=VECTOR('',#9453,1.0);
#9451=DIRECTION('',(0.707107360462481,-0.7071062019101395,0));
#9452=DIRECTION('',(0.7933564905838493,0.6087573234454586,0));
#9453=DIRECTION('',(-0.7573282028657945,0.6530344501969755,0));
#9454=FACE_SURFACE('',(#9459),#9455,.T.);
#9455=PLANE('',#9456);
#9456=AXIS2_PLACEMENT_3D('',#120,#9457,#9458);
#9457=DIRECTION('',(-0,0,1));
#9458=DIRECTION('',(0.9979253088836227,-0.06438227931291601,0));
#9459=FACE_BOUND('',#9460,.T.);
#9460=EDGE_LOOP('',(#9461,#9462,#9463));
#9461=ORIENTED_EDGE('',*,*,#9464,.T.);
#9462=ORIENTED_EDGE('',*,*,#9465,.T.);
#9463=ORIENTED_EDGE('',*,*,#9466,.T.);
#9464=EDGE_CURVE('',#121,#541,#9467,.F.);
#9465=EDGE_CURVE('',#541,#123,#9468,.T.);
#9466=EDGE_CURVE('',#123,#121,#9469,.T.);
#9467=LINE('',#120,#9470);
#9468=LINE('',#540,#9471);
#9469=LINE('',#122,#9472);
#9470=VECTOR('',#9473,1.0);
#9471=VECTOR('',#9474,1.0);
#9472=VECTOR('',#9475,1.0);
#9473=DIRECTION('',(0.9979253088836227,-0.06438227931291601,0));
#9474=DIRECTION('',(0,1,0));
#9475=DIRECTION('',(-1,0,0));
#9476=FACE_SURFACE('',(#9481),#9477,.T.);
#9477=PLANE('',#9478);
#9478=AXIS2_PLACEMENT_3D('',#122,#9479,#9480);
#9479=DIRECTION('',(0,0,1));
#9480=DIRECTION('',(0,-1,0));
#9481=FACE_BOUND('',#9482,.T.);
#9482=EDGE_LOOP('',(#9483,#9484,#9485));
#9483=ORIENTED_EDGE('',*,*,#9486,.T.);
#9484=ORIENTED_EDGE('',*,*,#9487,.T.);
#9485=ORIENTED_EDGE('',*,*,#9488,.T.);
#9486=EDGE_CURVE('',#123,#541,#9489,.F.);
#9487=EDGE_CURVE('',#541,#381,#9490,.T.);
#9488=EDGE_CURVE('',#381,#123,#9491,.T.);
#9489=LINE('',#122,#9492);
#9490=LINE('',#540,#9493);
#9491=LINE('',#380,#9494);
#9492=VECTOR('',#9495,1.0);
#9493=VECTOR('',#9496,1.0);
#9494=VECTOR('',#9497,1.0);
#9495=DIRECTION('',(0,-1,0));
#9496=DIRECTION('',(0.6530344501969755,0.7573282028657945,0));
#9497=DIRECTION('',(-0.97701984488917,0.21314835840968127,0));
#9498=FACE_SURFACE('',(#9503),#9499,.T.);
#9499=PLANE('',#9500);
#9500=AXIS2_PLACEMENT_3D('',#122,#9501,#9502);
#9501=DIRECTION('',(0,0,1));
#9502=DIRECTION('',(0.97701984488917,-0.21314835840968127,0));
#9503=FACE_BOUND('',#9504,.T.);
#9504=EDGE_LOOP('',(#9505,#9506,#9507));
#9505=ORIENTED_EDGE('',*,*,#9508,.T.);
#9506=ORIENTED_EDGE('',*,*,#9509,.T.);
#9507=ORIENTED_EDGE('',*,*,#9510,.T.);
#9508=EDGE_CURVE('',#123,#381,#9511,.F.);
#9509=EDGE_CURVE('',#381,#377,#9512,.T.);
#9510=EDGE_CURVE('',#377,#123,#9513,.T.);
#9511=LINE('',#122,#9514);
#9512=LINE('',#380,#9515);
#9513=LINE('',#376,#9516);
#9514=VECTOR('',#9517,1.0);
#9515=VECTOR('',#9518,1.0);
#9516=VECTOR('',#9519,1.0);
#9517=DIRECTION('',(0.97701984488917,-0.21314835840968127,0));
#9518=DIRECTION('',(-0.38269006292329494,0.9238767860162763,0));
#9519=DIRECTION('',(-0.9931009665011434,0.11726239949146004,0));
#9520=FACE_SURFACE('',(#9525),#9521,.T.);
#9521=PLANE('',#9522);
#9522=AXIS2_PLACEMENT_3D('',#126,#9523,#9524);
#9523=DIRECTION('',(0,0,1));
#9524=DIRECTION('',(-0.6530342861414153,-0.7573283443287807,0));
#9525=FACE_BOUND('',#9526,.T.);
#9526=EDGE_LOOP('',(#9527,#9528,#9529));
#9527=ORIENTED_EDGE('',*,*,#9530,.T.);
#9528=ORIENTED_EDGE('',*,*,#9531,.T.);
#9529=ORIENTED_EDGE('',*,*,#9532,.T.);
#9530=EDGE_CURVE('',#127,#141,#9533,.F.);
#9531=EDGE_CURVE('',#141,#121,#9534,.T.);
#9532=EDGE_CURVE('',#121,#127,#9535,.T.);
#9533=LINE('',#126,#9536);
#9534=LINE('',#140,#9537);
#9535=LINE('',#120,#9538);
#9536=VECTOR('',#9539,1.0);
#9537=VECTOR('',#9540,1.0);
#9538=VECTOR('',#9541,1.0);
#9539=DIRECTION('',(-0.6530342861414153,-0.7573283443287807,0));
#9540=DIRECTION('',(0.97701982544658,-0.21314844752973075,0));
#9541=DIRECTION('',(0,1,0));
#9542=FACE_SURFACE('',(#9547),#9543,.T.);
#9543=PLANE('',#9544);
#9544=AXIS2_PLACEMENT_3D('',#120,#9545,#9546);
#9545=DIRECTION('',(0,0,1));
#9546=DIRECTION('',(-0.97701982544658,0.21314844752973075,0));
#9547=FACE_BOUND('',#9548,.T.);
#9548=EDGE_LOOP('',(#9549,#9550,#9551));
#9549=ORIENTED_EDGE('',*,*,#9552,.T.);
#9550=ORIENTED_EDGE('',*,*,#9553,.T.);
#9551=ORIENTED_EDGE('',*,*,#9554,.T.);
#9552=EDGE_CURVE('',#121,#141,#9555,.F.);
#9553=EDGE_CURVE('',#141,#137,#9556,.T.);
#9554=EDGE_CURVE('',#137,#121,#9557,.T.);
#9555=LINE('',#120,#9558);
#9556=LINE('',#140,#9559);
#9557=LINE('',#136,#9560);
#9558=VECTOR('',#9561,1.0);
#9559=VECTOR('',#9562,1.0);
#9560=VECTOR('',#9563,1.0);
#9561=DIRECTION('',(-0.97701982544658,0.21314844752973075,0));
#9562=DIRECTION('',(0.38268678058498035,-0.9238781456260902,0));
#9563=DIRECTION('',(0.9931009665011434,-0.11726239949146004,0));
#9564=FACE_SURFACE('',(#9569),#9565,.T.);
#9565=PLANE('',#9566);
#9566=AXIS2_PLACEMENT_3D('',#120,#9567,#9568);
#9567=DIRECTION('',(0,0,1));
#9568=DIRECTION('',(-0.9931009665011434,0.11726239949146004,0));
#9569=FACE_BOUND('',#9570,.T.);
#9570=EDGE_LOOP('',(#9571,#9572,#9573));
#9571=ORIENTED_EDGE('',*,*,#9574,.T.);
#9572=ORIENTED_EDGE('',*,*,#9575,.T.);
#9573=ORIENTED_EDGE('',*,*,#9576,.T.);
#9574=EDGE_CURVE('',#121,#137,#9577,.F.);
#9575=EDGE_CURVE('',#137,#133,#9578,.T.);
#9576=EDGE_CURVE('',#133,#121,#9579,.T.);
#9577=LINE('',#120,#9580);
#9578=LINE('',#136,#9581);
#9579=LINE('',#132,#9582);
#9580=VECTOR('',#9583,1.0);
#9581=VECTOR('',#9584,1.0);
#9582=VECTOR('',#9585,1.0);
#9583=DIRECTION('',(-0.9931009665011434,0.11726239949146004,0));
#9584=DIRECTION('',(0.13052553626069216,-0.9914449477322775,0));
#9585=DIRECTION('',(1,0,0));
#9586=FACE_SURFACE('',(#9591),#9587,.T.);
#9587=PLANE('',#9588);
#9588=AXIS2_PLACEMENT_3D('',#118,#9589,#9590);
#9589=DIRECTION('',(-0,0,1));
#9590=DIRECTION('',(0.8256442502629032,-0.5641910775684142,0));
#9591=FACE_BOUND('',#9592,.T.);
#9592=EDGE_LOOP('',(#9593,#9594,#9595));
#9593=ORIENTED_EDGE('',*,*,#9596,.T.);
#9594=ORIENTED_EDGE('',*,*,#9597,.T.);
#9595=ORIENTED_EDGE('',*,*,#9598,.T.);
#9596=EDGE_CURVE('',#119,#157,#9599,.F.);
#9597=EDGE_CURVE('',#157,#127,#9600,.T.);
#9598=EDGE_CURVE('',#127,#119,#9601,.T.);
#9599=LINE('',#118,#9602);
#9600=LINE('',#156,#9603);
#9601=LINE('',#126,#9604);
#9602=VECTOR('',#9605,1.0);
#9603=VECTOR('',#9606,1.0);
#9604=VECTOR('',#9607,1.0);
#9605=DIRECTION('',(0.8256442502629032,-0.5641910775684142,0));
#9606=DIRECTION('',(0.8256442502629032,0.5641910775684142,0));
#9607=DIRECTION('',(-1,0,0));
#9608=FACE_SURFACE('',(#9613),#9609,.T.);
#9609=PLANE('',#9610);
#9610=AXIS2_PLACEMENT_3D('',#126,#9611,#9612);
#9611=DIRECTION('',(0,0,1));
#9612=DIRECTION('',(-0.8256442502629032,-0.5641910775684142,0));
#9613=FACE_BOUND('',#9614,.T.);
#9614=EDGE_LOOP('',(#9615,#9616,#9617));
#9615=ORIENTED_EDGE('',*,*,#9618,.T.);
#9616=ORIENTED_EDGE('',*,*,#9619,.T.);
#9617=ORIENTED_EDGE('',*,*,#9620,.T.);
#9618=EDGE_CURVE('',#127,#157,#9621,.F.);
#9619=EDGE_CURVE('',#157,#153,#9622,.T.);
#9620=EDGE_CURVE('',#153,#127,#9623,.T.);
#9621=LINE('',#126,#9624);
#9622=LINE('',#156,#9625);
#9623=LINE('',#152,#9626);
#9624=VECTOR('',#9627,1.0);
#9625=VECTOR('',#9628,1.0);
#9626=VECTOR('',#9629,1.0);
#9627=DIRECTION('',(-0.8256442502629032,-0.5641910775684142,0));
#9628=DIRECTION('',(0.9914443190544547,-0.1305303114784014,0));
#9629=DIRECTION('',(0.7976607507888119,0.6031063974549008,0));
#9630=FACE_SURFACE('',(#9635),#9631,.T.);
#9631=PLANE('',#9632);
#9632=AXIS2_PLACEMENT_3D('',#126,#9633,#9634);
#9633=DIRECTION('',(0,0,1));
#9634=DIRECTION('',(-0.7976607507888119,-0.6031063974549008,0));
#9635=FACE_BOUND('',#9636,.T.);
#9636=EDGE_LOOP('',(#9637,#9638,#9639));
#9637=ORIENTED_EDGE('',*,*,#9640,.T.);
#9638=ORIENTED_EDGE('',*,*,#9641,.T.);
#9639=ORIENTED_EDGE('',*,*,#9642,.T.);
#9640=EDGE_CURVE('',#127,#153,#9643,.F.);
#9641=EDGE_CURVE('',#153,#149,#9644,.T.);
#9642=EDGE_CURVE('',#149,#127,#9645,.T.);
#9643=LINE('',#126,#9646);
#9644=LINE('',#152,#9647);
#9645=LINE('',#148,#9648);
#9646=VECTOR('',#9649,1.0);
#9647=VECTOR('',#9650,1.0);
#9648=VECTOR('',#9651,1.0);
#9649=DIRECTION('',(-0.7976607507888119,-0.6031063974549008,0));
#9650=DIRECTION('',(0.9238844769476138,-0.38267149522172944,0));
#9651=DIRECTION('',(0.7573279589021933,0.6530347331230075,0));
#9652=FACE_SURFACE('',(#9657),#9653,.T.);
#9653=PLANE('',#9654);
#9654=AXIS2_PLACEMENT_3D('',#114,#9655,#9656);
#9655=DIRECTION('',(0,0,1));
#9656=DIRECTION('',(0.5641905408095087,0.8256446170484454,0));
#9657=FACE_BOUND('',#9658,.T.);
#9658=EDGE_LOOP('',(#9659,#9660,#9661));
#9659=ORIENTED_EDGE('',*,*,#9662,.T.);
#9660=ORIENTED_EDGE('',*,*,#9663,.T.);
#9661=ORIENTED_EDGE('',*,*,#9664,.T.);
#9662=EDGE_CURVE('',#115,#181,#9665,.F.);
#9663=EDGE_CURVE('',#181,#119,#9666,.T.);
#9664=EDGE_CURVE('',#119,#115,#9667,.T.);
#9665=LINE('',#114,#9668);
#9666=LINE('',#180,#9669);
#9667=LINE('',#118,#9670);
#9668=VECTOR('',#9671,1.0);
#9669=VECTOR('',#9672,1.0);
#9670=VECTOR('',#9673,1.0);
#9671=DIRECTION('',(0.5641905408095087,0.8256446170484454,0));
#9672=DIRECTION('',(-0.5641905408095087,0.8256446170484454,0));
#9673=DIRECTION('',(0,-1,0));
#9674=FACE_SURFACE('',(#9679),#9675,.T.);
#9675=PLANE('',#9676);
#9676=AXIS2_PLACEMENT_3D('',#118,#9677,#9678);
#9677=DIRECTION('',(0,0,1));
#9678=DIRECTION('',(0.5641905408095087,-0.8256446170484454,0));
#9679=FACE_BOUND('',#9680,.T.);
#9680=EDGE_LOOP('',(#9681,#9682,#9683));
#9681=ORIENTED_EDGE('',*,*,#9684,.T.);
#9682=ORIENTED_EDGE('',*,*,#9685,.T.);
#9683=ORIENTED_EDGE('',*,*,#9686,.T.);
#9684=EDGE_CURVE('',#119,#181,#9687,.F.);
#9685=EDGE_CURVE('',#181,#177,#9688,.T.);
#9686=EDGE_CURVE('',#177,#119,#9689,.T.);
#9687=LINE('',#118,#9690);
#9688=LINE('',#180,#9691);
#9689=LINE('',#176,#9692);
#9690=VECTOR('',#9693,1.0);
#9691=VECTOR('',#9694,1.0);
#9692=VECTOR('',#9695,1.0);
#9693=DIRECTION('',(0.5641905408095087,-0.8256446170484454,0));
#9694=DIRECTION('',(0.13052553626069216,0.9914449477322775,0));
#9695=DIRECTION('',(-0.6031059602451964,0.7976610813601974,0));
#9696=FACE_SURFACE('',(#9701),#9697,.T.);
#9697=PLANE('',#9698);
#9698=AXIS2_PLACEMENT_3D('',#118,#9699,#9700);
#9699=DIRECTION('',(0,0,1));
#9700=DIRECTION('',(0.6031059602451964,-0.7976610813601974,0));
#9701=FACE_BOUND('',#9702,.T.);
#9702=EDGE_LOOP('',(#9703,#9704,#9705));
#9703=ORIENTED_EDGE('',*,*,#9706,.T.);
#9704=ORIENTED_EDGE('',*,*,#9707,.T.);
#9705=ORIENTED_EDGE('',*,*,#9708,.T.);
#9706=EDGE_CURVE('',#119,#177,#9709,.F.);
#9707=EDGE_CURVE('',#177,#173,#9710,.T.);
#9708=EDGE_CURVE('',#173,#119,#9711,.T.);
#9709=LINE('',#118,#9712);
#9710=LINE('',#176,#9713);
#9711=LINE('',#172,#9714);
#9712=VECTOR('',#9715,1.0);
#9713=VECTOR('',#9716,1.0);
#9714=VECTOR('',#9717,1.0);
#9715=DIRECTION('',(0.6031059602451964,-0.7976610813601974,0));
#9716=DIRECTION('',(0.38268678058498035,0.9238781456260902,0));
#9717=DIRECTION('',(-0.6530342861414153,0.7573283443287807,0));
#9718=FACE_SURFACE('',(#9723),#9719,.T.);
#9719=PLANE('',#9720);
#9720=AXIS2_PLACEMENT_3D('',#110,#9721,#9722);
#9721=DIRECTION('',(0,0,1));
#9722=DIRECTION('',(-0.27721447882542066,0.9608080623774711,0));
#9723=FACE_BOUND('',#9724,.T.);
#9724=EDGE_LOOP('',(#9725,#9726,#9727));
#9725=ORIENTED_EDGE('',*,*,#9728,.T.);
#9726=ORIENTED_EDGE('',*,*,#9729,.T.);
#9727=ORIENTED_EDGE('',*,*,#9730,.T.);
#9728=EDGE_CURVE('',#111,#193,#9731,.F.);
#9729=EDGE_CURVE('',#193,#115,#9732,.T.);
#9730=EDGE_CURVE('',#115,#111,#9733,.T.);
#9731=LINE('',#110,#9734);
#9732=LINE('',#192,#9735);
#9733=LINE('',#114,#9736);
#9734=VECTOR('',#9737,1.0);
#9735=VECTOR('',#9738,1.0);
#9736=VECTOR('',#9739,1.0);
#9737=DIRECTION('',(-0.27721447882542066,0.9608080623774711,0));
#9738=DIRECTION('',(-0.7071070708246923,-0.7071064915482842,0));
#9739=DIRECTION('',(1,0,0));
#9740=FACE_SURFACE('',(#9745),#9741,.T.);
#9741=PLANE('',#9742);
#9742=AXIS2_PLACEMENT_3D('',#114,#9743,#9744);
#9743=DIRECTION('',(0,0,1));
#9744=DIRECTION('',(0.7071070708246923,0.7071064915482842,0));
#9745=FACE_BOUND('',#9746,.T.);
#9746=EDGE_LOOP('',(#9747,#9748,#9749));
#9747=ORIENTED_EDGE('',*,*,#9750,.T.);
#9748=ORIENTED_EDGE('',*,*,#9751,.T.);
#9749=ORIENTED_EDGE('',*,*,#9752,.T.);
#9750=EDGE_CURVE('',#115,#193,#9753,.F.);
#9751=EDGE_CURVE('',#193,#189,#9754,.T.);
#9752=EDGE_CURVE('',#189,#115,#9755,.T.);
#9753=LINE('',#114,#9756);
#9754=LINE('',#192,#9757);
#9755=LINE('',#188,#9758);
#9756=VECTOR('',#9759,1.0);
#9757=VECTOR('',#9760,1.0);
#9758=VECTOR('',#9761,1.0);
#9759=DIRECTION('',(0.7071070708246923,0.7071064915482842,0));
#9760=DIRECTION('',(-0.6087571557745598,0.7933566192408483,0));
#9761=DIRECTION('',(-0.6530342861414153,-0.7573283443287807,0));
#9762=FACE_SURFACE('',(#9767),#9763,.T.);
#9763=PLANE('',#9764);
#9764=AXIS2_PLACEMENT_3D('',#114,#9765,#9766);
#9765=DIRECTION('',(0,0,1));
#9766=DIRECTION('',(0.6530342861414153,0.7573283443287807,0));
#9767=FACE_BOUND('',#9768,.T.);
#9768=EDGE_LOOP('',(#9769,#9770,#9771));
#9769=ORIENTED_EDGE('',*,*,#9772,.T.);
#9770=ORIENTED_EDGE('',*,*,#9773,.T.);
#9771=ORIENTED_EDGE('',*,*,#9774,.T.);
#9772=EDGE_CURVE('',#115,#189,#9775,.F.);
#9773=EDGE_CURVE('',#189,#185,#9776,.T.);
#9774=EDGE_CURVE('',#185,#115,#9777,.T.);
#9775=LINE('',#114,#9778);
#9776=LINE('',#188,#9779);
#9777=LINE('',#184,#9780);
#9778=VECTOR('',#9781,1.0);
#9779=VECTOR('',#9782,1.0);
#9780=VECTOR('',#9783,1.0);
#9781=DIRECTION('',(0.6530342861414153,0.7573283443287807,0));
#9782=DIRECTION('',(-0.38268678058498035,0.9238781456260902,0));
#9783=DIRECTION('',(-0.6031059602451964,-0.7976610813601974,0));
#9784=FACE_SURFACE('',(#9789),#9785,.T.);
#9785=PLANE('',#9786);
#9786=AXIS2_PLACEMENT_3D('',#112,#9787,#9788);
#9787=DIRECTION('',(0,0,1));
#9788=DIRECTION('',(1,0,0));
#9789=FACE_BOUND('',#9790,.T.);
#9790=EDGE_LOOP('',(#9791,#9792,#9793));
#9791=ORIENTED_EDGE('',*,*,#9794,.T.);
#9792=ORIENTED_EDGE('',*,*,#9795,.T.);
#9793=ORIENTED_EDGE('',*,*,#9796,.T.);
#9794=EDGE_CURVE('',#113,#519,#9797,.F.);
#9795=EDGE_CURVE('',#519,#111,#9798,.T.);
#9796=EDGE_CURVE('',#111,#113,#9799,.T.);
#9797=LINE('',#112,#9800);
#9798=LINE('',#518,#9801);
#9799=LINE('',#110,#9802);
#9800=VECTOR('',#9803,1.0);
#9801=VECTOR('',#9804,1.0);
#9802=VECTOR('',#9805,1.0);
#9803=DIRECTION('',(1,0,0));
#9804=DIRECTION('',(-0.05547001962252291,0.9984603532054125,0));
#9805=DIRECTION('',(0,-1,0));
#9806=FACE_SURFACE('',(#9811),#9807,.T.);
#9807=PLANE('',#9808);
#9808=AXIS2_PLACEMENT_3D('',#110,#9809,#9810);
#9809=DIRECTION('',(-0,0,1));
#9810=DIRECTION('',(0.05547001962252291,-0.9984603532054125,0));
#9811=FACE_BOUND('',#9812,.T.);
#9812=EDGE_LOOP('',(#9813,#9814,#9815));
#9813=ORIENTED_EDGE('',*,*,#9816,.T.);
#9814=ORIENTED_EDGE('',*,*,#9817,.T.);
#9815=ORIENTED_EDGE('',*,*,#9818,.T.);
#9816=EDGE_CURVE('',#111,#519,#9819,.F.);
#9817=EDGE_CURVE('',#519,#523,#9820,.T.);
#9818=EDGE_CURVE('',#523,#111,#9821,.T.);
#9819=LINE('',#110,#9822);
#9820=LINE('',#518,#9823);
#9821=LINE('',#522,#9824);
#9822=VECTOR('',#9825,1.0);
#9823=VECTOR('',#9826,1.0);
#9824=VECTOR('',#9827,1.0);
#9825=DIRECTION('',(0.05547001962252291,-0.9984603532054125,0));
#9826=DIRECTION('',(0,1,0));
#9827=DIRECTION('',(-1,0,0));
#9828=FACE_SURFACE('',(#9833),#9829,.T.);
#9829=PLANE('',#9830);
#9830=AXIS2_PLACEMENT_3D('',#110,#9831,#9832);
#9831=DIRECTION('',(0,0,1));
#9832=DIRECTION('',(1,0,0));
#9833=FACE_BOUND('',#9834,.T.);
#9834=EDGE_LOOP('',(#9835,#9836,#9837));
#9835=ORIENTED_EDGE('',*,*,#9838,.T.);
#9836=ORIENTED_EDGE('',*,*,#9839,.T.);
#9837=ORIENTED_EDGE('',*,*,#9840,.T.);
#9838=EDGE_CURVE('',#111,#523,#9841,.F.);
#9839=EDGE_CURVE('',#523,#217,#9842,.T.);
#9840=EDGE_CURVE('',#217,#111,#9843,.T.);
#9841=LINE('',#110,#9844);
#9842=LINE('',#522,#9845);
#9843=LINE('',#216,#9846);
#9844=VECTOR('',#9847,1.0);
#9845=VECTOR('',#9848,1.0);
#9846=VECTOR('',#9849,1.0);
#9847=DIRECTION('',(1,0,0));
#9848=DIRECTION('',(-0.7071069260056643,0.707106636367401,0));
#9849=DIRECTION('',(-0.27721484213836095,-0.9608079575535392,0));
#9850=FACE_SURFACE('',(#9855),#9851,.T.);
#9851=PLANE('',#9852);
#9852=AXIS2_PLACEMENT_3D('',#216,#9853,#9854);
#9853=DIRECTION('',(-0,0,1));
#9854=DIRECTION('',(0.7071069260056643,-0.707106636367401,0));
#9855=FACE_BOUND('',#9856,.T.);
#9856=EDGE_LOOP('',(#9857,#9858,#9859));
#9857=ORIENTED_EDGE('',*,*,#9860,.T.);
#9858=ORIENTED_EDGE('',*,*,#9861,.T.);
#9859=ORIENTED_EDGE('',*,*,#9862,.T.);
#9860=EDGE_CURVE('',#217,#523,#9863,.F.);
#9861=EDGE_CURVE('',#523,#221,#9864,.T.);
#9862=EDGE_CURVE('',#221,#217,#9865,.T.);
#9863=LINE('',#216,#9866);
#9864=LINE('',#522,#9867);
#9865=LINE('',#220,#9868);
#9866=VECTOR('',#9869,1.0);
#9867=VECTOR('',#9870,1.0);
#9868=VECTOR('',#9871,1.0);
#9869=DIRECTION('',(0.7071069260056643,-0.707106636367401,0));
#9870=DIRECTION('',(-0.6530342861414153,0.7573283443287807,0));
#9871=DIRECTION('',(-0.6087547354010867,-0.7933584764321566,0));
#9872=FACE_SURFACE('',(#9877),#9873,.T.);
#9873=PLANE('',#9874);
#9874=AXIS2_PLACEMENT_3D('',#220,#9875,#9876);
#9875=DIRECTION('',(-0,0,1));
#9876=DIRECTION('',(0.6530342861414153,-0.7573283443287807,0));
#9877=FACE_BOUND('',#9878,.T.);
#9878=EDGE_LOOP('',(#9879,#9880,#9881));
#9879=ORIENTED_EDGE('',*,*,#9882,.T.);
#9880=ORIENTED_EDGE('',*,*,#9883,.T.);
#9881=ORIENTED_EDGE('',*,*,#9884,.T.);
#9882=EDGE_CURVE('',#221,#523,#9885,.F.);
#9883=EDGE_CURVE('',#523,#121,#9886,.T.);
#9884=EDGE_CURVE('',#121,#221,#9887,.T.);
#9885=LINE('',#220,#9888);
#9886=LINE('',#522,#9889);
#9887=LINE('',#120,#9890);
#9888=VECTOR('',#9891,1.0);
#9889=VECTOR('',#9892,1.0);
#9890=VECTOR('',#9893,1.0);
#9891=DIRECTION('',(0.6530342861414153,-0.7573283443287807,0));
#9892=DIRECTION('',(0,1,0));
#9893=DIRECTION('',(-0.97701982544658,-0.21314844752973075,0));
#9894=FACE_SURFACE('',(#9899),#9895,.T.);
#9895=PLANE('',#9896);
#9896=AXIS2_PLACEMENT_3D('',#220,#9897,#9898);
#9897=DIRECTION('',(0,0,1));
#9898=DIRECTION('',(0.97701982544658,0.21314844752973075,0));
#9899=FACE_BOUND('',#9900,.T.);
#9900=EDGE_LOOP('',(#9901,#9902,#9903));
#9901=ORIENTED_EDGE('',*,*,#9904,.T.);
#9902=ORIENTED_EDGE('',*,*,#9905,.T.);
#9903=ORIENTED_EDGE('',*,*,#9906,.T.);
#9904=EDGE_CURVE('',#221,#121,#9907,.F.);
#9905=EDGE_CURVE('',#121,#225,#9908,.T.);
#9906=EDGE_CURVE('',#225,#221,#9909,.T.);
#9907=LINE('',#220,#9910);
#9908=LINE('',#120,#9911);
#9909=LINE('',#224,#9912);
#9910=VECTOR('',#9913,1.0);
#9911=VECTOR('',#9914,1.0);
#9912=VECTOR('',#9915,1.0);
#9913=DIRECTION('',(0.97701982544658,0.21314844752973075,0));
#9914=DIRECTION('',(-0.9931009665011434,-0.11726239949146004,0));
#9915=DIRECTION('',(-0.38268678058498035,-0.9238781456260902,0));
#9916=FACE_SURFACE('',(#9921),#9917,.T.);
#9917=PLANE('',#9918);
#9918=AXIS2_PLACEMENT_3D('',#224,#9919,#9920);
#9919=DIRECTION('',(0,0,1));
#9920=DIRECTION('',(0.9931009665011434,0.11726239949146004,0));
#9921=FACE_BOUND('',#9922,.T.);
#9922=EDGE_LOOP('',(#9923,#9924,#9925));
#9923=ORIENTED_EDGE('',*,*,#9926,.T.);
#9924=ORIENTED_EDGE('',*,*,#9927,.T.);
#9925=ORIENTED_EDGE('',*,*,#9928,.T.);
#9926=EDGE_CURVE('',#225,#121,#9929,.F.);
#9927=EDGE_CURVE('',#121,#133,#9930,.T.);
#9928=EDGE_CURVE('',#133,#225,#9931,.T.);
#9929=LINE('',#224,#9932);
#9930=LINE('',#120,#9933);
#9931=LINE('',#132,#9934);
#9932=VECTOR('',#9935,1.0);
#9933=VECTOR('',#9936,1.0);
#9934=VECTOR('',#9937,1.0);
#9935=DIRECTION('',(0.9931009665011434,0.11726239949146004,0));
#9936=DIRECTION('',(-1,0,0));
#9937=DIRECTION('',(-0.13052553626069216,-0.9914449477322775,0));
#9938=FACE_SURFACE('',(#9943),#9939,.T.);
#9939=PLANE('',#9940);
#9940=AXIS2_PLACEMENT_3D('',#116,#9941,#9942);
#9941=DIRECTION('',(-0,0,1));
#9942=DIRECTION('',(0.7071067811865476,-0.7071067811865476,0));
#9943=FACE_BOUND('',#9944,.T.);
#9944=EDGE_LOOP('',(#9945,#9946,#9947));
#9945=ORIENTED_EDGE('',*,*,#9948,.T.);
#9946=ORIENTED_EDGE('',*,*,#9949,.T.);
#9947=ORIENTED_EDGE('',*,*,#9950,.T.);
#9948=EDGE_CURVE('',#117,#457,#9951,.F.);
#9949=EDGE_CURVE('',#457,#113,#9952,.T.);
#9950=EDGE_CURVE('',#113,#117,#9953,.T.);
#9951=LINE('',#116,#9954);
#9952=LINE('',#456,#9955);
#9953=LINE('',#112,#9956);
#9954=VECTOR('',#9957,1.0);
#9955=VECTOR('',#9958,1.0);
#9956=VECTOR('',#9959,1.0);
#9957=DIRECTION('',(0.7071067811865476,-0.7071067811865476,0));
#9958=DIRECTION('',(0.27721426917782344,0.9608081228654374,0));
#9959=DIRECTION('',(-1,0,0));
#9960=FACE_SURFACE('',(#9965),#9961,.T.);
#9961=PLANE('',#9962);
#9962=AXIS2_PLACEMENT_3D('',#112,#9963,#9964);
#9963=DIRECTION('',(0,0,1));
#9964=DIRECTION('',(-0.27721426917782344,-0.9608081228654374,0));
#9965=FACE_BOUND('',#9966,.T.);
#9966=EDGE_LOOP('',(#9967,#9968,#9969));
#9967=ORIENTED_EDGE('',*,*,#9970,.T.);
#9968=ORIENTED_EDGE('',*,*,#9971,.T.);
#9969=ORIENTED_EDGE('',*,*,#9972,.T.);
#9970=EDGE_CURVE('',#113,#457,#9973,.F.);
#9971=EDGE_CURVE('',#457,#453,#9974,.T.);
#9972=EDGE_CURVE('',#453,#113,#9975,.T.);
#9973=LINE('',#112,#9976);
#9974=LINE('',#456,#9977);
#9975=LINE('',#452,#9978);
#9976=VECTOR('',#9979,1.0);
#9977=VECTOR('',#9980,1.0);
#9978=VECTOR('',#9981,1.0);
#9979=DIRECTION('',(-0.27721426917782344,-0.9608081228654374,0));
#9980=DIRECTION('',(0.7933542012276021,0.6087603070129601,0));
#9981=DIRECTION('',(0.21314876691392742,0.9770197557690797,0));
#9982=FACE_SURFACE('',(#9987),#9983,.T.);
#9983=PLANE('',#9984);
#9984=AXIS2_PLACEMENT_3D('',#112,#9985,#9986);
#9985=DIRECTION('',(0,0,1));
#9986=DIRECTION('',(-0.21314876691392742,-0.9770197557690797,0));
#9987=FACE_BOUND('',#9988,.T.);
#9988=EDGE_LOOP('',(#9989,#9990,#9991));
#9989=ORIENTED_EDGE('',*,*,#9992,.T.);
#9990=ORIENTED_EDGE('',*,*,#9993,.T.);
#9991=ORIENTED_EDGE('',*,*,#9994,.T.);
#9992=EDGE_CURVE('',#113,#453,#9995,.F.);
#9993=EDGE_CURVE('',#453,#449,#9996,.T.);
#9994=EDGE_CURVE('',#449,#113,#9997,.T.);
#9995=LINE('',#112,#9998);
#9996=LINE('',#452,#9999);
#9997=LINE('',#448,#10000);
#9998=VECTOR('',#10001,1.0);
#9999=VECTOR('',#10002,1.0);
#10000=VECTOR('',#10003,1.0);
#10001=DIRECTION('',(-0.21314876691392742,-0.9770197557690797,0));
#10002=DIRECTION('',(0.9238784755347934,0.3826859841221077,0));
#10003=DIRECTION('',(0.11726150236780321,0.9931010724304176,0));
#10004=FACE_SURFACE('',(#10009),#10005,.T.);
#10005=PLANE('',#10006);
#10006=AXIS2_PLACEMENT_3D('',#108,#10007,#10008);
#10007=DIRECTION('',(0,0,1));
#10008=DIRECTION('',(0.5641905408095087,0.8256446170484454,0));
#10009=FACE_BOUND('',#10010,.T.);
#10010=EDGE_LOOP('',(#10011,#10012,#10013));
#10011=ORIENTED_EDGE('',*,*,#10014,.T.);
#10012=ORIENTED_EDGE('',*,*,#10015,.T.);
#10013=ORIENTED_EDGE('',*,*,#10016,.T.);
#10014=EDGE_CURVE('',#109,#469,#10017,.F.);
#10015=EDGE_CURVE('',#469,#117,#10018,.T.);
#10016=EDGE_CURVE('',#117,#109,#10019,.T.);
#10017=LINE('',#108,#10020);
#10018=LINE('',#468,#10021);
#10019=LINE('',#116,#10022);
#10020=VECTOR('',#10023,1.0);
#10021=VECTOR('',#10024,1.0);
#10022=VECTOR('',#10025,1.0);
#10023=DIRECTION('',(0.5641905408095087,0.8256446170484454,0));
#10024=DIRECTION('',(-0.5641905408095087,0.8256446170484454,0));
#10025=DIRECTION('',(0,-1,0));
#10026=FACE_SURFACE('',(#10031),#10027,.T.);
#10027=PLANE('',#10028);
#10028=AXIS2_PLACEMENT_3D('',#116,#10029,#10030);
#10029=DIRECTION('',(0,0,1));
#10030=DIRECTION('',(0.5641905408095087,-0.8256446170484454,0));
#10031=FACE_BOUND('',#10032,.T.);
#10032=EDGE_LOOP('',(#10033,#10034,#10035));
#10033=ORIENTED_EDGE('',*,*,#10036,.T.);
#10034=ORIENTED_EDGE('',*,*,#10037,.T.);
#10035=ORIENTED_EDGE('',*,*,#10038,.T.);
#10036=EDGE_CURVE('',#117,#469,#10039,.F.);
#10037=EDGE_CURVE('',#469,#465,#10040,.T.);
#10038=EDGE_CURVE('',#465,#117,#10041,.T.);
#10039=LINE('',#116,#10042);
#10040=LINE('',#468,#10043);
#10041=LINE('',#464,#10044);
#10042=VECTOR('',#10045,1.0);
#10043=VECTOR('',#10046,1.0);
#10044=VECTOR('',#10047,1.0);
#10045=DIRECTION('',(0.5641905408095087,-0.8256446170484454,0));
#10046=DIRECTION('',(0.1305265315346275,0.9914448167021399,0));
#10047=DIRECTION('',(-0.6031056944925898,0.7976612822938135,0));
#10048=FACE_SURFACE('',(#10053),#10049,.T.);
#10049=PLANE('',#10050);
#10050=AXIS2_PLACEMENT_3D('',#116,#10051,#10052);
#10051=DIRECTION('',(0,0,1));
#10052=DIRECTION('',(0.6031056944925898,-0.7976612822938135,0));
#10053=FACE_BOUND('',#10054,.T.);
#10054=EDGE_LOOP('',(#10055,#10056,#10057));
#10055=ORIENTED_EDGE('',*,*,#10058,.T.);
#10056=ORIENTED_EDGE('',*,*,#10059,.T.);
#10057=ORIENTED_EDGE('',*,*,#10060,.T.);
#10058=EDGE_CURVE('',#117,#465,#10061,.F.);
#10059=EDGE_CURVE('',#465,#461,#10062,.T.);
#10060=EDGE_CURVE('',#461,#117,#10063,.T.);
#10061=LINE('',#116,#10064);
#10062=LINE('',#464,#10065);
#10063=LINE('',#460,#10066);
#10064=VECTOR('',#10067,1.0);
#10065=VECTOR('',#10068,1.0);
#10066=VECTOR('',#10069,1.0);
#10067=DIRECTION('',(0.6031056944925898,-0.7976612822938135,0));
#10068=DIRECTION('',(0.38268406139067646,0.9238792719601068,0));
#10069=DIRECTION('',(-0.6530342861414153,0.7573283443287807,0));
#10070=FACE_SURFACE('',(#10075),#10071,.T.);
#10071=PLANE('',#10072);
#10072=AXIS2_PLACEMENT_3D('',#104,#10073,#10074);
#10073=DIRECTION('',(0,0,1));
#10074=DIRECTION('',(-0.8256447393102877,0.5641903618897146,0));
#10075=FACE_BOUND('',#10076,.T.);
#10076=EDGE_LOOP('',(#10077,#10078,#10079));
#10077=ORIENTED_EDGE('',*,*,#10080,.T.);
#10078=ORIENTED_EDGE('',*,*,#10081,.T.);
#10079=ORIENTED_EDGE('',*,*,#10082,.T.);
#10080=EDGE_CURVE('',#105,#493,#10083,.F.);
#10081=EDGE_CURVE('',#493,#109,#10084,.T.);
#10082=EDGE_CURVE('',#109,#105,#10085,.T.);
#10083=LINE('',#104,#10086);
#10084=LINE('',#492,#10087);
#10085=LINE('',#108,#10088);
#10086=VECTOR('',#10089,1.0);
#10087=VECTOR('',#10090,1.0);
#10088=VECTOR('',#10091,1.0);
#10089=DIRECTION('',(-0.8256447393102877,0.5641903618897146,0));
#10090=DIRECTION('',(-0.8256447393102877,-0.5641903618897146,0));
#10091=DIRECTION('',(1,0,0));
#10092=FACE_SURFACE('',(#10097),#10093,.T.);
#10093=PLANE('',#10094);
#10094=AXIS2_PLACEMENT_3D('',#108,#10095,#10096);
#10095=DIRECTION('',(0,0,1));
#10096=DIRECTION('',(0.8256447393102877,0.5641903618897146,0));
#10097=FACE_BOUND('',#10098,.T.);
#10098=EDGE_LOOP('',(#10099,#10100,#10101));
#10099=ORIENTED_EDGE('',*,*,#10102,.T.);
#10100=ORIENTED_EDGE('',*,*,#10103,.T.);
#10101=ORIENTED_EDGE('',*,*,#10104,.T.);
#10102=EDGE_CURVE('',#109,#493,#10105,.F.);
#10103=EDGE_CURVE('',#493,#489,#10106,.T.);
#10104=EDGE_CURVE('',#489,#109,#10107,.T.);
#10105=LINE('',#108,#10108);
#10106=LINE('',#492,#10109);
#10107=LINE('',#488,#10110);
#10108=VECTOR('',#10111,1.0);
#10109=VECTOR('',#10112,1.0);
#10110=VECTOR('',#10113,1.0);
#10111=DIRECTION('',(0.8256447393102877,0.5641903618897146,0));
#10112=DIRECTION('',(-0.9914453143359134,0.13052275158516174,0));
#10113=DIRECTION('',(-0.7976615480463477,-0.6031053430109072,0));
#10114=FACE_SURFACE('',(#10119),#10115,.T.);
#10115=PLANE('',#10116);
#10116=AXIS2_PLACEMENT_3D('',#108,#10117,#10118);
#10117=DIRECTION('',(0,0,1));
#10118=DIRECTION('',(0.7976615480463477,0.6031053430109072,0));
#10119=FACE_BOUND('',#10120,.T.);
#10120=EDGE_LOOP('',(#10121,#10122,#10123));
#10121=ORIENTED_EDGE('',*,*,#10124,.T.);
#10122=ORIENTED_EDGE('',*,*,#10125,.T.);
#10123=ORIENTED_EDGE('',*,*,#10126,.T.);
#10124=EDGE_CURVE('',#109,#489,#10127,.F.);
#10125=EDGE_CURVE('',#489,#485,#10128,.T.);
#10126=EDGE_CURVE('',#485,#109,#10129,.T.);
#10127=LINE('',#108,#10130);
#10128=LINE('',#488,#10131);
#10129=LINE('',#484,#10132);
#10130=VECTOR('',#10133,1.0);
#10131=VECTOR('',#10134,1.0);
#10132=VECTOR('',#10135,1.0);
#10133=DIRECTION('',(0.7976615480463477,0.6031053430109072,0));
#10134=DIRECTION('',(-0.9238784755347934,0.3826859841221077,0));
#10135=DIRECTION('',(-0.7573283638101003,-0.6530342635487946,0));
#10136=FACE_SURFACE('',(#10141),#10137,.T.);
#10137=PLANE('',#10138);
#10138=AXIS2_PLACEMENT_3D('',#100,#10139,#10140);
#10139=DIRECTION('',(0,0,1));
#10140=DIRECTION('',(-0.9770196472060991,-0.21314926453842034,0));
#10141=FACE_BOUND('',#10142,.T.);
#10142=EDGE_LOOP('',(#10143,#10144,#10145));
#10143=ORIENTED_EDGE('',*,*,#10146,.T.);
#10144=ORIENTED_EDGE('',*,*,#10147,.T.);
#10145=ORIENTED_EDGE('',*,*,#10148,.T.);
#10146=EDGE_CURVE('',#101,#509,#10149,.F.);
#10147=EDGE_CURVE('',#509,#105,#10150,.T.);
#10148=EDGE_CURVE('',#105,#101,#10151,.T.);
#10149=LINE('',#100,#10152);
#10150=LINE('',#508,#10153);
#10151=LINE('',#104,#10154);
#10152=VECTOR('',#10155,1.0);
#10153=VECTOR('',#10156,1.0);
#10154=VECTOR('',#10157,1.0);
#10155=DIRECTION('',(-0.9770196472060991,-0.21314926453842034,0));
#10156=DIRECTION('',(0.6530345690674819,-0.7573281003652566,0));
#10157=DIRECTION('',(0,1,0));
#10158=FACE_SURFACE('',(#10163),#10159,.T.);
#10159=PLANE('',#10160);
#10160=AXIS2_PLACEMENT_3D('',#104,#10161,#10162);
#10161=DIRECTION('',(0,0,1));
#10162=DIRECTION('',(-0.6530345690674819,0.7573281003652566,0));
#10163=FACE_BOUND('',#10164,.T.);
#10164=EDGE_LOOP('',(#10165,#10166,#10167));
#10165=ORIENTED_EDGE('',*,*,#10168,.T.);
#10166=ORIENTED_EDGE('',*,*,#10169,.T.);
#10167=ORIENTED_EDGE('',*,*,#10170,.T.);
#10168=EDGE_CURVE('',#105,#509,#10171,.F.);
#10169=EDGE_CURVE('',#509,#505,#10172,.T.);
#10170=EDGE_CURVE('',#505,#105,#10173,.T.);
#10171=LINE('',#104,#10174);
#10172=LINE('',#508,#10175);
#10173=LINE('',#504,#10176);
#10174=VECTOR('',#10177,1.0);
#10175=VECTOR('',#10178,1.0);
#10176=VECTOR('',#10179,1.0);
#10177=DIRECTION('',(-0.6530345690674819,0.7573281003652566,0));
#10178=DIRECTION('',(-0.6087584498010064,-0.7933556263088298,0));
#10179=DIRECTION('',(0.7071069260056643,-0.707106636367401,0));
#10180=FACE_SURFACE('',(#10185),#10181,.T.);
#10181=PLANE('',#10182);
#10182=AXIS2_PLACEMENT_3D('',#104,#10183,#10184);
#10183=DIRECTION('',(0,0,1));
#10184=DIRECTION('',(-0.7071069260056643,0.707106636367401,0));
#10185=FACE_BOUND('',#10186,.T.);
#10186=EDGE_LOOP('',(#10187,#10188,#10189));
#10187=ORIENTED_EDGE('',*,*,#10190,.T.);
#10188=ORIENTED_EDGE('',*,*,#10191,.T.);
#10189=ORIENTED_EDGE('',*,*,#10192,.T.);
#10190=EDGE_CURVE('',#105,#505,#10193,.F.);
#10191=EDGE_CURVE('',#505,#501,#10194,.T.);
#10192=EDGE_CURVE('',#501,#105,#10195,.T.);
#10193=LINE('',#104,#10196);
#10194=LINE('',#504,#10197);
#10195=LINE('',#500,#10198);
#10196=VECTOR('',#10199,1.0);
#10197=VECTOR('',#10200,1.0);
#10198=VECTOR('',#10201,1.0);
#10199=DIRECTION('',(-0.7071069260056643,0.707106636367401,0));
#10200=DIRECTION('',(-0.7933542012276021,-0.6087603070129601,0));
#10201=DIRECTION('',(0.7573282418283371,-0.6530344050118645,0));
#10202=FACE_SURFACE('',(#10207),#10203,.T.);
#10203=PLANE('',#10204);
#10204=AXIS2_PLACEMENT_3D('',#102,#10205,#10206);
#10205=DIRECTION('',(0,0,1));
#10206=DIRECTION('',(-0.9979253088836227,0.06438227931291601,0));
#10207=FACE_BOUND('',#10208,.T.);
#10208=EDGE_LOOP('',(#10209,#10210,#10211));
#10209=ORIENTED_EDGE('',*,*,#10212,.T.);
#10210=ORIENTED_EDGE('',*,*,#10213,.T.);
#10211=ORIENTED_EDGE('',*,*,#10214,.T.);
#10212=EDGE_CURVE('',#103,#519,#10215,.F.);
#10213=EDGE_CURVE('',#519,#101,#10216,.T.);
#10214=EDGE_CURVE('',#101,#103,#10217,.T.);
#10215=LINE('',#102,#10218);
#10216=LINE('',#518,#10219);
#10217=LINE('',#100,#10220);
#10218=VECTOR('',#10221,1.0);
#10219=VECTOR('',#10222,1.0);
#10220=VECTOR('',#10223,1.0);
#10221=DIRECTION('',(-0.9979253088836227,0.06438227931291601,0));
#10222=DIRECTION('',(0,-1,0));
#10223=DIRECTION('',(1,0,0));
#10224=FACE_SURFACE('',(#10229),#10225,.T.);
#10225=PLANE('',#10226);
#10226=AXIS2_PLACEMENT_3D('',#100,#10227,#10228);
#10227=DIRECTION('',(0,-0,1));
#10228=DIRECTION('',(0,1,0));
#10229=FACE_BOUND('',#10230,.T.);
#10230=EDGE_LOOP('',(#10231,#10232,#10233));
#10231=ORIENTED_EDGE('',*,*,#10234,.T.);
#10232=ORIENTED_EDGE('',*,*,#10235,.T.);
#10233=ORIENTED_EDGE('',*,*,#10236,.T.);
#10234=EDGE_CURVE('',#101,#519,#10237,.F.);
#10235=EDGE_CURVE('',#519,#429,#10238,.T.);
#10236=EDGE_CURVE('',#429,#101,#10239,.T.);
#10237=LINE('',#100,#10240);
#10238=LINE('',#518,#10241);
#10239=LINE('',#428,#10242);
#10240=VECTOR('',#10243,1.0);
#10241=VECTOR('',#10244,1.0);
#10242=VECTOR('',#10245,1.0);
#10243=DIRECTION('',(0,1,0));
#10244=DIRECTION('',(-0.6530342861414153,-0.7573283443287807,0));
#10245=DIRECTION('',(0.97701982544658,-0.21314844752973075,0));
#10246=FACE_SURFACE('',(#10251),#10247,.T.);
#10247=PLANE('',#10248);
#10248=AXIS2_PLACEMENT_3D('',#100,#10249,#10250);
#10249=DIRECTION('',(0,0,1));
#10250=DIRECTION('',(-0.97701982544658,0.21314844752973075,0));
#10251=FACE_BOUND('',#10252,.T.);
#10252=EDGE_LOOP('',(#10253,#10254,#10255));
#10253=ORIENTED_EDGE('',*,*,#10256,.T.);
#10254=ORIENTED_EDGE('',*,*,#10257,.T.);
#10255=ORIENTED_EDGE('',*,*,#10258,.T.);
#10256=EDGE_CURVE('',#101,#429,#10259,.F.);
#10257=EDGE_CURVE('',#429,#425,#10260,.T.);
#10258=EDGE_CURVE('',#425,#101,#10261,.T.);
#10259=LINE('',#100,#10262);
#10260=LINE('',#428,#10263);
#10261=LINE('',#424,#10264);
#10262=VECTOR('',#10265,1.0);
#10263=VECTOR('',#10266,1.0);
#10264=VECTOR('',#10267,1.0);
#10265=DIRECTION('',(-0.97701982544658,0.21314844752973075,0));
#10266=DIRECTION('',(0.38268406139067646,-0.9238792719601068,0));
#10267=DIRECTION('',(0.9931010724304176,-0.11726150236780321,0));
#10268=FACE_SURFACE('',(#10273),#10269,.T.);
#10269=PLANE('',#10270);
#10270=AXIS2_PLACEMENT_3D('',#106,#10271,#10272);
#10271=DIRECTION('',(0,0,1));
#10272=DIRECTION('',(0.6530347331230075,0.7573279589021933,0));
#10273=FACE_BOUND('',#10274,.T.);
#10274=EDGE_LOOP('',(#10275,#10276,#10277));
#10275=ORIENTED_EDGE('',*,*,#10278,.T.);
#10276=ORIENTED_EDGE('',*,*,#10279,.T.);
#10277=ORIENTED_EDGE('',*,*,#10280,.T.);
#10278=EDGE_CURVE('',#107,#285,#10281,.F.);
#10279=EDGE_CURVE('',#285,#103,#10282,.T.);
#10280=EDGE_CURVE('',#103,#107,#10283,.T.);
#10281=LINE('',#106,#10284);
#10282=LINE('',#284,#10285);
#10283=LINE('',#102,#10286);
#10284=VECTOR('',#10287,1.0);
#10285=VECTOR('',#10288,1.0);
#10286=VECTOR('',#10289,1.0);
#10287=DIRECTION('',(0.6530347331230075,0.7573279589021933,0));
#10288=DIRECTION('',(-0.9770196666488348,0.21314917541806178,0));
#10289=DIRECTION('',(0,-1,0));
#10290=FACE_SURFACE('',(#10295),#10291,.T.);
#10291=PLANE('',#10292);
#10292=AXIS2_PLACEMENT_3D('',#102,#10293,#10294);
#10293=DIRECTION('',(0,0,1));
#10294=DIRECTION('',(0.9770196666488348,-0.21314917541806178,0));
#10295=FACE_BOUND('',#10296,.T.);
#10296=EDGE_LOOP('',(#10297,#10298,#10299));
#10297=ORIENTED_EDGE('',*,*,#10300,.T.);
#10298=ORIENTED_EDGE('',*,*,#10301,.T.);
#10299=ORIENTED_EDGE('',*,*,#10302,.T.);
#10300=EDGE_CURVE('',#103,#285,#10303,.F.);
#10301=EDGE_CURVE('',#285,#281,#10304,.T.);
#10302=EDGE_CURVE('',#281,#103,#10305,.T.);
#10303=LINE('',#102,#10306);
#10304=LINE('',#284,#10307);
#10305=LINE('',#280,#10308);
#10306=VECTOR('',#10309,1.0);
#10307=VECTOR('',#10310,1.0);
#10308=VECTOR('',#10311,1.0);
#10309=DIRECTION('',(0.9770196666488348,-0.21314917541806178,0));
#10310=DIRECTION('',(-0.38268462453937563,0.9238790386956276,0));
#10311=DIRECTION('',(-0.9931010724304176,0.11726150236780321,0));
#10312=FACE_SURFACE('',(#10317),#10313,.T.);
#10313=PLANE('',#10314);
#10314=AXIS2_PLACEMENT_3D('',#102,#10315,#10316);
#10315=DIRECTION('',(-0,0,1));
#10316=DIRECTION('',(0.9931010724304176,-0.11726150236780321,0));
#10317=FACE_BOUND('',#10318,.T.);
#10318=EDGE_LOOP('',(#10319,#10320,#10321));
#10319=ORIENTED_EDGE('',*,*,#10322,.T.);
#10320=ORIENTED_EDGE('',*,*,#10323,.T.);
#10321=ORIENTED_EDGE('',*,*,#10324,.T.);
#10322=EDGE_CURVE('',#103,#281,#10325,.F.);
#10323=EDGE_CURVE('',#281,#277,#10326,.T.);
#10324=EDGE_CURVE('',#277,#103,#10327,.T.);
#10325=LINE('',#102,#10328);
#10326=LINE('',#280,#10329);
#10327=LINE('',#276,#10330);
#10328=VECTOR('',#10331,1.0);
#10329=VECTOR('',#10332,1.0);
#10330=VECTOR('',#10333,1.0);
#10331=DIRECTION('',(0.9931010724304176,-0.11726150236780321,0));
#10332=DIRECTION('',(-0.1305303114784014,0.9914443190544547,0));
#10333=DIRECTION('',(-1,0,0));
#10334=FACE_SURFACE('',(#10339),#10335,.T.);
#10335=PLANE('',#10336);
#10336=AXIS2_PLACEMENT_3D('',#98,#10337,#10338);
#10337=DIRECTION('',(0,0,1));
#10338=DIRECTION('',(-0.8256447393102877,0.5641903618897146,0));
#10339=FACE_BOUND('',#10340,.T.);
#10340=EDGE_LOOP('',(#10341,#10342,#10343));
#10341=ORIENTED_EDGE('',*,*,#10344,.T.);
#10342=ORIENTED_EDGE('',*,*,#10345,.T.);
#10343=ORIENTED_EDGE('',*,*,#10346,.T.);
#10344=EDGE_CURVE('',#99,#301,#10347,.F.);
#10345=EDGE_CURVE('',#301,#107,#10348,.T.);
#10346=EDGE_CURVE('',#107,#99,#10349,.T.);
#10347=LINE('',#98,#10350);
#10348=LINE('',#300,#10351);
#10349=LINE('',#106,#10352);
#10350=VECTOR('',#10353,1.0);
#10351=VECTOR('',#10354,1.0);
#10352=VECTOR('',#10355,1.0);
#10353=DIRECTION('',(-0.8256447393102877,0.5641903618897146,0));
#10354=DIRECTION('',(-0.8256447393102877,-0.5641903618897146,0));
#10355=DIRECTION('',(1,0,0));
#10356=FACE_SURFACE('',(#10361),#10357,.T.);
#10357=PLANE('',#10358);
#10358=AXIS2_PLACEMENT_3D('',#106,#10359,#10360);
#10359=DIRECTION('',(0,0,1));
#10360=DIRECTION('',(0.8256447393102877,0.5641903618897146,0));
#10361=FACE_BOUND('',#10362,.T.);
#10362=EDGE_LOOP('',(#10363,#10364,#10365));
#10363=ORIENTED_EDGE('',*,*,#10366,.T.);
#10364=ORIENTED_EDGE('',*,*,#10367,.T.);
#10365=ORIENTED_EDGE('',*,*,#10368,.T.);
#10366=EDGE_CURVE('',#107,#301,#10369,.F.);
#10367=EDGE_CURVE('',#301,#297,#10370,.T.);
#10368=EDGE_CURVE('',#297,#107,#10371,.T.);
#10369=LINE('',#106,#10372);
#10370=LINE('',#300,#10373);
#10371=LINE('',#296,#10374);
#10372=VECTOR('',#10375,1.0);
#10373=VECTOR('',#10376,1.0);
#10374=VECTOR('',#10377,1.0);
#10375=DIRECTION('',(0.8256447393102877,0.5641903618897146,0));
#10376=DIRECTION('',(-0.9914451833103016,0.13052374684632015,0));
#10377=DIRECTION('',(-0.797661748979531,-0.6031050772584458,0));
#10378=FACE_SURFACE('',(#10383),#10379,.T.);
#10379=PLANE('',#10380);
#10380=AXIS2_PLACEMENT_3D('',#106,#10381,#10382);
#10381=DIRECTION('',(0,0,1));
#10382=DIRECTION('',(0.797661748979531,0.6031050772584458,0));
#10383=FACE_BOUND('',#10384,.T.);
#10384=EDGE_LOOP('',(#10385,#10386,#10387));
#10385=ORIENTED_EDGE('',*,*,#10388,.T.);
#10386=ORIENTED_EDGE('',*,*,#10389,.T.);
#10387=ORIENTED_EDGE('',*,*,#10390,.T.);
#10388=EDGE_CURVE('',#107,#297,#10391,.F.);
#10389=EDGE_CURVE('',#297,#293,#10392,.T.);
#10390=EDGE_CURVE('',#293,#107,#10393,.T.);
#10391=LINE('',#106,#10394);
#10392=LINE('',#296,#10395);
#10393=LINE('',#292,#10396);
#10394=VECTOR('',#10397,1.0);
#10395=VECTOR('',#10398,1.0);
#10396=VECTOR('',#10399,1.0);
#10397=DIRECTION('',(0.797661748979531,0.6031050772584458,0));
#10398=DIRECTION('',(-0.9238790386956276,0.38268462453937563,0));
#10399=DIRECTION('',(-0.7573284857917841,-0.6530341220857632,0));
#10400=FACE_SURFACE('',(#10405),#10401,.T.);
#10401=PLANE('',#10402);
#10402=AXIS2_PLACEMENT_3D('',#60,#10403,#10404);
#10403=DIRECTION('',(0,0,1));
#10404=DIRECTION('',(-0.5641903618897146,-0.8256447393102877,0));
#10405=FACE_BOUND('',#10406,.T.);
#10406=EDGE_LOOP('',(#10407,#10408,#10409));
#10407=ORIENTED_EDGE('',*,*,#10410,.T.);
#10408=ORIENTED_EDGE('',*,*,#10411,.T.);
#10409=ORIENTED_EDGE('',*,*,#10412,.T.);
#10410=EDGE_CURVE('',#61,#229,#10413,.F.);
#10411=EDGE_CURVE('',#229,#99,#10414,.T.);
#10412=EDGE_CURVE('',#99,#61,#10415,.T.);
#10413=LINE('',#60,#10416);
#10414=LINE('',#228,#10417);
#10415=LINE('',#98,#10418);
#10416=VECTOR('',#10419,1.0);
#10417=VECTOR('',#10420,1.0);
#10418=VECTOR('',#10421,1.0);
#10419=DIRECTION('',(-0.5641903618897146,-0.8256447393102877,0));
#10420=DIRECTION('',(0.5641903618897146,-0.8256447393102877,0));
#10421=DIRECTION('',(0,1,0));
#10422=FACE_SURFACE('',(#10427),#10423,.T.);
#10423=PLANE('',#10424);
#10424=AXIS2_PLACEMENT_3D('',#98,#10425,#10426);
#10425=DIRECTION('',(0,0,1));
#10426=DIRECTION('',(-0.5641903618897146,0.8256447393102877,0));
#10427=FACE_BOUND('',#10428,.T.);
#10428=EDGE_LOOP('',(#10429,#10430,#10431));
#10429=ORIENTED_EDGE('',*,*,#10432,.T.);
#10430=ORIENTED_EDGE('',*,*,#10433,.T.);
#10431=ORIENTED_EDGE('',*,*,#10434,.T.);
#10432=EDGE_CURVE('',#99,#229,#10435,.F.);
#10433=EDGE_CURVE('',#229,#321,#10436,.T.);
#10434=EDGE_CURVE('',#321,#99,#10437,.T.);
#10435=LINE('',#98,#10438);
#10436=LINE('',#228,#10439);
#10437=LINE('',#320,#10440);
#10438=VECTOR('',#10441,1.0);
#10439=VECTOR('',#10442,1.0);
#10440=VECTOR('',#10443,1.0);
#10441=DIRECTION('',(-0.5641903618897146,0.8256447393102877,0));
#10442=DIRECTION('',(-0.1305303114784014,-0.9914443190544547,0));
#10443=DIRECTION('',(0.6031056944925898,-0.7976612822938135,0));
#10444=FACE_SURFACE('',(#10449),#10445,.T.);
#10445=PLANE('',#10446);
#10446=AXIS2_PLACEMENT_3D('',#98,#10447,#10448);
#10447=DIRECTION('',(0,0,1));
#10448=DIRECTION('',(-0.6031056944925898,0.7976612822938135,0));
#10449=FACE_BOUND('',#10450,.T.);
#10450=EDGE_LOOP('',(#10451,#10452,#10453));
#10451=ORIENTED_EDGE('',*,*,#10454,.T.);
#10452=ORIENTED_EDGE('',*,*,#10455,.T.);
#10453=ORIENTED_EDGE('',*,*,#10456,.T.);
#10454=EDGE_CURVE('',#99,#321,#10457,.F.);
#10455=EDGE_CURVE('',#321,#317,#10458,.T.);
#10456=EDGE_CURVE('',#317,#99,#10459,.T.);
#10457=LINE('',#98,#10460);
#10458=LINE('',#320,#10461);
#10459=LINE('',#316,#10462);
#10460=VECTOR('',#10463,1.0);
#10461=VECTOR('',#10464,1.0);
#10462=VECTOR('',#10465,1.0);
#10463=DIRECTION('',(-0.6031056944925898,0.7976612822938135,0));
#10464=DIRECTION('',(-0.38268462453937563,-0.9238790386956276,0));
#10465=DIRECTION('',(0.6530347331230075,-0.7573279589021933,0));
#10466=FACE_SURFACE('',(#10471),#10467,.T.);
#10467=PLANE('',#10468);
#10468=AXIS2_PLACEMENT_3D('',#54,#10469,#10470);
#10469=DIRECTION('',(-0,0,1));
#10470=DIRECTION('',(0.2772149958031269,-0.9608079132177629,0));
#10471=FACE_BOUND('',#10472,.T.);
#10472=EDGE_LOOP('',(#10473,#10474,#10475));
#10473=ORIENTED_EDGE('',*,*,#10476,.T.);
#10474=ORIENTED_EDGE('',*,*,#10477,.T.);
#10475=ORIENTED_EDGE('',*,*,#10478,.T.);
#10476=EDGE_CURVE('',#55,#241,#10479,.F.);
#10477=EDGE_CURVE('',#241,#61,#10480,.T.);
#10478=EDGE_CURVE('',#61,#55,#10481,.T.);
#10479=LINE('',#54,#10482);
#10480=LINE('',#240,#10483);
#10481=LINE('',#60,#10484);
#10482=VECTOR('',#10485,1.0);
#10483=VECTOR('',#10486,1.0);
#10484=VECTOR('',#10487,1.0);
#10485=DIRECTION('',(0.2772149958031269,-0.9608079132177629,0));
#10486=DIRECTION('',(0.7071064915482842,0.7071070708246923,0));
#10487=DIRECTION('',(-1,0,0));
#10488=FACE_SURFACE('',(#10493),#10489,.T.);
#10489=PLANE('',#10490);
#10490=AXIS2_PLACEMENT_3D('',#60,#10491,#10492);
#10491=DIRECTION('',(0,0,1));
#10492=DIRECTION('',(-0.7071064915482842,-0.7071070708246923,0));
#10493=FACE_BOUND('',#10494,.T.);
#10494=EDGE_LOOP('',(#10495,#10496,#10497));
#10495=ORIENTED_EDGE('',*,*,#10498,.T.);
#10496=ORIENTED_EDGE('',*,*,#10499,.T.);
#10497=ORIENTED_EDGE('',*,*,#10500,.T.);
#10498=EDGE_CURVE('',#61,#241,#10501,.F.);
#10499=EDGE_CURVE('',#241,#237,#10502,.T.);
#10500=EDGE_CURVE('',#237,#61,#10503,.T.);
#10501=LINE('',#60,#10504);
#10502=LINE('',#240,#10505);
#10503=LINE('',#236,#10506);
#10504=VECTOR('',#10507,1.0);
#10505=VECTOR('',#10508,1.0);
#10506=VECTOR('',#10509,1.0);
#10507=DIRECTION('',(-0.7071064915482842,-0.7071070708246923,0));
#10508=DIRECTION('',(0.6087536090083107,-0.7933593407273636,0));
#10509=DIRECTION('',(0.6530344501969755,0.7573282028657945,0));
#10510=FACE_SURFACE('',(#10515),#10511,.T.);
#10511=PLANE('',#10512);
#10512=AXIS2_PLACEMENT_3D('',#60,#10513,#10514);
#10513=DIRECTION('',(0,0,1));
#10514=DIRECTION('',(-0.6530344501969755,-0.7573282028657945,0));
#10515=FACE_BOUND('',#10516,.T.);
#10516=EDGE_LOOP('',(#10517,#10518,#10519));
#10517=ORIENTED_EDGE('',*,*,#10520,.T.);
#10518=ORIENTED_EDGE('',*,*,#10521,.T.);
#10519=ORIENTED_EDGE('',*,*,#10522,.T.);
#10520=EDGE_CURVE('',#61,#237,#10523,.F.);
#10521=EDGE_CURVE('',#237,#233,#10524,.T.);
#10522=EDGE_CURVE('',#233,#61,#10525,.T.);
#10523=LINE('',#60,#10526);
#10524=LINE('',#236,#10527);
#10525=LINE('',#232,#10528);
#10526=VECTOR('',#10529,1.0);
#10527=VECTOR('',#10530,1.0);
#10528=VECTOR('',#10531,1.0);
#10529=DIRECTION('',(-0.6530344501969755,-0.7573282028657945,0));
#10530=DIRECTION('',(0.3826873437136716,-0.9238779123679569,0));
#10531=DIRECTION('',(0.6031056944925898,0.7976612822938135,0));
#10532=FACE_SURFACE('',(#10537),#10533,.T.);
#10533=PLANE('',#10534);
#10534=AXIS2_PLACEMENT_3D('',#56,#10535,#10536);
#10535=DIRECTION('',(0,0,1));
#10536=DIRECTION('',(-1,0,0));
#10537=FACE_BOUND('',#10538,.T.);
#10538=EDGE_LOOP('',(#10539,#10540,#10541));
#10539=ORIENTED_EDGE('',*,*,#10542,.T.);
#10540=ORIENTED_EDGE('',*,*,#10543,.T.);
#10541=ORIENTED_EDGE('',*,*,#10544,.T.);
#10542=EDGE_CURVE('',#57,#541,#10545,.F.);
#10543=EDGE_CURVE('',#541,#55,#10546,.T.);
#10544=EDGE_CURVE('',#55,#57,#10547,.T.);
#10545=LINE('',#56,#10548);
#10546=LINE('',#540,#10549);
#10547=LINE('',#54,#10550);
#10548=VECTOR('',#10551,1.0);
#10549=VECTOR('',#10552,1.0);
#10550=VECTOR('',#10553,1.0);
#10551=DIRECTION('',(-1,0,0));
#10552=DIRECTION('',(0.05547001962252291,-0.9984603532054125,0));
#10553=DIRECTION('',(0,1,0));
#10554=FACE_SURFACE('',(#10559),#10555,.T.);
#10555=PLANE('',#10556);
#10556=AXIS2_PLACEMENT_3D('',#54,#10557,#10558);
#10557=DIRECTION('',(0,0,1));
#10558=DIRECTION('',(-0.05547001962252291,0.9984603532054125,0));
#10559=FACE_BOUND('',#10560,.T.);
#10560=EDGE_LOOP('',(#10561,#10562,#10563));
#10561=ORIENTED_EDGE('',*,*,#10564,.T.);
#10562=ORIENTED_EDGE('',*,*,#10565,.T.);
#10563=ORIENTED_EDGE('',*,*,#10566,.T.);
#10564=EDGE_CURVE('',#55,#541,#10567,.F.);
#10565=EDGE_CURVE('',#541,#545,#10568,.T.);
#10566=EDGE_CURVE('',#545,#55,#10569,.T.);
#10567=LINE('',#54,#10570);
#10568=LINE('',#540,#10571);
#10569=LINE('',#544,#10572);
#10570=VECTOR('',#10573,1.0);
#10571=VECTOR('',#10574,1.0);
#10572=VECTOR('',#10575,1.0);
#10573=DIRECTION('',(-0.05547001962252291,0.9984603532054125,0));
#10574=DIRECTION('',(0,-1,0));
#10575=DIRECTION('',(1,0,0));
#10576=FACE_SURFACE('',(#10581),#10577,.T.);
#10577=PLANE('',#10578);
#10578=AXIS2_PLACEMENT_3D('',#54,#10579,#10580);
#10579=DIRECTION('',(0,0,1));
#10580=DIRECTION('',(-1,0,0));
#10581=FACE_BOUND('',#10582,.T.);
#10582=EDGE_LOOP('',(#10583,#10584,#10585));
#10583=ORIENTED_EDGE('',*,*,#10586,.T.);
#10584=ORIENTED_EDGE('',*,*,#10587,.T.);
#10585=ORIENTED_EDGE('',*,*,#10588,.T.);
#10586=EDGE_CURVE('',#55,#545,#10589,.F.);
#10587=EDGE_CURVE('',#545,#265,#10590,.T.);
#10588=EDGE_CURVE('',#265,#55,#10591,.T.);
#10589=LINE('',#54,#10592);
#10590=LINE('',#544,#10593);
#10591=LINE('',#264,#10594);
#10592=VECTOR('',#10595,1.0);
#10593=VECTOR('',#10596,1.0);
#10594=VECTOR('',#10597,1.0);
#10595=DIRECTION('',(-1,0,0));
#10596=DIRECTION('',(0.7071070708244549,-0.7071064915485215,0));
#10597=DIRECTION('',(0.2772135425520442,0.9608083325126535,0));
#10598=FACE_SURFACE('',(#10603),#10599,.T.);
#10599=PLANE('',#10600);
#10600=AXIS2_PLACEMENT_3D('',#264,#10601,#10602);
#10601=DIRECTION('',(0,0,1));
#10602=DIRECTION('',(-0.7071070708244549,0.7071064915485215,0));
#10603=FACE_BOUND('',#10604,.T.);
#10604=EDGE_LOOP('',(#10605,#10606,#10607));
#10605=ORIENTED_EDGE('',*,*,#10608,.T.);
#10606=ORIENTED_EDGE('',*,*,#10609,.T.);
#10607=ORIENTED_EDGE('',*,*,#10610,.T.);
#10608=EDGE_CURVE('',#265,#545,#10611,.F.);
#10609=EDGE_CURVE('',#545,#269,#10612,.T.);
#10610=EDGE_CURVE('',#269,#265,#10613,.T.);
#10611=LINE('',#264,#10614);
#10612=LINE('',#544,#10615);
#10613=LINE('',#268,#10616);
#10614=VECTOR('',#10617,1.0);
#10615=VECTOR('',#10618,1.0);
#10616=VECTOR('',#10619,1.0);
#10617=DIRECTION('',(-0.7071070708244549,0.7071064915485215,0));
#10618=DIRECTION('',(0.6530344501969755,-0.7573282028657945,0));
#10619=DIRECTION('',(0.6087632905257101,0.7933519118955407,0));
#10620=FACE_SURFACE('',(#10625),#10621,.T.);
#10621=PLANE('',#10622);
#10622=AXIS2_PLACEMENT_3D('',#268,#10623,#10624);
#10623=DIRECTION('',(0,0,1));
#10624=DIRECTION('',(-0.6530344501969755,0.7573282028657945,0));
#10625=FACE_BOUND('',#10626,.T.);
#10626=EDGE_LOOP('',(#10627,#10628,#10629));
#10627=ORIENTED_EDGE('',*,*,#10630,.T.);
#10628=ORIENTED_EDGE('',*,*,#10631,.T.);
#10629=ORIENTED_EDGE('',*,*,#10632,.T.);
#10630=EDGE_CURVE('',#269,#545,#10633,.F.);
#10631=EDGE_CURVE('',#545,#103,#10634,.T.);
#10632=EDGE_CURVE('',#103,#269,#10635,.T.);
#10633=LINE('',#268,#10636);
#10634=LINE('',#544,#10637);
#10635=LINE('',#102,#10638);
#10636=VECTOR('',#10639,1.0);
#10637=VECTOR('',#10640,1.0);
#10638=VECTOR('',#10641,1.0);
#10639=DIRECTION('',(-0.6530344501969755,0.7573282028657945,0));
#10640=DIRECTION('',(0,-1,0));
#10641=DIRECTION('',(0.97701984488917,0.21314835840968127,0));
#10642=FACE_SURFACE('',(#10647),#10643,.T.);
#10643=PLANE('',#10644);
#10644=AXIS2_PLACEMENT_3D('',#268,#10645,#10646);
#10645=DIRECTION('',(0,0,1));
#10646=DIRECTION('',(-0.97701984488917,-0.21314835840968127,0));
#10647=FACE_BOUND('',#10648,.T.);
#10648=EDGE_LOOP('',(#10649,#10650,#10651));
#10649=ORIENTED_EDGE('',*,*,#10652,.T.);
#10650=ORIENTED_EDGE('',*,*,#10653,.T.);
#10651=ORIENTED_EDGE('',*,*,#10654,.T.);
#10652=EDGE_CURVE('',#269,#103,#10655,.F.);
#10653=EDGE_CURVE('',#103,#273,#10656,.T.);
#10654=EDGE_CURVE('',#273,#269,#10657,.T.);
#10655=LINE('',#268,#10658);
#10656=LINE('',#102,#10659);
#10657=LINE('',#272,#10660);
#10658=VECTOR('',#10661,1.0);
#10659=VECTOR('',#10662,1.0);
#10660=VECTOR('',#10663,1.0);
#10661=DIRECTION('',(-0.97701984488917,-0.21314835840968127,0));
#10662=DIRECTION('',(0.9931010724304176,0.11726150236780321,0));
#10663=DIRECTION('',(0.3826873437136716,0.9238779123679569,0));
#10664=FACE_SURFACE('',(#10669),#10665,.T.);
#10665=PLANE('',#10666);
#10666=AXIS2_PLACEMENT_3D('',#272,#10667,#10668);
#10667=DIRECTION('',(0,0,1));
#10668=DIRECTION('',(-0.9931010724304176,-0.11726150236780321,0));
#10669=FACE_BOUND('',#10670,.T.);
#10670=EDGE_LOOP('',(#10671,#10672,#10673));
#10671=ORIENTED_EDGE('',*,*,#10674,.T.);
#10672=ORIENTED_EDGE('',*,*,#10675,.T.);
#10673=ORIENTED_EDGE('',*,*,#10676,.T.);
#10674=EDGE_CURVE('',#273,#103,#10677,.F.);
#10675=EDGE_CURVE('',#103,#277,#10678,.T.);
#10676=EDGE_CURVE('',#277,#273,#10679,.T.);
#10677=LINE('',#272,#10680);
#10678=LINE('',#102,#10681);
#10679=LINE('',#276,#10682);
#10680=VECTOR('',#10683,1.0);
#10681=VECTOR('',#10684,1.0);
#10682=VECTOR('',#10685,1.0);
#10683=DIRECTION('',(-0.9931010724304176,-0.11726150236780321,0));
#10684=DIRECTION('',(1,0,0));
#10685=DIRECTION('',(0.1305303114784014,0.9914443190544547,0));
#10686=FACE_SURFACE('',(#10691),#10687,.T.);
#10687=PLANE('',#10688);
#10688=AXIS2_PLACEMENT_3D('',#216,#10689,#10690);
#10689=DIRECTION('',(0,0,1));
#10690=DIRECTION('',(-0.7933579156621279,-0.6087554662228865,0));
#10691=FACE_BOUND('',#10692,.T.);
#10692=EDGE_LOOP('',(#10693,#10694,#10695));
#10693=ORIENTED_EDGE('',*,*,#10696,.T.);
#10694=ORIENTED_EDGE('',*,*,#10697,.T.);
#10695=ORIENTED_EDGE('',*,*,#10698,.T.);
#10696=EDGE_CURVE('',#217,#213,#10699,.F.);
#10697=EDGE_CURVE('',#213,#111,#10700,.T.);
#10698=EDGE_CURVE('',#111,#217,#10701,.T.);
#10699=LINE('',#216,#10702);
#10700=LINE('',#212,#10703);
#10701=LINE('',#110,#10704);
#10702=VECTOR('',#10705,1.0);
#10703=VECTOR('',#10706,1.0);
#10704=VECTOR('',#10707,1.0);
#10705=DIRECTION('',(-0.7933579156621279,-0.6087554662228865,0));
#10706=DIRECTION('',(-0.21314917541806178,-0.9770196666488348,0));
#10707=DIRECTION('',(0.27721484213836095,0.9608079575535392,0));
#10708=FACE_SURFACE('',(#10713),#10709,.T.);
#10709=PLANE('',#10710);
#10710=AXIS2_PLACEMENT_3D('',#110,#10711,#10712);
#10711=DIRECTION('',(0,0,1));
#10712=DIRECTION('',(0.21314917541806178,0.9770196666488348,0));
#10713=FACE_BOUND('',#10714,.T.);
#10714=EDGE_LOOP('',(#10715,#10716,#10717));
#10715=ORIENTED_EDGE('',*,*,#10718,.T.);
#10716=ORIENTED_EDGE('',*,*,#10719,.T.);
#10717=ORIENTED_EDGE('',*,*,#10720,.T.);
#10718=EDGE_CURVE('',#111,#213,#10721,.F.);
#10719=EDGE_CURVE('',#213,#209,#10722,.T.);
#10720=EDGE_CURVE('',#209,#111,#10723,.T.);
#10721=LINE('',#110,#10724);
#10722=LINE('',#212,#10725);
#10723=LINE('',#208,#10726);
#10724=VECTOR('',#10727,1.0);
#10725=VECTOR('',#10728,1.0);
#10726=VECTOR('',#10729,1.0);
#10727=DIRECTION('',(0.21314917541806178,0.9770196666488348,0));
#10728=DIRECTION('',(-0.9238736003210871,-0.38269775362517106,0));
#10729=DIRECTION('',(-0.11726171422594393,-0.9931010474150115,0));
#10730=FACE_SURFACE('',(#10735),#10731,.T.);
#10731=PLANE('',#10732);
#10732=AXIS2_PLACEMENT_3D('',#110,#10733,#10734);
#10733=DIRECTION('',(0,0,1));
#10734=DIRECTION('',(0.11726171422594393,0.9931010474150115,0));
#10735=FACE_BOUND('',#10736,.T.);
#10736=EDGE_LOOP('',(#10737,#10738,#10739));
#10737=ORIENTED_EDGE('',*,*,#10740,.T.);
#10738=ORIENTED_EDGE('',*,*,#10741,.T.);
#10739=ORIENTED_EDGE('',*,*,#10742,.T.);
#10740=EDGE_CURVE('',#111,#209,#10743,.F.);
#10741=EDGE_CURVE('',#209,#205,#10744,.T.);
#10742=EDGE_CURVE('',#205,#111,#10745,.T.);
#10743=LINE('',#110,#10746);
#10744=LINE('',#208,#10747);
#10745=LINE('',#204,#10748);
#10746=VECTOR('',#10749,1.0);
#10747=VECTOR('',#10750,1.0);
#10748=VECTOR('',#10751,1.0);
#10749=DIRECTION('',(0.11726171422594393,0.9931010474150115,0));
#10750=DIRECTION('',(-0.9914443190544547,-0.1305303114784014,0));
#10751=DIRECTION('',(0,-1,0));
#10752=FACE_SURFACE('',(#10757),#10753,.T.);
#10753=PLANE('',#10754);
#10754=AXIS2_PLACEMENT_3D('',#204,#10755,#10756);
#10755=DIRECTION('',(0,0,1));
#10756=DIRECTION('',(-0.9914443190544547,0.1305303114784014,0));
#10757=FACE_BOUND('',#10758,.T.);
#10758=EDGE_LOOP('',(#10759,#10760,#10761));
#10759=ORIENTED_EDGE('',*,*,#10762,.T.);
#10760=ORIENTED_EDGE('',*,*,#10763,.T.);
#10761=ORIENTED_EDGE('',*,*,#10764,.T.);
#10762=EDGE_CURVE('',#205,#201,#10765,.F.);
#10763=EDGE_CURVE('',#201,#111,#10766,.T.);
#10764=EDGE_CURVE('',#111,#205,#10767,.T.);
#10765=LINE('',#204,#10768);
#10766=LINE('',#200,#10769);
#10767=LINE('',#110,#10770);
#10768=VECTOR('',#10771,1.0);
#10769=VECTOR('',#10772,1.0);
#10770=VECTOR('',#10773,1.0);
#10771=DIRECTION('',(-0.9914443190544547,0.1305303114784014,0));
#10772=DIRECTION('',(0.11726171422594393,-0.9931010474150115,0));
#10773=DIRECTION('',(0,1,0));
#10774=FACE_SURFACE('',(#10779),#10775,.T.);
#10775=PLANE('',#10776);
#10776=AXIS2_PLACEMENT_3D('',#110,#10777,#10778);
#10777=DIRECTION('',(0,0,1));
#10778=DIRECTION('',(-0.11726171422594393,0.9931010474150115,0));
#10779=FACE_BOUND('',#10780,.T.);
#10780=EDGE_LOOP('',(#10781,#10782,#10783));
#10781=ORIENTED_EDGE('',*,*,#10784,.T.);
#10782=ORIENTED_EDGE('',*,*,#10785,.T.);
#10783=ORIENTED_EDGE('',*,*,#10786,.T.);
#10784=EDGE_CURVE('',#111,#201,#10787,.F.);
#10785=EDGE_CURVE('',#201,#197,#10788,.T.);
#10786=EDGE_CURVE('',#197,#111,#10789,.T.);
#10787=LINE('',#110,#10790);
#10788=LINE('',#200,#10791);
#10789=LINE('',#196,#10792);
#10790=VECTOR('',#10793,1.0);
#10791=VECTOR('',#10794,1.0);
#10792=VECTOR('',#10795,1.0);
#10793=DIRECTION('',(-0.11726171422594393,0.9931010474150115,0));
#10794=DIRECTION('',(-0.9238730371249259,0.3826991132385406,0));
#10795=DIRECTION('',(0.21314876691392742,-0.9770197557690797,0));
#10796=FACE_SURFACE('',(#10801),#10797,.T.);
#10797=PLANE('',#10798);
#10798=AXIS2_PLACEMENT_3D('',#110,#10799,#10800);
#10799=DIRECTION('',(0,0,1));
#10800=DIRECTION('',(-0.21314876691392742,0.9770197557690797,0));
#10801=FACE_BOUND('',#10802,.T.);
#10802=EDGE_LOOP('',(#10803,#10804,#10805));
#10803=ORIENTED_EDGE('',*,*,#10806,.T.);
#10804=ORIENTED_EDGE('',*,*,#10807,.T.);
#10805=ORIENTED_EDGE('',*,*,#10808,.T.);
#10806=EDGE_CURVE('',#111,#197,#10809,.F.);
#10807=EDGE_CURVE('',#197,#193,#10810,.T.);
#10808=EDGE_CURVE('',#193,#111,#10811,.T.);
#10809=LINE('',#110,#10812);
#10810=LINE('',#196,#10813);
#10811=LINE('',#192,#10814);
#10812=VECTOR('',#10815,1.0);
#10813=VECTOR('',#10816,1.0);
#10814=VECTOR('',#10817,1.0);
#10815=DIRECTION('',(-0.21314876691392742,0.9770197557690797,0));
#10816=DIRECTION('',(-0.7933579156621279,0.6087554662228865,0));
#10817=DIRECTION('',(0.27721447882542066,-0.9608080623774711,0));
#10818=FACE_SURFACE('',(#10823),#10819,.T.);
#10819=PLANE('',#10820);
#10820=AXIS2_PLACEMENT_3D('',#184,#10821,#10822);
#10821=DIRECTION('',(0,0,1));
#10822=DIRECTION('',(-0.13052553626069216,0.9914449477322775,0));
#10823=FACE_BOUND('',#10824,.T.);
#10824=EDGE_LOOP('',(#10825,#10826,#10827));
#10825=ORIENTED_EDGE('',*,*,#10828,.T.);
#10826=ORIENTED_EDGE('',*,*,#10829,.T.);
#10827=ORIENTED_EDGE('',*,*,#10830,.T.);
#10828=EDGE_CURVE('',#185,#181,#10831,.F.);
#10829=EDGE_CURVE('',#181,#115,#10832,.T.);
#10830=EDGE_CURVE('',#115,#185,#10833,.T.);
#10831=LINE('',#184,#10834);
#10832=LINE('',#180,#10835);
#10833=LINE('',#114,#10836);
#10834=VECTOR('',#10837,1.0);
#10835=VECTOR('',#10838,1.0);
#10836=VECTOR('',#10839,1.0);
#10837=DIRECTION('',(-0.13052553626069216,0.9914449477322775,0));
#10838=DIRECTION('',(-0.5641905408095087,-0.8256446170484454,0));
#10839=DIRECTION('',(0.6031059602451964,0.7976610813601974,0));
#10840=FACE_SURFACE('',(#10845),#10841,.T.);
#10841=PLANE('',#10842);
#10842=AXIS2_PLACEMENT_3D('',#172,#10843,#10844);
#10843=DIRECTION('',(0,-0,1));
#10844=DIRECTION('',(0.6087571557745598,0.7933566192408483,0));
#10845=FACE_BOUND('',#10846,.T.);
#10846=EDGE_LOOP('',(#10847,#10848,#10849));
#10847=ORIENTED_EDGE('',*,*,#10850,.T.);
#10848=ORIENTED_EDGE('',*,*,#10851,.T.);
#10849=ORIENTED_EDGE('',*,*,#10852,.T.);
#10850=EDGE_CURVE('',#173,#169,#10853,.F.);
#10851=EDGE_CURVE('',#169,#119,#10854,.T.);
#10852=EDGE_CURVE('',#119,#173,#10855,.T.);
#10853=LINE('',#172,#10856);
#10854=LINE('',#168,#10857);
#10855=LINE('',#118,#10858);
#10856=VECTOR('',#10859,1.0);
#10857=VECTOR('',#10860,1.0);
#10858=VECTOR('',#10861,1.0);
#10859=DIRECTION('',(0.6087571557745598,0.7933566192408483,0));
#10860=DIRECTION('',(-0.7071070708246923,0.7071064915482842,0));
#10861=DIRECTION('',(0.6530342861414153,-0.7573283443287807,0));
#10862=FACE_SURFACE('',(#10867),#10863,.T.);
#10863=PLANE('',#10864);
#10864=AXIS2_PLACEMENT_3D('',#118,#10865,#10866);
#10865=DIRECTION('',(0,0,1));
#10866=DIRECTION('',(0.7071070708246923,-0.7071064915482842,0));
#10867=FACE_BOUND('',#10868,.T.);
#10868=EDGE_LOOP('',(#10869,#10870,#10871));
#10869=ORIENTED_EDGE('',*,*,#10872,.T.);
#10870=ORIENTED_EDGE('',*,*,#10873,.T.);
#10871=ORIENTED_EDGE('',*,*,#10874,.T.);
#10872=EDGE_CURVE('',#119,#169,#10875,.F.);
#10873=EDGE_CURVE('',#169,#165,#10876,.T.);
#10874=EDGE_CURVE('',#165,#119,#10877,.T.);
#10875=LINE('',#118,#10878);
#10876=LINE('',#168,#10879);
#10877=LINE('',#164,#10880);
#10878=VECTOR('',#10881,1.0);
#10879=VECTOR('',#10882,1.0);
#10880=VECTOR('',#10883,1.0);
#10881=DIRECTION('',(0.7071070708246923,-0.7071064915482842,0));
#10882=DIRECTION('',(0.7933579156621279,0.6087554662228865,0));
#10883=DIRECTION('',(-0.7573280808840336,0.6530345916599724,0));
#10884=FACE_SURFACE('',(#10889),#10885,.T.);
#10885=PLANE('',#10886);
#10886=AXIS2_PLACEMENT_3D('',#118,#10887,#10888);
#10887=DIRECTION('',(0,0,1));
#10888=DIRECTION('',(0.7573280808840336,-0.6530345916599724,0));
#10889=FACE_BOUND('',#10890,.T.);
#10890=EDGE_LOOP('',(#10891,#10892,#10893));
#10891=ORIENTED_EDGE('',*,*,#10894,.T.);
#10892=ORIENTED_EDGE('',*,*,#10895,.T.);
#10893=ORIENTED_EDGE('',*,*,#10896,.T.);
#10894=EDGE_CURVE('',#119,#165,#10897,.F.);
#10895=EDGE_CURVE('',#165,#161,#10898,.T.);
#10896=EDGE_CURVE('',#161,#119,#10899,.T.);
#10897=LINE('',#118,#10900);
#10898=LINE('',#164,#10901);
#10899=LINE('',#160,#10902);
#10900=VECTOR('',#10903,1.0);
#10901=VECTOR('',#10904,1.0);
#10902=VECTOR('',#10905,1.0);
#10903=DIRECTION('',(0.7573280808840336,-0.6530345916599724,0));
#10904=DIRECTION('',(0.9238839138221064,0.3826728547738218,0));
#10905=DIRECTION('',(-0.7976607507888119,0.6031063974549008,0));
#10906=FACE_SURFACE('',(#10911),#10907,.T.);
#10907=PLANE('',#10908);
#10908=AXIS2_PLACEMENT_3D('',#160,#10909,#10910);
#10909=DIRECTION('',(0,-0,1));
#10910=DIRECTION('',(0.9914443190544547,0.1305303114784014,0));
#10911=FACE_BOUND('',#10912,.T.);
#10912=EDGE_LOOP('',(#10913,#10914,#10915));
#10913=ORIENTED_EDGE('',*,*,#10916,.T.);
#10914=ORIENTED_EDGE('',*,*,#10917,.T.);
#10915=ORIENTED_EDGE('',*,*,#10918,.T.);
#10916=EDGE_CURVE('',#161,#157,#10919,.F.);
#10917=EDGE_CURVE('',#157,#119,#10920,.T.);
#10918=EDGE_CURVE('',#119,#161,#10921,.T.);
#10919=LINE('',#160,#10922);
#10920=LINE('',#156,#10923);
#10921=LINE('',#118,#10924);
#10922=VECTOR('',#10925,1.0);
#10923=VECTOR('',#10926,1.0);
#10924=VECTOR('',#10927,1.0);
#10925=DIRECTION('',(0.9914443190544547,0.1305303114784014,0));
#10926=DIRECTION('',(-0.8256442502629032,0.5641910775684142,0));
#10927=DIRECTION('',(0.7976607507888119,-0.6031063974549008,0));
#10928=FACE_SURFACE('',(#10933),#10929,.T.);
#10929=PLANE('',#10930);
#10930=AXIS2_PLACEMENT_3D('',#148,#10931,#10932);
#10931=DIRECTION('',(-0,0,1));
#10932=DIRECTION('',(0.7933579156621279,-0.6087554662228865,0));
#10933=FACE_BOUND('',#10934,.T.);
#10934=EDGE_LOOP('',(#10935,#10936,#10937));
#10935=ORIENTED_EDGE('',*,*,#10938,.T.);
#10936=ORIENTED_EDGE('',*,*,#10939,.T.);
#10937=ORIENTED_EDGE('',*,*,#10940,.T.);
#10938=EDGE_CURVE('',#149,#145,#10941,.F.);
#10939=EDGE_CURVE('',#145,#127,#10942,.T.);
#10940=EDGE_CURVE('',#127,#149,#10943,.T.);
#10941=LINE('',#148,#10944);
#10942=LINE('',#144,#10945);
#10943=LINE('',#126,#10946);
#10944=VECTOR('',#10947,1.0);
#10945=VECTOR('',#10948,1.0);
#10946=VECTOR('',#10949,1.0);
#10947=DIRECTION('',(0.7933579156621279,-0.6087554662228865,0));
#10948=DIRECTION('',(0.7071069260056643,0.707106636367401,0));
#10949=DIRECTION('',(-0.7573279589021933,-0.6530347331230075,0));
#10950=FACE_SURFACE('',(#10955),#10951,.T.);
#10951=PLANE('',#10952);
#10952=AXIS2_PLACEMENT_3D('',#126,#10953,#10954);
#10953=DIRECTION('',(0,0,1));
#10954=DIRECTION('',(-0.7071069260056643,-0.707106636367401,0));
#10955=FACE_BOUND('',#10956,.T.);
#10956=EDGE_LOOP('',(#10957,#10958,#10959));
#10957=ORIENTED_EDGE('',*,*,#10960,.T.);
#10958=ORIENTED_EDGE('',*,*,#10961,.T.);
#10959=ORIENTED_EDGE('',*,*,#10962,.T.);
#10960=EDGE_CURVE('',#127,#145,#10963,.F.);
#10961=EDGE_CURVE('',#145,#141,#10964,.T.);
#10962=EDGE_CURVE('',#141,#127,#10965,.T.);
#10963=LINE('',#126,#10966);
#10964=LINE('',#144,#10967);
#10965=LINE('',#140,#10968);
#10966=VECTOR('',#10969,1.0);
#10967=VECTOR('',#10970,1.0);
#10968=VECTOR('',#10971,1.0);
#10969=DIRECTION('',(-0.7071069260056643,-0.707106636367401,0));
#10970=DIRECTION('',(0.6087547354010867,-0.7933584764321566,0));
#10971=DIRECTION('',(0.6530342861414153,0.7573283443287807,0));
#10972=FACE_SURFACE('',(#10977),#10973,.T.);
#10973=PLANE('',#10974);
#10974=AXIS2_PLACEMENT_3D('',#316,#10975,#10976);
#10975=DIRECTION('',(0,0,1));
#10976=DIRECTION('',(-0.6087536090083107,-0.7933593407273636,0));
#10977=FACE_BOUND('',#10978,.T.);
#10978=EDGE_LOOP('',(#10979,#10980,#10981));
#10979=ORIENTED_EDGE('',*,*,#10982,.T.);
#10980=ORIENTED_EDGE('',*,*,#10983,.T.);
#10981=ORIENTED_EDGE('',*,*,#10984,.T.);
#10982=EDGE_CURVE('',#317,#313,#10985,.F.);
#10983=EDGE_CURVE('',#313,#99,#10986,.T.);
#10984=EDGE_CURVE('',#99,#317,#10987,.T.);
#10985=LINE('',#316,#10988);
#10986=LINE('',#312,#10989);
#10987=LINE('',#98,#10990);
#10988=VECTOR('',#10991,1.0);
#10989=VECTOR('',#10992,1.0);
#10990=VECTOR('',#10993,1.0);
#10991=DIRECTION('',(-0.6087536090083107,-0.7933593407273636,0));
#10992=DIRECTION('',(0.7071067811865476,-0.7071067811865476,0));
#10993=DIRECTION('',(-0.6530347331230075,0.7573279589021933,0));
#10994=FACE_SURFACE('',(#10999),#10995,.T.);
#10995=PLANE('',#10996);
#10996=AXIS2_PLACEMENT_3D('',#98,#10997,#10998);
#10997=DIRECTION('',(0,0,1));
#10998=DIRECTION('',(-0.7071067811865476,0.7071067811865476,0));
#10999=FACE_BOUND('',#11000,.T.);
#11000=EDGE_LOOP('',(#11001,#11002,#11003));
#11001=ORIENTED_EDGE('',*,*,#11004,.T.);
#11002=ORIENTED_EDGE('',*,*,#11005,.T.);
#11003=ORIENTED_EDGE('',*,*,#11006,.T.);
#11004=EDGE_CURVE('',#99,#313,#11007,.F.);
#11005=EDGE_CURVE('',#313,#309,#11008,.T.);
#11006=EDGE_CURVE('',#309,#99,#11009,.T.);
#11007=LINE('',#98,#11010);
#11008=LINE('',#312,#11011);
#11009=LINE('',#308,#11012);
#11010=VECTOR('',#11013,1.0);
#11011=VECTOR('',#11014,1.0);
#11012=VECTOR('',#11015,1.0);
#11013=DIRECTION('',(-0.7071067811865476,0.7071067811865476,0));
#11014=DIRECTION('',(-0.7933527761333313,-0.6087621642329097,0));
#11015=DIRECTION('',(0.7573279978645729,-0.6530346879381198,0));
#11016=FACE_SURFACE('',(#11021),#11017,.T.);
#11017=PLANE('',#11018);
#11018=AXIS2_PLACEMENT_3D('',#98,#11019,#11020);
#11019=DIRECTION('',(0,0,1));
#11020=DIRECTION('',(-0.7573279978645729,0.6530346879381198,0));
#11021=FACE_BOUND('',#11022,.T.);
#11022=EDGE_LOOP('',(#11023,#11024,#11025));
#11023=ORIENTED_EDGE('',*,*,#11026,.T.);
#11024=ORIENTED_EDGE('',*,*,#11027,.T.);
#11025=ORIENTED_EDGE('',*,*,#11028,.T.);
#11026=EDGE_CURVE('',#99,#309,#11029,.F.);
#11027=EDGE_CURVE('',#309,#305,#11030,.T.);
#11028=EDGE_CURVE('',#305,#99,#11031,.T.);
#11029=LINE('',#98,#11032);
#11030=LINE('',#308,#11033);
#11031=LINE('',#304,#11034);
#11032=VECTOR('',#11035,1.0);
#11033=VECTOR('',#11036,1.0);
#11034=VECTOR('',#11037,1.0);
#11035=DIRECTION('',(-0.7573279978645729,0.6530346879381198,0));
#11036=DIRECTION('',(-0.9238790386956276,-0.38268462453937563,0));
#11037=DIRECTION('',(0.7976613471128988,-0.6031056087635361,0));
#11038=FACE_SURFACE('',(#11043),#11039,.T.);
#11039=PLANE('',#11040);
#11040=AXIS2_PLACEMENT_3D('',#304,#11041,#11042);
#11041=DIRECTION('',(0,0,1));
#11042=DIRECTION('',(-0.9914454453585279,-0.13052175633904972,0));
#11043=FACE_BOUND('',#11044,.T.);
#11044=EDGE_LOOP('',(#11045,#11046,#11047));
#11045=ORIENTED_EDGE('',*,*,#11048,.T.);
#11046=ORIENTED_EDGE('',*,*,#11049,.T.);
#11047=ORIENTED_EDGE('',*,*,#11050,.T.);
#11048=EDGE_CURVE('',#305,#301,#11051,.F.);
#11049=EDGE_CURVE('',#301,#99,#11052,.T.);
#11050=EDGE_CURVE('',#99,#305,#11053,.T.);
#11051=LINE('',#304,#11054);
#11052=LINE('',#300,#11055);
#11053=LINE('',#98,#11056);
#11054=VECTOR('',#11057,1.0);
#11055=VECTOR('',#11058,1.0);
#11056=VECTOR('',#11059,1.0);
#11057=DIRECTION('',(-0.9914454453585279,-0.13052175633904972,0));
#11058=DIRECTION('',(0.8256447393102877,-0.5641903618897146,0));
#11059=DIRECTION('',(-0.7976613471128988,0.6031056087635361,0));
#11060=FACE_SURFACE('',(#11065),#11061,.T.);
#11061=PLANE('',#11062);
#11062=AXIS2_PLACEMENT_3D('',#292,#11063,#11064);
#11063=DIRECTION('',(0,0,1));
#11064=DIRECTION('',(-0.7933527761333313,0.6087621642329097,0));
#11065=FACE_BOUND('',#11066,.T.);
#11066=EDGE_LOOP('',(#11067,#11068,#11069));
#11067=ORIENTED_EDGE('',*,*,#11070,.T.);
#11068=ORIENTED_EDGE('',*,*,#11071,.T.);
#11069=ORIENTED_EDGE('',*,*,#11072,.T.);
#11070=EDGE_CURVE('',#293,#289,#11073,.F.);
#11071=EDGE_CURVE('',#289,#107,#11074,.T.);
#11072=EDGE_CURVE('',#107,#293,#11075,.T.);
#11073=LINE('',#292,#11076);
#11074=LINE('',#288,#11077);
#11075=LINE('',#106,#11078);
#11076=VECTOR('',#11079,1.0);
#11077=VECTOR('',#11080,1.0);
#11078=VECTOR('',#11081,1.0);
#11079=DIRECTION('',(-0.7933527761333313,0.6087621642329097,0));
#11080=DIRECTION('',(-0.707107360462481,-0.7071062019101395,0));
#11081=DIRECTION('',(0.7573284857917841,0.6530341220857632,0));
#11082=FACE_SURFACE('',(#11087),#11083,.T.);
#11083=PLANE('',#11084);
#11084=AXIS2_PLACEMENT_3D('',#106,#11085,#11086);
#11085=DIRECTION('',(0,0,1));
#11086=DIRECTION('',(0.707107360462481,0.7071062019101395,0));
#11087=FACE_BOUND('',#11088,.T.);
#11088=EDGE_LOOP('',(#11089,#11090,#11091));
#11089=ORIENTED_EDGE('',*,*,#11092,.T.);
#11090=ORIENTED_EDGE('',*,*,#11093,.T.);
#11091=ORIENTED_EDGE('',*,*,#11094,.T.);
#11092=EDGE_CURVE('',#107,#289,#11095,.F.);
#11093=EDGE_CURVE('',#289,#285,#11096,.T.);
#11094=EDGE_CURVE('',#285,#107,#11097,.T.);
#11095=LINE('',#106,#11098);
#11096=LINE('',#288,#11099);
#11097=LINE('',#284,#11100);
#11098=VECTOR('',#11101,1.0);
#11099=VECTOR('',#11102,1.0);
#11100=VECTOR('',#11103,1.0);
#11101=DIRECTION('',(0.707107360462481,0.7071062019101395,0));
#11102=DIRECTION('',(-0.6087632905257101,0.7933519118955407,0));
#11103=DIRECTION('',(-0.6530347331230075,-0.7573279589021933,0));
#11104=FACE_SURFACE('',(#11109),#11105,.T.);
#11105=PLANE('',#11106);
#11106=AXIS2_PLACEMENT_3D('',#264,#11107,#11108);
#11107=DIRECTION('',(0,0,1));
#11108=DIRECTION('',(0.7933527761333313,0.6087621642329097,0));
#11109=FACE_BOUND('',#11110,.T.);
#11110=EDGE_LOOP('',(#11111,#11112,#11113));
#11111=ORIENTED_EDGE('',*,*,#11114,.T.);
#11112=ORIENTED_EDGE('',*,*,#11115,.T.);
#11113=ORIENTED_EDGE('',*,*,#11116,.T.);
#11114=EDGE_CURVE('',#265,#261,#11117,.F.);
#11115=EDGE_CURVE('',#261,#55,#11118,.T.);
#11116=EDGE_CURVE('',#55,#265,#11119,.T.);
#11117=LINE('',#264,#11120);
#11118=LINE('',#260,#11121);
#11119=LINE('',#54,#11122);
#11120=VECTOR('',#11123,1.0);
#11121=VECTOR('',#11124,1.0);
#11122=VECTOR('',#11125,1.0);
#11123=DIRECTION('',(0.7933527761333313,0.6087621642329097,0));
#11124=DIRECTION('',(0.21314835840968127,0.97701984488917,0));
#11125=DIRECTION('',(-0.2772135425520442,-0.9608083325126535,0));
#11126=FACE_SURFACE('',(#11131),#11127,.T.);
#11127=PLANE('',#11128);
#11128=AXIS2_PLACEMENT_3D('',#54,#11129,#11130);
#11129=DIRECTION('',(0,0,1));
#11130=DIRECTION('',(-0.21314835840968127,-0.97701984488917,0));
#11131=FACE_BOUND('',#11132,.T.);
#11132=EDGE_LOOP('',(#11133,#11134,#11135));
#11133=ORIENTED_EDGE('',*,*,#11136,.T.);
#11134=ORIENTED_EDGE('',*,*,#11137,.T.);
#11135=ORIENTED_EDGE('',*,*,#11138,.T.);
#11136=EDGE_CURVE('',#55,#261,#11139,.F.);
#11137=EDGE_CURVE('',#261,#257,#11140,.T.);
#11138=EDGE_CURVE('',#257,#55,#11141,.T.);
#11139=LINE('',#54,#11142);
#11140=LINE('',#260,#11143);
#11141=LINE('',#256,#11144);
#11142=VECTOR('',#11145,1.0);
#11143=VECTOR('',#11146,1.0);
#11144=VECTOR('',#11147,1.0);
#11145=DIRECTION('',(-0.21314835840968127,-0.97701984488917,0));
#11146=DIRECTION('',(0.9238790386956276,0.38268462453937563,0));
#11147=DIRECTION('',(0.1172606052438593,0.993101178358904,0));
#11148=FACE_SURFACE('',(#11153),#11149,.T.);
#11149=PLANE('',#11150);
#11150=AXIS2_PLACEMENT_3D('',#54,#11151,#11152);
#11151=DIRECTION('',(0,0,1));
#11152=DIRECTION('',(-0.1172606052438593,-0.993101178358904,0));
#11153=FACE_BOUND('',#11154,.T.);
#11154=EDGE_LOOP('',(#11155,#11156,#11157));
#11155=ORIENTED_EDGE('',*,*,#11158,.T.);
#11156=ORIENTED_EDGE('',*,*,#11159,.T.);
#11157=ORIENTED_EDGE('',*,*,#11160,.T.);
#11158=EDGE_CURVE('',#55,#257,#11161,.F.);
#11159=EDGE_CURVE('',#257,#253,#11162,.T.);
#11160=EDGE_CURVE('',#253,#55,#11163,.T.);
#11161=LINE('',#54,#11164);
#11162=LINE('',#256,#11165);
#11163=LINE('',#252,#11166);
#11164=VECTOR('',#11167,1.0);
#11165=VECTOR('',#11168,1.0);
#11166=VECTOR('',#11169,1.0);
#11167=DIRECTION('',(-0.1172606052438593,-0.993101178358904,0));
#11168=DIRECTION('',(0.9914451833103016,0.13052374684632015,0));
#11169=DIRECTION('',(0,1,0));
#11170=FACE_SURFACE('',(#11175),#11171,.T.);
#11171=PLANE('',#11172);
#11172=AXIS2_PLACEMENT_3D('',#252,#11173,#11174);
#11173=DIRECTION('',(-0,0,1));
#11174=DIRECTION('',(0.9914454453585279,-0.13052175633904972,0));
#11175=FACE_BOUND('',#11176,.T.);
#11176=EDGE_LOOP('',(#11177,#11178,#11179));
#11177=ORIENTED_EDGE('',*,*,#11180,.T.);
#11178=ORIENTED_EDGE('',*,*,#11181,.T.);
#11179=ORIENTED_EDGE('',*,*,#11182,.T.);
#11180=EDGE_CURVE('',#253,#249,#11183,.F.);
#11181=EDGE_CURVE('',#249,#55,#11184,.T.);
#11182=EDGE_CURVE('',#55,#253,#11185,.T.);
#11183=LINE('',#252,#11186);
#11184=LINE('',#248,#11187);
#11185=LINE('',#54,#11188);
#11186=VECTOR('',#11189,1.0);
#11187=VECTOR('',#11190,1.0);
#11188=VECTOR('',#11191,1.0);
#11189=DIRECTION('',(0.9914454453585279,-0.13052175633904972,0));
#11190=DIRECTION('',(-0.11726239949146004,0.9931009665011434,0));
#11191=DIRECTION('',(0,-1,0));
#11192=FACE_SURFACE('',(#11197),#11193,.T.);
#11193=PLANE('',#11194);
#11194=AXIS2_PLACEMENT_3D('',#54,#11195,#11196);
#11195=DIRECTION('',(0,0,1));
#11196=DIRECTION('',(0.11726239949146004,-0.9931009665011434,0));
#11197=FACE_BOUND('',#11198,.T.);
#11198=EDGE_LOOP('',(#11199,#11200,#11201));
#11199=ORIENTED_EDGE('',*,*,#11202,.T.);
#11200=ORIENTED_EDGE('',*,*,#11203,.T.);
#11201=ORIENTED_EDGE('',*,*,#11204,.T.);
#11202=EDGE_CURVE('',#55,#249,#11205,.F.);
#11203=EDGE_CURVE('',#249,#245,#11206,.T.);
#11204=EDGE_CURVE('',#245,#55,#11207,.T.);
#11205=LINE('',#54,#11208);
#11206=LINE('',#248,#11209);
#11207=LINE('',#244,#11210);
#11208=VECTOR('',#11211,1.0);
#11209=VECTOR('',#11212,1.0);
#11210=VECTOR('',#11213,1.0);
#11211=DIRECTION('',(0.11726239949146004,-0.9931009665011434,0));
#11212=DIRECTION('',(0.9238790386956276,-0.38268462453937563,0));
#11213=DIRECTION('',(-0.21314999242599514,0.9770194884078813,0));
#11214=FACE_SURFACE('',(#11219),#11215,.T.);
#11215=PLANE('',#11216);
#11216=AXIS2_PLACEMENT_3D('',#54,#11217,#11218);
#11217=DIRECTION('',(0,0,1));
#11218=DIRECTION('',(0.21314999242599514,-0.9770194884078813,0));
#11219=FACE_BOUND('',#11220,.T.);
#11220=EDGE_LOOP('',(#11221,#11222,#11223));
#11221=ORIENTED_EDGE('',*,*,#11224,.T.);
#11222=ORIENTED_EDGE('',*,*,#11225,.T.);
#11223=ORIENTED_EDGE('',*,*,#11226,.T.);
#11224=EDGE_CURVE('',#55,#245,#11227,.F.);
#11225=EDGE_CURVE('',#245,#241,#11228,.T.);
#11226=EDGE_CURVE('',#241,#55,#11229,.T.);
#11227=LINE('',#54,#11230);
#11228=LINE('',#244,#11231);
#11229=LINE('',#240,#11232);
#11230=VECTOR('',#11233,1.0);
#11231=VECTOR('',#11234,1.0);
#11232=VECTOR('',#11235,1.0);
#11233=DIRECTION('',(0.21314999242599514,-0.9770194884078813,0));
#11234=DIRECTION('',(0.7933527761333313,-0.6087621642329097,0));
#11235=DIRECTION('',(-0.2772149958031269,0.9608079132177629,0));
#11236=FACE_SURFACE('',(#11241),#11237,.T.);
#11237=PLANE('',#11238);
#11238=AXIS2_PLACEMENT_3D('',#232,#11239,#11240);
#11239=DIRECTION('',(-0,0,1));
#11240=DIRECTION('',(0.1305303114784014,-0.9914443190544547,0));
#11241=FACE_BOUND('',#11242,.T.);
#11242=EDGE_LOOP('',(#11243,#11244,#11245));
#11243=ORIENTED_EDGE('',*,*,#11246,.T.);
#11244=ORIENTED_EDGE('',*,*,#11247,.T.);
#11245=ORIENTED_EDGE('',*,*,#11248,.T.);
#11246=EDGE_CURVE('',#233,#229,#11249,.F.);
#11247=EDGE_CURVE('',#229,#61,#11250,.T.);
#11248=EDGE_CURVE('',#61,#233,#11251,.T.);
#11249=LINE('',#232,#11252);
#11250=LINE('',#228,#11253);
#11251=LINE('',#60,#11254);
#11252=VECTOR('',#11255,1.0);
#11253=VECTOR('',#11256,1.0);
#11254=VECTOR('',#11257,1.0);
#11255=DIRECTION('',(0.1305303114784014,-0.9914443190544547,0));
#11256=DIRECTION('',(0.5641903618897146,0.8256447393102877,0));
#11257=DIRECTION('',(-0.6031056944925898,-0.7976612822938135,0));
#11258=FACE_SURFACE('',(#11263),#11259,.T.);
#11259=PLANE('',#11260);
#11260=AXIS2_PLACEMENT_3D('',#412,#11261,#11262);
#11261=DIRECTION('',(0,0,1));
#11262=DIRECTION('',(-0.6087498946031471,-0.7933621908187063,0));
#11263=FACE_BOUND('',#11264,.T.);
#11264=EDGE_LOOP('',(#11265,#11266,#11267));
#11265=ORIENTED_EDGE('',*,*,#11268,.T.);
#11266=ORIENTED_EDGE('',*,*,#11269,.T.);
#11267=ORIENTED_EDGE('',*,*,#11270,.T.);
#11268=EDGE_CURVE('',#413,#409,#11271,.F.);
#11269=EDGE_CURVE('',#409,#65,#11272,.T.);
#11270=EDGE_CURVE('',#65,#413,#11273,.T.);
#11271=LINE('',#412,#11274);
#11272=LINE('',#408,#11275);
#11273=LINE('',#64,#11276);
#11274=VECTOR('',#11277,1.0);
#11275=VECTOR('',#11278,1.0);
#11276=VECTOR('',#11279,1.0);
#11277=DIRECTION('',(-0.6087498946031471,-0.7933621908187063,0));
#11278=DIRECTION('',(0.7071067811865476,-0.7071067811865476,0));
#11279=DIRECTION('',(-0.6530344501969755,0.7573282028657945,0));
#11280=FACE_SURFACE('',(#11285),#11281,.T.);
#11281=PLANE('',#11282);
#11282=AXIS2_PLACEMENT_3D('',#400,#11283,#11284);
#11283=DIRECTION('',(0,0,1));
#11284=DIRECTION('',(-0.9914444500921159,-0.1305293161766429,0));
#11285=FACE_BOUND('',#11286,.T.);
#11286=EDGE_LOOP('',(#11287,#11288,#11289));
#11287=ORIENTED_EDGE('',*,*,#11290,.T.);
#11288=ORIENTED_EDGE('',*,*,#11291,.T.);
#11289=ORIENTED_EDGE('',*,*,#11292,.T.);
#11290=EDGE_CURVE('',#401,#397,#11293,.F.);
#11291=EDGE_CURVE('',#397,#57,#11294,.T.);
#11292=EDGE_CURVE('',#57,#401,#11295,.T.);
#11293=LINE('',#400,#11296);
#11294=LINE('',#396,#11297);
#11295=LINE('',#56,#11298);
#11296=VECTOR('',#11299,1.0);
#11297=VECTOR('',#11300,1.0);
#11298=VECTOR('',#11301,1.0);
#11299=DIRECTION('',(-0.9914444500921159,-0.1305293161766429,0));
#11300=DIRECTION('',(0,-1,0));
#11301=DIRECTION('',(0.11726261135117642,0.9931009414853572,0));
#11302=FACE_SURFACE('',(#11307),#11303,.T.);
#11303=PLANE('',#11304);
#11304=AXIS2_PLACEMENT_3D('',#56,#11305,#11306);
#11305=DIRECTION('',(0,-0,1));
#11306=DIRECTION('',(0,1,0));
#11307=FACE_BOUND('',#11308,.T.);
#11308=EDGE_LOOP('',(#11309,#11310,#11311));
#11309=ORIENTED_EDGE('',*,*,#11312,.T.);
#11310=ORIENTED_EDGE('',*,*,#11313,.T.);
#11311=ORIENTED_EDGE('',*,*,#11314,.T.);
#11312=EDGE_CURVE('',#57,#397,#11315,.F.);
#11313=EDGE_CURVE('',#397,#393,#11316,.T.);
#11314=EDGE_CURVE('',#393,#57,#11317,.T.);
#11315=LINE('',#56,#11318);
#11316=LINE('',#396,#11319);
#11317=LINE('',#392,#11320);
#11318=VECTOR('',#11321,1.0);
#11319=VECTOR('',#11322,1.0);
#11320=VECTOR('',#11323,1.0);
#11321=DIRECTION('',(0,1,0));
#11322=DIRECTION('',(-0.9914441880137961,0.1305313067952071,0));
#11323=DIRECTION('',(0.11726081710042437,-0.9931011533438779,0));
#11324=FACE_SURFACE('',(#11329),#11325,.T.);
#11325=PLANE('',#11326);
#11326=AXIS2_PLACEMENT_3D('',#56,#11327,#11328);
#11327=DIRECTION('',(0,0,1));
#11328=DIRECTION('',(-0.11726081710042437,0.9931011533438779,0));
#11329=FACE_BOUND('',#11330,.T.);
#11330=EDGE_LOOP('',(#11331,#11332,#11333));
#11331=ORIENTED_EDGE('',*,*,#11334,.T.);
#11332=ORIENTED_EDGE('',*,*,#11335,.T.);
#11333=ORIENTED_EDGE('',*,*,#11336,.T.);
#11334=EDGE_CURVE('',#57,#393,#11337,.F.);
#11335=EDGE_CURVE('',#393,#389,#11338,.T.);
#11336=EDGE_CURVE('',#389,#57,#11339,.T.);
#11337=LINE('',#56,#11340);
#11338=LINE('',#392,#11341);
#11339=LINE('',#388,#11342);
#11340=VECTOR('',#11343,1.0);
#11341=VECTOR('',#11344,1.0);
#11342=VECTOR('',#11345,1.0);
#11343=DIRECTION('',(-0.11726081710042437,0.9931011533438779,0));
#11344=DIRECTION('',(-0.9238736003210871,0.38269775362517106,0));
#11345=DIRECTION('',(0.21314835840968127,-0.97701984488917,0));
#11346=FACE_SURFACE('',(#11351),#11347,.T.);
#11347=PLANE('',#11348);
#11348=AXIS2_PLACEMENT_3D('',#388,#11349,#11350);
#11349=DIRECTION('',(0,0,1));
#11350=DIRECTION('',(-0.7933564905838493,0.6087573234454586,0));
#11351=FACE_BOUND('',#11352,.T.);
#11352=EDGE_LOOP('',(#11353,#11354,#11355));
#11353=ORIENTED_EDGE('',*,*,#11356,.T.);
#11354=ORIENTED_EDGE('',*,*,#11357,.T.);
#11355=ORIENTED_EDGE('',*,*,#11358,.T.);
#11356=EDGE_CURVE('',#389,#385,#11359,.F.);
#11357=EDGE_CURVE('',#385,#57,#11360,.T.);
#11358=EDGE_CURVE('',#57,#389,#11361,.T.);
#11359=LINE('',#388,#11362);
#11360=LINE('',#384,#11363);
#11361=LINE('',#56,#11364);
#11362=VECTOR('',#11365,1.0);
#11363=VECTOR('',#11366,1.0);
#11364=VECTOR('',#11367,1.0);
#11365=DIRECTION('',(-0.7933564905838493,0.6087573234454586,0));
#11366=DIRECTION('',(0.2772137521991834,-0.9608082720249912,0));
#11367=DIRECTION('',(-0.21314835840968127,0.97701984488917,0));
#11368=FACE_SURFACE('',(#11373),#11369,.T.);
#11369=PLANE('',#11370);
#11370=AXIS2_PLACEMENT_3D('',#56,#11371,#11372);
#11371=DIRECTION('',(0,0,1));
#11372=DIRECTION('',(-0.2772137521991834,0.9608082720249912,0));
#11373=FACE_BOUND('',#11374,.T.);
#11374=EDGE_LOOP('',(#11375,#11376,#11377));
#11375=ORIENTED_EDGE('',*,*,#11378,.T.);
#11376=ORIENTED_EDGE('',*,*,#11379,.T.);
#11377=ORIENTED_EDGE('',*,*,#11380,.T.);
#11378=EDGE_CURVE('',#57,#385,#11381,.F.);
#11379=EDGE_CURVE('',#385,#541,#11382,.T.);
#11380=EDGE_CURVE('',#541,#57,#11383,.T.);
#11381=LINE('',#56,#11384);
#11382=LINE('',#384,#11385);
#11383=LINE('',#540,#11386);
#11384=VECTOR('',#11387,1.0);
#11385=VECTOR('',#11388,1.0);
#11386=VECTOR('',#11389,1.0);
#11387=DIRECTION('',(-0.2772137521991834,0.9608082720249912,0));
#11388=DIRECTION('',(-0.707107360462481,-0.7071062019101395,0));
#11389=DIRECTION('',(1,0,0));
#11390=FACE_SURFACE('',(#11395),#11391,.T.);
#11391=PLANE('',#11392);
#11392=AXIS2_PLACEMENT_3D('',#384,#11393,#11394);
#11393=DIRECTION('',(0,0,1));
#11394=DIRECTION('',(-0.6087595761310352,0.793354762050851,0));
#11395=FACE_BOUND('',#11396,.T.);
#11396=EDGE_LOOP('',(#11397,#11398,#11399));
#11397=ORIENTED_EDGE('',*,*,#11400,.T.);
#11398=ORIENTED_EDGE('',*,*,#11401,.T.);
#11399=ORIENTED_EDGE('',*,*,#11402,.T.);
#11400=EDGE_CURVE('',#385,#381,#11403,.F.);
#11401=EDGE_CURVE('',#381,#541,#11404,.T.);
#11402=EDGE_CURVE('',#541,#385,#11405,.T.);
#11403=LINE('',#384,#11406);
#11404=LINE('',#380,#11407);
#11405=LINE('',#540,#11408);
#11406=VECTOR('',#11409,1.0);
#11407=VECTOR('',#11410,1.0);
#11408=VECTOR('',#11411,1.0);
#11409=DIRECTION('',(-0.6087595761310352,0.793354762050851,0));
#11410=DIRECTION('',(-0.6530344501969755,-0.7573282028657945,0));
#11411=DIRECTION('',(0.707107360462481,0.7071062019101395,0));
#11412=FACE_SURFACE('',(#11417),#11413,.T.);
#11413=PLANE('',#11414);
#11414=AXIS2_PLACEMENT_3D('',#376,#11415,#11416);
#11415=DIRECTION('',(0,0,1));
#11416=DIRECTION('',(-0.1305293161766429,0.9914444500921159,0));
#11417=FACE_BOUND('',#11418,.T.);
#11418=EDGE_LOOP('',(#11419,#11420,#11421));
#11419=ORIENTED_EDGE('',*,*,#11422,.T.);
#11420=ORIENTED_EDGE('',*,*,#11423,.T.);
#11421=ORIENTED_EDGE('',*,*,#11424,.T.);
#11422=EDGE_CURVE('',#377,#373,#11425,.F.);
#11423=EDGE_CURVE('',#373,#123,#11426,.T.);
#11424=EDGE_CURVE('',#123,#377,#11427,.T.);
#11425=LINE('',#376,#11428);
#11426=LINE('',#372,#11429);
#11427=LINE('',#122,#11430);
#11428=VECTOR('',#11431,1.0);
#11429=VECTOR('',#11432,1.0);
#11430=VECTOR('',#11433,1.0);
#11431=DIRECTION('',(-0.1305293161766429,0.9914444500921159,0));
#11432=DIRECTION('',(-1,0,0));
#11433=DIRECTION('',(0.9931009665011434,-0.11726239949146004,0));
#11434=FACE_SURFACE('',(#11439),#11435,.T.);
#11435=PLANE('',#11436);
#11436=AXIS2_PLACEMENT_3D('',#122,#11437,#11438);
#11437=DIRECTION('',(0,0,1));
#11438=DIRECTION('',(1,0,0));
#11439=FACE_BOUND('',#11440,.T.);
#11440=EDGE_LOOP('',(#11441,#11442,#11443));
#11441=ORIENTED_EDGE('',*,*,#11444,.T.);
#11442=ORIENTED_EDGE('',*,*,#11445,.T.);
#11443=ORIENTED_EDGE('',*,*,#11446,.T.);
#11444=EDGE_CURVE('',#123,#373,#11447,.F.);
#11445=EDGE_CURVE('',#373,#369,#11448,.T.);
#11446=EDGE_CURVE('',#369,#123,#11449,.T.);
#11447=LINE('',#122,#11450);
#11448=LINE('',#372,#11451);
#11449=LINE('',#368,#11452);
#11450=VECTOR('',#11453,1.0);
#11451=VECTOR('',#11454,1.0);
#11452=VECTOR('',#11455,1.0);
#11453=DIRECTION('',(1,0,0));
#11454=DIRECTION('',(0.1305293161766429,0.9914444500921159,0));
#11455=DIRECTION('',(-0.9931009665011434,-0.11726239949146004,0));
#11456=FACE_SURFACE('',(#11461),#11457,.T.);
#11457=PLANE('',#11458);
#11458=AXIS2_PLACEMENT_3D('',#122,#11459,#11460);
#11459=DIRECTION('',(0,0,1));
#11460=DIRECTION('',(0.9931009665011434,0.11726239949146004,0));
#11461=FACE_BOUND('',#11462,.T.);
#11462=EDGE_LOOP('',(#11463,#11464,#11465));
#11463=ORIENTED_EDGE('',*,*,#11466,.T.);
#11464=ORIENTED_EDGE('',*,*,#11467,.T.);
#11465=ORIENTED_EDGE('',*,*,#11468,.T.);
#11466=EDGE_CURVE('',#123,#369,#11469,.F.);
#11467=EDGE_CURVE('',#369,#365,#11470,.T.);
#11468=EDGE_CURVE('',#365,#123,#11471,.T.);
#11469=LINE('',#122,#11472);
#11470=LINE('',#368,#11473);
#11471=LINE('',#364,#11474);
#11472=VECTOR('',#11475,1.0);
#11473=VECTOR('',#11476,1.0);
#11474=VECTOR('',#11477,1.0);
#11475=DIRECTION('',(0.9931009665011434,0.11726239949146004,0));
#11476=DIRECTION('',(0.38269006292329494,0.9238767860162763,0));
#11477=DIRECTION('',(-0.97701984488917,-0.21314835840968127,0));
#11478=FACE_SURFACE('',(#11483),#11479,.T.);
#11479=PLANE('',#11480);
#11480=AXIS2_PLACEMENT_3D('',#356,#11481,#11482);
#11481=DIRECTION('',(0,-0,1));
#11482=DIRECTION('',(0.9238844769476138,0.38267149522172944,0));
#11483=FACE_BOUND('',#11484,.T.);
#11484=EDGE_LOOP('',(#11485,#11486,#11487));
#11485=ORIENTED_EDGE('',*,*,#11488,.T.);
#11486=ORIENTED_EDGE('',*,*,#11489,.T.);
#11487=ORIENTED_EDGE('',*,*,#11490,.T.);
#11488=EDGE_CURVE('',#357,#353,#11491,.F.);
#11489=EDGE_CURVE('',#353,#125,#11492,.T.);
#11490=EDGE_CURVE('',#125,#357,#11493,.T.);
#11491=LINE('',#356,#11494);
#11492=LINE('',#352,#11495);
#11493=LINE('',#124,#11496);
#11494=VECTOR('',#11497,1.0);
#11495=VECTOR('',#11498,1.0);
#11496=VECTOR('',#11499,1.0);
#11497=DIRECTION('',(0.9238844769476138,0.38267149522172944,0));
#11498=DIRECTION('',(-0.797660951722497,0.6031061317025059,0));
#11499=DIRECTION('',(0.7573282028657945,-0.6530344501969755,0));
#11500=FACE_SURFACE('',(#11505),#11501,.T.);
#11501=PLANE('',#11502);
#11502=AXIS2_PLACEMENT_3D('',#124,#11503,#11504);
#11503=DIRECTION('',(0,0,1));
#11504=DIRECTION('',(0.797660951722497,-0.6031061317025059,0));
#11505=FACE_BOUND('',#11506,.T.);
#11506=EDGE_LOOP('',(#11507,#11508,#11509));
#11507=ORIENTED_EDGE('',*,*,#11510,.T.);
#11508=ORIENTED_EDGE('',*,*,#11511,.T.);
#11509=ORIENTED_EDGE('',*,*,#11512,.T.);
#11510=EDGE_CURVE('',#125,#353,#11513,.F.);
#11511=EDGE_CURVE('',#353,#349,#11514,.T.);
#11512=EDGE_CURVE('',#349,#125,#11515,.T.);
#11513=LINE('',#124,#11516);
#11514=LINE('',#352,#11517);
#11515=LINE('',#348,#11518);
#11516=VECTOR('',#11519,1.0);
#11517=VECTOR('',#11520,1.0);
#11518=VECTOR('',#11521,1.0);
#11519=DIRECTION('',(0.797660951722497,-0.6031061317025059,0));
#11520=DIRECTION('',(0.9914441880137961,0.1305313067952071,0));
#11521=DIRECTION('',(-0.8256442502629032,0.5641910775684142,0));
#11522=FACE_SURFACE('',(#11527),#11523,.T.);
#11523=PLANE('',#11524);
#11524=AXIS2_PLACEMENT_3D('',#340,#11525,#11526);
#11525=DIRECTION('',(-0,0,1));
#11526=DIRECTION('',(0.7933564905838493,-0.6087573234454586,0));
#11527=FACE_BOUND('',#11528,.T.);
#11528=EDGE_LOOP('',(#11529,#11530,#11531));
#11529=ORIENTED_EDGE('',*,*,#11532,.T.);
#11530=ORIENTED_EDGE('',*,*,#11533,.T.);
#11531=ORIENTED_EDGE('',*,*,#11534,.T.);
#11532=EDGE_CURVE('',#341,#337,#11535,.F.);
#11533=EDGE_CURVE('',#337,#129,#11536,.T.);
#11534=EDGE_CURVE('',#129,#341,#11537,.T.);
#11535=LINE('',#340,#11538);
#11536=LINE('',#336,#11539);
#11537=LINE('',#128,#11540);
#11538=VECTOR('',#11541,1.0);
#11539=VECTOR('',#11542,1.0);
#11540=VECTOR('',#11543,1.0);
#11541=DIRECTION('',(0.7933564905838493,-0.6087573234454586,0));
#11542=DIRECTION('',(0.7071067811865476,0.7071067811865476,0));
#11543=DIRECTION('',(-0.7573277149382751,-0.6530350160491937,0));
#11544=FACE_SURFACE('',(#11549),#11545,.T.);
#11545=PLANE('',#11546);
#11546=AXIS2_PLACEMENT_3D('',#128,#11547,#11548);
#11547=DIRECTION('',(0,0,1));
#11548=DIRECTION('',(-0.7071067811865476,-0.7071067811865476,0));
#11549=FACE_BOUND('',#11550,.T.);
#11550=EDGE_LOOP('',(#11551,#11552,#11553));
#11551=ORIENTED_EDGE('',*,*,#11554,.T.);
#11552=ORIENTED_EDGE('',*,*,#11555,.T.);
#11553=ORIENTED_EDGE('',*,*,#11556,.T.);
#11554=EDGE_CURVE('',#129,#337,#11557,.F.);
#11555=EDGE_CURVE('',#337,#333,#11558,.T.);
#11556=EDGE_CURVE('',#333,#129,#11559,.T.);
#11557=LINE('',#128,#11560);
#11558=LINE('',#336,#11561);
#11559=LINE('',#332,#11562);
#11560=VECTOR('',#11563,1.0);
#11561=VECTOR('',#11564,1.0);
#11562=VECTOR('',#11565,1.0);
#11563=DIRECTION('',(-0.7071067811865476,-0.7071067811865476,0));
#11564=DIRECTION('',(0.6087498946031471,-0.7933621908187063,0));
#11565=DIRECTION('',(0.6530344501969755,0.7573282028657945,0));
#11566=FACE_SURFACE('',(#11571),#11567,.T.);
#11567=PLANE('',#11568);
#11568=AXIS2_PLACEMENT_3D('',#128,#11569,#11570);
#11569=DIRECTION('',(0,0,1));
#11570=DIRECTION('',(-0.6530344501969755,-0.7573282028657945,0));
#11571=FACE_BOUND('',#11572,.T.);
#11572=EDGE_LOOP('',(#11573,#11574,#11575));
#11573=ORIENTED_EDGE('',*,*,#11576,.T.);
#11574=ORIENTED_EDGE('',*,*,#11577,.T.);
#11575=ORIENTED_EDGE('',*,*,#11578,.T.);
#11576=EDGE_CURVE('',#129,#333,#11579,.F.);
#11577=EDGE_CURVE('',#333,#329,#11580,.T.);
#11578=EDGE_CURVE('',#329,#129,#11581,.T.);
#11579=LINE('',#128,#11582);
#11580=LINE('',#332,#11583);
#11581=LINE('',#328,#11584);
#11582=VECTOR('',#11585,1.0);
#11583=VECTOR('',#11586,1.0);
#11584=VECTOR('',#11587,1.0);
#11585=DIRECTION('',(-0.6530344501969755,-0.7573282028657945,0));
#11586=DIRECTION('',(0.38269006292329494,-0.9238767860162763,0));
#11587=DIRECTION('',(0.6031059602451964,0.7976610813601974,0));
#11588=FACE_SURFACE('',(#11593),#11589,.T.);
#11589=PLANE('',#11590);
#11590=AXIS2_PLACEMENT_3D('',#328,#11591,#11592);
#11591=DIRECTION('',(-0,0,1));
#11592=DIRECTION('',(0.1305293161766429,-0.9914444500921159,0));
#11593=FACE_BOUND('',#11594,.T.);
#11594=EDGE_LOOP('',(#11595,#11596,#11597));
#11595=ORIENTED_EDGE('',*,*,#11598,.T.);
#11596=ORIENTED_EDGE('',*,*,#11599,.T.);
#11597=ORIENTED_EDGE('',*,*,#11600,.T.);
#11598=EDGE_CURVE('',#329,#325,#11601,.F.);
#11599=EDGE_CURVE('',#325,#129,#11602,.T.);
#11600=EDGE_CURVE('',#129,#329,#11603,.T.);
#11601=LINE('',#328,#11604);
#11602=LINE('',#324,#11605);
#11603=LINE('',#128,#11606);
#11604=VECTOR('',#11607,1.0);
#11605=VECTOR('',#11608,1.0);
#11606=VECTOR('',#11609,1.0);
#11607=DIRECTION('',(0.1305293161766429,-0.9914444500921159,0));
#11608=DIRECTION('',(0.5641903618897146,0.8256447393102877,0));
#11609=DIRECTION('',(-0.6031059602451964,-0.7976610813601974,0));
#11610=FACE_SURFACE('',(#11615),#11611,.T.);
#11611=PLANE('',#11612);
#11612=AXIS2_PLACEMENT_3D('',#424,#11613,#11614);
#11613=DIRECTION('',(0,0,1));
#11614=DIRECTION('',(0.1305265315346275,-0.9914448167021399,0));
#11615=FACE_BOUND('',#11616,.T.);
#11616=EDGE_LOOP('',(#11617,#11618,#11619));
#11617=ORIENTED_EDGE('',*,*,#11620,.T.);
#11618=ORIENTED_EDGE('',*,*,#11621,.T.);
#11619=ORIENTED_EDGE('',*,*,#11622,.T.);
#11620=EDGE_CURVE('',#425,#421,#11623,.F.);
#11621=EDGE_CURVE('',#421,#101,#11624,.T.);
#11622=EDGE_CURVE('',#101,#425,#11625,.T.);
#11623=LINE('',#424,#11626);
#11624=LINE('',#420,#11627);
#11625=LINE('',#100,#11628);
#11626=VECTOR('',#11629,1.0);
#11627=VECTOR('',#11630,1.0);
#11628=VECTOR('',#11631,1.0);
#11629=DIRECTION('',(0.1305265315346275,-0.9914448167021399,0));
#11630=DIRECTION('',(1,0,0));
#11631=DIRECTION('',(-0.9931010724304176,0.11726150236780321,0));
#11632=FACE_SURFACE('',(#11637),#11633,.T.);
#11633=PLANE('',#11634);
#11634=AXIS2_PLACEMENT_3D('',#100,#11635,#11636);
#11635=DIRECTION('',(0,0,1));
#11636=DIRECTION('',(-1,0,0));
#11637=FACE_BOUND('',#11638,.T.);
#11638=EDGE_LOOP('',(#11639,#11640,#11641));
#11639=ORIENTED_EDGE('',*,*,#11642,.T.);
#11640=ORIENTED_EDGE('',*,*,#11643,.T.);
#11641=ORIENTED_EDGE('',*,*,#11644,.T.);
#11642=EDGE_CURVE('',#101,#421,#11645,.F.);
#11643=EDGE_CURVE('',#421,#513,#11646,.T.);
#11644=EDGE_CURVE('',#513,#101,#11647,.T.);
#11645=LINE('',#100,#11648);
#11646=LINE('',#420,#11649);
#11647=LINE('',#512,#11650);
#11648=VECTOR('',#11651,1.0);
#11649=VECTOR('',#11652,1.0);
#11650=VECTOR('',#11653,1.0);
#11651=DIRECTION('',(-1,0,0));
#11652=DIRECTION('',(-0.1305265315346275,-0.9914448167021399,0));
#11653=DIRECTION('',(0.9931010724304176,0.11726150236780321,0));
#11654=FACE_SURFACE('',(#11659),#11655,.T.);
#11655=PLANE('',#11656);
#11656=AXIS2_PLACEMENT_3D('',#100,#11657,#11658);
#11657=DIRECTION('',(0,0,1));
#11658=DIRECTION('',(-0.9931010724304176,-0.11726150236780321,0));
#11659=FACE_BOUND('',#11660,.T.);
#11660=EDGE_LOOP('',(#11661,#11662,#11663));
#11661=ORIENTED_EDGE('',*,*,#11664,.T.);
#11662=ORIENTED_EDGE('',*,*,#11665,.T.);
#11663=ORIENTED_EDGE('',*,*,#11666,.T.);
#11664=EDGE_CURVE('',#101,#513,#11667,.F.);
#11665=EDGE_CURVE('',#513,#509,#11668,.T.);
#11666=EDGE_CURVE('',#509,#101,#11669,.T.);
#11667=LINE('',#100,#11670);
#11668=LINE('',#512,#11671);
#11669=LINE('',#508,#11672);
#11670=VECTOR('',#11673,1.0);
#11671=VECTOR('',#11674,1.0);
#11672=VECTOR('',#11675,1.0);
#11673=DIRECTION('',(-0.9931010724304176,-0.11726150236780321,0));
#11674=DIRECTION('',(-0.38268134223170003,-0.9238803982701139,0));
#11675=DIRECTION('',(0.9770196472060991,0.21314926453842034,0));
#11676=FACE_SURFACE('',(#11681),#11677,.T.);
#11677=PLANE('',#11678);
#11678=AXIS2_PLACEMENT_3D('',#500,#11679,#11680);
#11679=DIRECTION('',(0,0,1));
#11680=DIRECTION('',(-0.9238790386956276,-0.38268462453937563,0));
#11681=FACE_BOUND('',#11682,.T.);
#11682=EDGE_LOOP('',(#11683,#11684,#11685));
#11683=ORIENTED_EDGE('',*,*,#11686,.T.);
#11684=ORIENTED_EDGE('',*,*,#11687,.T.);
#11685=ORIENTED_EDGE('',*,*,#11688,.T.);
#11686=EDGE_CURVE('',#501,#497,#11689,.F.);
#11687=EDGE_CURVE('',#497,#105,#11690,.T.);
#11688=EDGE_CURVE('',#105,#501,#11691,.T.);
#11689=LINE('',#500,#11692);
#11690=LINE('',#496,#11693);
#11691=LINE('',#104,#11694);
#11692=VECTOR('',#11695,1.0);
#11693=VECTOR('',#11696,1.0);
#11694=VECTOR('',#11697,1.0);
#11695=DIRECTION('',(-0.9238790386956276,-0.38268462453937563,0));
#11696=DIRECTION('',(0.7976615480463477,-0.6031053430109072,0));
#11697=DIRECTION('',(-0.7573282418283371,0.6530344050118645,0));
#11698=FACE_SURFACE('',(#11703),#11699,.T.);
#11699=PLANE('',#11700);
#11700=AXIS2_PLACEMENT_3D('',#104,#11701,#11702);
#11701=DIRECTION('',(0,0,1));
#11702=DIRECTION('',(-0.7976615480463477,0.6031053430109072,0));
#11703=FACE_BOUND('',#11704,.T.);
#11704=EDGE_LOOP('',(#11705,#11706,#11707));
#11705=ORIENTED_EDGE('',*,*,#11708,.T.);
#11706=ORIENTED_EDGE('',*,*,#11709,.T.);
#11707=ORIENTED_EDGE('',*,*,#11710,.T.);
#11708=EDGE_CURVE('',#105,#497,#11711,.F.);
#11709=EDGE_CURVE('',#497,#493,#11712,.T.);
#11710=EDGE_CURVE('',#493,#105,#11713,.T.);
#11711=LINE('',#104,#11714);
#11712=LINE('',#496,#11715);
#11713=LINE('',#492,#11716);
#11714=VECTOR('',#11717,1.0);
#11715=VECTOR('',#11718,1.0);
#11716=VECTOR('',#11719,1.0);
#11717=DIRECTION('',(-0.7976615480463477,0.6031053430109072,0));
#11718=DIRECTION('',(-0.9914453143359134,-0.13052275158516174,0));
#11719=DIRECTION('',(0.8256447393102877,-0.5641903618897146,0));
#11720=FACE_SURFACE('',(#11725),#11721,.T.);
#11721=PLANE('',#11722);
#11722=AXIS2_PLACEMENT_3D('',#484,#11723,#11724);
#11723=DIRECTION('',(0,0,1));
#11724=DIRECTION('',(-0.7933542012276021,0.6087603070129601,0));
#11725=FACE_BOUND('',#11726,.T.);
#11726=EDGE_LOOP('',(#11727,#11728,#11729));
#11727=ORIENTED_EDGE('',*,*,#11730,.T.);
#11728=ORIENTED_EDGE('',*,*,#11731,.T.);
#11729=ORIENTED_EDGE('',*,*,#11732,.T.);
#11730=EDGE_CURVE('',#485,#481,#11733,.F.);
#11731=EDGE_CURVE('',#481,#109,#11734,.T.);
#11732=EDGE_CURVE('',#109,#485,#11735,.T.);
#11733=LINE('',#484,#11736);
#11734=LINE('',#480,#11737);
#11735=LINE('',#108,#11738);
#11736=VECTOR('',#11739,1.0);
#11737=VECTOR('',#11740,1.0);
#11738=VECTOR('',#11741,1.0);
#11739=DIRECTION('',(-0.7933542012276021,0.6087603070129601,0));
#11740=DIRECTION('',(-0.7071070708246923,-0.7071064915482842,0));
#11741=DIRECTION('',(0.7573283638101003,0.6530342635487946,0));
#11742=FACE_SURFACE('',(#11747),#11743,.T.);
#11743=PLANE('',#11744);
#11744=AXIS2_PLACEMENT_3D('',#108,#11745,#11746);
#11745=DIRECTION('',(0,0,1));
#11746=DIRECTION('',(0.7071070708246923,0.7071064915482842,0));
#11747=FACE_BOUND('',#11748,.T.);
#11748=EDGE_LOOP('',(#11749,#11750,#11751));
#11749=ORIENTED_EDGE('',*,*,#11752,.T.);
#11750=ORIENTED_EDGE('',*,*,#11753,.T.);
#11751=ORIENTED_EDGE('',*,*,#11754,.T.);
#11752=EDGE_CURVE('',#109,#481,#11755,.F.);
#11753=EDGE_CURVE('',#481,#477,#11756,.T.);
#11754=EDGE_CURVE('',#477,#109,#11757,.T.);
#11755=LINE('',#108,#11758);
#11756=LINE('',#480,#11759);
#11757=LINE('',#476,#11760);
#11758=VECTOR('',#11761,1.0);
#11759=VECTOR('',#11762,1.0);
#11760=VECTOR('',#11763,1.0);
#11761=DIRECTION('',(0.7071070708246923,0.7071064915482842,0));
#11762=DIRECTION('',(-0.6087608701718572,0.7933537691015297,0));
#11763=DIRECTION('',(-0.6530345690674819,-0.7573281003652566,0));
#11764=FACE_SURFACE('',(#11769),#11765,.T.);
#11765=PLANE('',#11766);
#11766=AXIS2_PLACEMENT_3D('',#108,#11767,#11768);
#11767=DIRECTION('',(0,0,1));
#11768=DIRECTION('',(0.6530345690674819,0.7573281003652566,0));
#11769=FACE_BOUND('',#11770,.T.);
#11770=EDGE_LOOP('',(#11771,#11772,#11773));
#11771=ORIENTED_EDGE('',*,*,#11774,.T.);
#11772=ORIENTED_EDGE('',*,*,#11775,.T.);
#11773=ORIENTED_EDGE('',*,*,#11776,.T.);
#11774=EDGE_CURVE('',#109,#477,#11777,.F.);
#11775=EDGE_CURVE('',#477,#473,#11778,.T.);
#11776=EDGE_CURVE('',#473,#109,#11779,.T.);
#11777=LINE('',#108,#11780);
#11778=LINE('',#476,#11781);
#11779=LINE('',#472,#11782);
#11780=VECTOR('',#11783,1.0);
#11781=VECTOR('',#11784,1.0);
#11782=VECTOR('',#11785,1.0);
#11783=DIRECTION('',(0.6530345690674819,0.7573281003652566,0));
#11784=DIRECTION('',(-0.38268134223170003,0.9238803982701139,0));
#11785=DIRECTION('',(-0.6031056944925898,-0.7976612822938135,0));
#11786=FACE_SURFACE('',(#11791),#11787,.T.);
#11787=PLANE('',#11788);
#11788=AXIS2_PLACEMENT_3D('',#472,#11789,#11790);
#11789=DIRECTION('',(0,0,1));
#11790=DIRECTION('',(-0.1305265315346275,0.9914448167021399,0));
#11791=FACE_BOUND('',#11792,.T.);
#11792=EDGE_LOOP('',(#11793,#11794,#11795));
#11793=ORIENTED_EDGE('',*,*,#11796,.T.);
#11794=ORIENTED_EDGE('',*,*,#11797,.T.);
#11795=ORIENTED_EDGE('',*,*,#11798,.T.);
#11796=EDGE_CURVE('',#473,#469,#11799,.F.);
#11797=EDGE_CURVE('',#469,#109,#11800,.T.);
#11798=EDGE_CURVE('',#109,#473,#11801,.T.);
#11799=LINE('',#472,#11802);
#11800=LINE('',#468,#11803);
#11801=LINE('',#108,#11804);
#11802=VECTOR('',#11805,1.0);
#11803=VECTOR('',#11806,1.0);
#11804=VECTOR('',#11807,1.0);
#11805=DIRECTION('',(-0.1305265315346275,0.9914448167021399,0));
#11806=DIRECTION('',(-0.5641905408095087,-0.8256446170484454,0));
#11807=DIRECTION('',(0.6031056944925898,0.7976612822938135,0));
#11808=FACE_SURFACE('',(#11813),#11809,.T.);
#11809=PLANE('',#11810);
#11810=AXIS2_PLACEMENT_3D('',#460,#11811,#11812);
#11811=DIRECTION('',(0,-0,1));
#11812=DIRECTION('',(0.6087608701718572,0.7933537691015297,0));
#11813=FACE_BOUND('',#11814,.T.);
#11814=EDGE_LOOP('',(#11815,#11816,#11817));
#11815=ORIENTED_EDGE('',*,*,#11818,.T.);
#11816=ORIENTED_EDGE('',*,*,#11819,.T.);
#11817=ORIENTED_EDGE('',*,*,#11820,.T.);
#11818=EDGE_CURVE('',#461,#457,#11821,.F.);
#11819=EDGE_CURVE('',#457,#117,#11822,.T.);
#11820=EDGE_CURVE('',#117,#461,#11823,.T.);
#11821=LINE('',#460,#11824);
#11822=LINE('',#456,#11825);
#11823=LINE('',#116,#11826);
#11824=VECTOR('',#11827,1.0);
#11825=VECTOR('',#11828,1.0);
#11826=VECTOR('',#11829,1.0);
#11827=DIRECTION('',(0.6087608701718572,0.7933537691015297,0));
#11828=DIRECTION('',(-0.7071067811865476,0.7071067811865476,0));
#11829=DIRECTION('',(0.6530342861414153,-0.7573283443287807,0));
#11830=FACE_SURFACE('',(#11835),#11831,.T.);
#11831=PLANE('',#11832);
#11832=AXIS2_PLACEMENT_3D('',#448,#11833,#11834);
#11833=DIRECTION('',(0,0,1));
#11834=DIRECTION('',(0.9914453143359134,0.13052275158516174,0));
#11835=FACE_BOUND('',#11836,.T.);
#11836=EDGE_LOOP('',(#11837,#11838,#11839));
#11837=ORIENTED_EDGE('',*,*,#11840,.T.);
#11838=ORIENTED_EDGE('',*,*,#11841,.T.);
#11839=ORIENTED_EDGE('',*,*,#11842,.T.);
#11840=EDGE_CURVE('',#449,#445,#11843,.F.);
#11841=EDGE_CURVE('',#445,#113,#11844,.T.);
#11842=EDGE_CURVE('',#113,#449,#11845,.T.);
#11843=LINE('',#448,#11846);
#11844=LINE('',#444,#11847);
#11845=LINE('',#112,#11848);
#11846=VECTOR('',#11849,1.0);
#11847=VECTOR('',#11850,1.0);
#11848=VECTOR('',#11851,1.0);
#11849=DIRECTION('',(0.9914453143359134,0.13052275158516174,0));
#11850=DIRECTION('',(0,1,0));
#11851=DIRECTION('',(-0.11726150236780321,-0.9931010724304176,0));
#11852=FACE_SURFACE('',(#11857),#11853,.T.);
#11853=PLANE('',#11854);
#11854=AXIS2_PLACEMENT_3D('',#112,#11855,#11856);
#11855=DIRECTION('',(0,0,1));
#11856=DIRECTION('',(0,-1,0));
#11857=FACE_BOUND('',#11858,.T.);
#11858=EDGE_LOOP('',(#11859,#11860,#11861));
#11859=ORIENTED_EDGE('',*,*,#11862,.T.);
#11860=ORIENTED_EDGE('',*,*,#11863,.T.);
#11861=ORIENTED_EDGE('',*,*,#11864,.T.);
#11862=EDGE_CURVE('',#113,#445,#11865,.F.);
#11863=EDGE_CURVE('',#445,#441,#11866,.T.);
#11864=EDGE_CURVE('',#441,#113,#11867,.T.);
#11865=LINE('',#112,#11868);
#11866=LINE('',#444,#11869);
#11867=LINE('',#440,#11870);
#11868=VECTOR('',#11871,1.0);
#11869=VECTOR('',#11872,1.0);
#11870=VECTOR('',#11873,1.0);
#11871=DIRECTION('',(0,-1,0));
#11872=DIRECTION('',(0.9914453143359134,-0.13052275158516174,0));
#11873=DIRECTION('',(-0.11726150236780321,0.9931010724304176,0));
#11874=FACE_SURFACE('',(#11879),#11875,.T.);
#11875=PLANE('',#11876);
#11876=AXIS2_PLACEMENT_3D('',#112,#11877,#11878);
#11877=DIRECTION('',(0,0,1));
#11878=DIRECTION('',(0.11726150236780321,-0.9931010724304176,0));
#11879=FACE_BOUND('',#11880,.T.);
#11880=EDGE_LOOP('',(#11881,#11882,#11883));
#11881=ORIENTED_EDGE('',*,*,#11884,.T.);
#11882=ORIENTED_EDGE('',*,*,#11885,.T.);
#11883=ORIENTED_EDGE('',*,*,#11886,.T.);
#11884=EDGE_CURVE('',#113,#441,#11887,.F.);
#11885=EDGE_CURVE('',#441,#437,#11888,.T.);
#11886=EDGE_CURVE('',#437,#113,#11889,.T.);
#11887=LINE('',#112,#11890);
#11888=LINE('',#440,#11891);
#11889=LINE('',#436,#11892);
#11890=VECTOR('',#11893,1.0);
#11891=VECTOR('',#11894,1.0);
#11892=VECTOR('',#11895,1.0);
#11893=DIRECTION('',(0.11726150236780321,-0.9931010724304176,0));
#11894=DIRECTION('',(0.9238790386956276,-0.38268462453937563,0));
#11895=DIRECTION('',(-0.21314917541806178,0.9770196666488348,0));
#11896=FACE_SURFACE('',(#11901),#11897,.T.);
#11897=PLANE('',#11898);
#11898=AXIS2_PLACEMENT_3D('',#436,#11899,#11900);
#11899=DIRECTION('',(-0,-0,1));
#11900=DIRECTION('',(0.7933542012276021,-0.6087603070129601,0));
#11901=FACE_BOUND('',#11902,.T.);
#11902=EDGE_LOOP('',(#11903,#11904,#11905));
#11903=ORIENTED_EDGE('',*,*,#11906,.T.);
#11904=ORIENTED_EDGE('',*,*,#11907,.T.);
#11905=ORIENTED_EDGE('',*,*,#11908,.T.);
#11906=EDGE_CURVE('',#437,#433,#11909,.F.);
#11907=EDGE_CURVE('',#433,#113,#11910,.T.);
#11908=EDGE_CURVE('',#113,#437,#11911,.T.);
#11909=LINE('',#436,#11912);
#11910=LINE('',#432,#11913);
#11911=LINE('',#112,#11914);
#11912=VECTOR('',#11915,1.0);
#11913=VECTOR('',#11916,1.0);
#11914=VECTOR('',#11917,1.0);
#11915=DIRECTION('',(0.7933542012276021,-0.6087603070129601,0));
#11916=DIRECTION('',(-0.27721463249053463,0.9608080180416575,0));
#11917=DIRECTION('',(0.21314917541806178,-0.9770196666488348,0));
#11918=FACE_SURFACE('',(#11923),#11919,.T.);
#11919=PLANE('',#11920);
#11920=AXIS2_PLACEMENT_3D('',#112,#11921,#11922);
#11921=DIRECTION('',(-0,0,1));
#11922=DIRECTION('',(0.27721463249053463,-0.9608080180416575,0));
#11923=FACE_BOUND('',#11924,.T.);
#11924=EDGE_LOOP('',(#11925,#11926,#11927));
#11925=ORIENTED_EDGE('',*,*,#11928,.T.);
#11926=ORIENTED_EDGE('',*,*,#11929,.T.);
#11927=ORIENTED_EDGE('',*,*,#11930,.T.);
#11928=EDGE_CURVE('',#113,#433,#11931,.F.);
#11929=EDGE_CURVE('',#433,#519,#11932,.T.);
#11930=EDGE_CURVE('',#519,#113,#11933,.T.);
#11931=LINE('',#112,#11934);
#11932=LINE('',#432,#11935);
#11933=LINE('',#518,#11936);
#11934=VECTOR('',#11937,1.0);
#11935=VECTOR('',#11938,1.0);
#11936=VECTOR('',#11939,1.0);
#11937=DIRECTION('',(0.27721463249053463,-0.9608080180416575,0));
#11938=DIRECTION('',(0.7071066363674603,0.707106926005605,0));
#11939=DIRECTION('',(-1,0,0));
#11940=FACE_SURFACE('',(#11945),#11941,.T.);
#11941=PLANE('',#11942);
#11942=AXIS2_PLACEMENT_3D('',#432,#11943,#11944);
#11943=DIRECTION('',(-0,0,1));
#11944=DIRECTION('',(0.6087584498010064,-0.7933556263088298,0));
#11945=FACE_BOUND('',#11946,.T.);
#11946=EDGE_LOOP('',(#11947,#11948,#11949));
#11947=ORIENTED_EDGE('',*,*,#11950,.T.);
#11948=ORIENTED_EDGE('',*,*,#11951,.T.);
#11949=ORIENTED_EDGE('',*,*,#11952,.T.);
#11950=EDGE_CURVE('',#433,#429,#11953,.F.);
#11951=EDGE_CURVE('',#429,#519,#11954,.T.);
#11952=EDGE_CURVE('',#519,#433,#11955,.T.);
#11953=LINE('',#432,#11956);
#11954=LINE('',#428,#11957);
#11955=LINE('',#518,#11958);
#11956=VECTOR('',#11959,1.0);
#11957=VECTOR('',#11960,1.0);
#11958=VECTOR('',#11961,1.0);
#11959=DIRECTION('',(0.6087584498010064,-0.7933556263088298,0));
#11960=DIRECTION('',(0.6530342861414153,0.7573283443287807,0));
#11961=DIRECTION('',(-0.7071066363674603,-0.707106926005605,0));
#11962=FACE_SURFACE('',(#11967),#11963,.T.);
#11963=PLANE('',#11964);
#11964=AXIS2_PLACEMENT_3D('',#522,#11965,#11966);
#11965=DIRECTION('',(0,0,1));
#11966=DIRECTION('',(1,0,0));
#11967=FACE_BOUND('',#11968,.T.);
#11968=EDGE_LOOP('',(#11969,#11970,#11971));
#11969=ORIENTED_EDGE('',*,*,#11972,.T.);
#11970=ORIENTED_EDGE('',*,*,#11973,.T.);
#11971=ORIENTED_EDGE('',*,*,#11974,.T.);
#11972=EDGE_CURVE('',#523,#541,#11975,.F.);
#11973=EDGE_CURVE('',#541,#121,#11976,.T.);
#11974=EDGE_CURVE('',#121,#523,#11977,.T.);
#11975=LINE('',#522,#11978);
#11976=LINE('',#540,#11979);
#11977=LINE('',#120,#11980);
#11978=VECTOR('',#11981,1.0);
#11979=VECTOR('',#11982,1.0);
#11980=VECTOR('',#11983,1.0);
#11981=DIRECTION('',(1,0,0));
#11982=DIRECTION('',(-0.9979253088836227,0.06438227931291601,0));
#11983=DIRECTION('',(0,-1,0));
#11984=FACE_SURFACE('',(#11989),#11985,.T.);
#11985=PLANE('',#11986);
#11986=AXIS2_PLACEMENT_3D('',#544,#11987,#11988);
#11987=DIRECTION('',(0,0,1));
#11988=DIRECTION('',(-1,0,0));
#11989=FACE_BOUND('',#11990,.T.);
#11990=EDGE_LOOP('',(#11991,#11992,#11993));
#11991=ORIENTED_EDGE('',*,*,#11994,.T.);
#11992=ORIENTED_EDGE('',*,*,#11995,.T.);
#11993=ORIENTED_EDGE('',*,*,#11996,.T.);
#11994=EDGE_CURVE('',#545,#519,#11997,.F.);
#11995=EDGE_CURVE('',#519,#103,#11998,.T.);
#11996=EDGE_CURVE('',#103,#545,#11999,.T.);
#11997=LINE('',#544,#12000);
#11998=LINE('',#518,#12001);
#11999=LINE('',#102,#12002);
#12000=VECTOR('',#12003,1.0);
#12001=VECTOR('',#12004,1.0);
#12002=VECTOR('',#12005,1.0);
#12003=DIRECTION('',(-1,0,0));
#12004=DIRECTION('',(0.9979253088836227,-0.06438227931291601,0));
#12005=DIRECTION('',(0,1,0));
#12006=FACE_SURFACE('',(#12011),#12007,.T.);
#12007=PLANE('',#12008);
#12008=AXIS2_PLACEMENT_3D('',#552,#12009,#12010);
#12009=DIRECTION('',(0,0,1));
#12010=DIRECTION('',(1,0,0));
#12011=FACE_BOUND('',#12012,.T.);
#12012=EDGE_LOOP('',(#12013,#12014,#12015));
#12013=ORIENTED_EDGE('',*,*,#12016,.T.);
#12014=ORIENTED_EDGE('',*,*,#12017,.T.);
#12015=ORIENTED_EDGE('',*,*,#12018,.T.);
#12016=EDGE_CURVE('',#553,#551,#12019,.F.);
#12017=EDGE_CURVE('',#551,#563,#12020,.T.);
#12018=EDGE_CURVE('',#563,#553,#12021,.T.);
#12019=LINE('',#552,#12022);
#12020=LINE('',#550,#12023);
#12021=LINE('',#562,#12024);
#12022=VECTOR('',#12025,1.0);
#12023=VECTOR('',#12026,1.0);
#12024=VECTOR('',#12027,1.0);
#12025=DIRECTION('',(1,0,0));
#12026=DIRECTION('',(-0.9772712545098882,0.211992677016611,0));
#12027=DIRECTION('',(0,-1,0));
#12028=FACE_SURFACE('',(#12033),#12029,.T.);
#12029=PLANE('',#12030);
#12030=AXIS2_PLACEMENT_3D('',#562,#12031,#12032);
#12031=DIRECTION('',(-0,0,1));
#12032=DIRECTION('',(0.9772712545098882,-0.211992677016611,0));
#12033=FACE_BOUND('',#12034,.T.);
#12034=EDGE_LOOP('',(#12035,#12036,#12037));
#12035=ORIENTED_EDGE('',*,*,#12038,.T.);
#12036=ORIENTED_EDGE('',*,*,#12039,.T.);
#12037=ORIENTED_EDGE('',*,*,#12040,.T.);
#12038=EDGE_CURVE('',#563,#551,#12041,.F.);
#12039=EDGE_CURVE('',#551,#565,#12042,.T.);
#12040=EDGE_CURVE('',#565,#563,#12043,.T.);
#12041=LINE('',#562,#12044);
#12042=LINE('',#550,#12045);
#12043=LINE('',#564,#12046);
#12044=VECTOR('',#12047,1.0);
#12045=VECTOR('',#12048,1.0);
#12046=VECTOR('',#12049,1.0);
#12047=DIRECTION('',(0.9772712545098882,-0.211992677016611,0));
#12048=DIRECTION('',(0,1,0));
#12049=DIRECTION('',(-1,0,0));
#12050=FACE_SURFACE('',(#12055),#12051,.T.);
#12051=PLANE('',#12052);
#12052=AXIS2_PLACEMENT_3D('',#562,#12053,#12054);
#12053=DIRECTION('',(0,0,1));
#12054=DIRECTION('',(1,0,0));
#12055=FACE_BOUND('',#12056,.T.);
#12056=EDGE_LOOP('',(#12057,#12058,#12059));
#12057=ORIENTED_EDGE('',*,*,#12060,.T.);
#12058=ORIENTED_EDGE('',*,*,#12061,.T.);
#12059=ORIENTED_EDGE('',*,*,#12062,.T.);
#12060=EDGE_CURVE('',#563,#565,#12063,.F.);
#12061=EDGE_CURVE('',#565,#567,#12064,.T.);
#12062=EDGE_CURVE('',#567,#563,#12065,.T.);
#12063=LINE('',#562,#12066);
#12064=LINE('',#564,#12067);
#12065=LINE('',#566,#12068);
#12066=VECTOR('',#12069,1.0);
#12067=VECTOR('',#12070,1.0);
#12068=VECTOR('',#12071,1.0);
#12069=DIRECTION('',(1,0,0));
#12070=DIRECTION('',(-0.6315431808933981,0.7753407061847383,0));
#12071=DIRECTION('',(0,-1,0));
#12072=FACE_SURFACE('',(#12077),#12073,.T.);
#12073=PLANE('',#12074);
#12074=AXIS2_PLACEMENT_3D('',#566,#12075,#12076);
#12075=DIRECTION('',(-0,0,1));
#12076=DIRECTION('',(0.6315431808933981,-0.7753407061847383,0));
#12077=FACE_BOUND('',#12078,.T.);
#12078=EDGE_LOOP('',(#12079,#12080,#12081));
#12079=ORIENTED_EDGE('',*,*,#12082,.T.);
#12080=ORIENTED_EDGE('',*,*,#12083,.T.);
#12081=ORIENTED_EDGE('',*,*,#12084,.T.);
#12082=EDGE_CURVE('',#567,#565,#12085,.F.);
#12083=EDGE_CURVE('',#565,#569,#12086,.T.);
#12084=EDGE_CURVE('',#569,#567,#12087,.T.);
#12085=LINE('',#566,#12088);
#12086=LINE('',#564,#12089);
#12087=LINE('',#568,#12090);
#12088=VECTOR('',#12091,1.0);
#12089=VECTOR('',#12092,1.0);
#12090=VECTOR('',#12093,1.0);
#12091=DIRECTION('',(0.6315431808933981,-0.7753407061847383,0));
#12092=DIRECTION('',(0,1,0));
#12093=DIRECTION('',(-1,0,0));
#12094=FACE_SURFACE('',(#12099),#12095,.T.);
#12095=PLANE('',#12096);
#12096=AXIS2_PLACEMENT_3D('',#566,#12097,#12098);
#12097=DIRECTION('',(0,0,1));
#12098=DIRECTION('',(1,0,0));
#12099=FACE_BOUND('',#12100,.T.);
#12100=EDGE_LOOP('',(#12101,#12102,#12103));
#12101=ORIENTED_EDGE('',*,*,#12104,.T.);
#12102=ORIENTED_EDGE('',*,*,#12105,.T.);
#12103=ORIENTED_EDGE('',*,*,#12106,.T.);
#12104=EDGE_CURVE('',#567,#569,#12107,.F.);
#12105=EDGE_CURVE('',#569,#533,#12108,.T.);
#12106=EDGE_CURVE('',#533,#567,#12109,.T.);
#12107=LINE('',#566,#12110);
#12108=LINE('',#568,#12111);
#12109=LINE('',#532,#12112);
#12110=VECTOR('',#12113,1.0);
#12111=VECTOR('',#12114,1.0);
#12112=VECTOR('',#12115,1.0);
#12113=DIRECTION('',(1,0,0));
#12114=DIRECTION('',(-0.9772712307454281,0.21199278656906256,0));
#12115=DIRECTION('',(0,-1,0));
#12116=FACE_SURFACE('',(#12121),#12117,.T.);
#12117=PLANE('',#12118);
#12118=AXIS2_PLACEMENT_3D('',#532,#12119,#12120);
#12119=DIRECTION('',(-0,0,1));
#12120=DIRECTION('',(0.9772712307454281,-0.21199278656906256,0));
#12121=FACE_BOUND('',#12122,.T.);
#12122=EDGE_LOOP('',(#12123,#12124,#12125));
#12123=ORIENTED_EDGE('',*,*,#12126,.T.);
#12124=ORIENTED_EDGE('',*,*,#12127,.T.);
#12125=ORIENTED_EDGE('',*,*,#12128,.T.);
#12126=EDGE_CURVE('',#533,#569,#12129,.F.);
#12127=EDGE_CURVE('',#569,#535,#12130,.T.);
#12128=EDGE_CURVE('',#535,#533,#12131,.T.);
#12129=LINE('',#532,#12132);
#12130=LINE('',#568,#12133);
#12131=LINE('',#534,#12134);
#12132=VECTOR('',#12135,1.0);
#12133=VECTOR('',#12136,1.0);
#12134=VECTOR('',#12137,1.0);
#12135=DIRECTION('',(0.9772712307454281,-0.21199278656906256,0));
#12136=DIRECTION('',(0,1,0));
#12137=DIRECTION('',(-1,0,0));
#12138=FACE_SURFACE('',(#12143),#12139,.T.);
#12139=PLANE('',#12140);
#12140=AXIS2_PLACEMENT_3D('',#564,#12141,#12142);
#12141=DIRECTION('',(0,0,1));
#12142=DIRECTION('',(1,0,0));
#12143=FACE_BOUND('',#12144,.T.);
#12144=EDGE_LOOP('',(#12145,#12146,#12147));
#12145=ORIENTED_EDGE('',*,*,#12148,.T.);
#12146=ORIENTED_EDGE('',*,*,#12149,.T.);
#12147=ORIENTED_EDGE('',*,*,#12150,.T.);
#12148=EDGE_CURVE('',#565,#561,#12151,.F.);
#12149=EDGE_CURVE('',#561,#569,#12152,.T.);
#12150=EDGE_CURVE('',#569,#565,#12153,.T.);
#12151=LINE('',#564,#12154);
#12152=LINE('',#560,#12155);
#12153=LINE('',#568,#12156);
#12154=VECTOR('',#12157,1.0);
#12155=VECTOR('',#12158,1.0);
#12156=VECTOR('',#12159,1.0);
#12157=DIRECTION('',(1,0,0));
#12158=DIRECTION('',(-0.17279948762459008,0.9849570229592148,0));
#12159=DIRECTION('',(0,-1,0));
#12160=FACE_SURFACE('',(#12165),#12161,.T.);
#12161=PLANE('',#12162);
#12162=AXIS2_PLACEMENT_3D('',#568,#12163,#12164);
#12163=DIRECTION('',(-0,0,1));
#12164=DIRECTION('',(0.17279948762459008,-0.9849570229592148,0));
#12165=FACE_BOUND('',#12166,.T.);
#12166=EDGE_LOOP('',(#12167,#12168,#12169));
#12167=ORIENTED_EDGE('',*,*,#12170,.T.);
#12168=ORIENTED_EDGE('',*,*,#12171,.T.);
#12169=ORIENTED_EDGE('',*,*,#12172,.T.);
#12170=EDGE_CURVE('',#569,#561,#12173,.F.);
#12171=EDGE_CURVE('',#561,#559,#12174,.T.);
#12172=EDGE_CURVE('',#559,#569,#12175,.T.);
#12173=LINE('',#568,#12176);
#12174=LINE('',#560,#12177);
#12175=LINE('',#558,#12178);
#12176=VECTOR('',#12179,1.0);
#12177=VECTOR('',#12180,1.0);
#12178=VECTOR('',#12181,1.0);
#12179=DIRECTION('',(0.17279948762459008,-0.9849570229592148,0));
#12180=DIRECTION('',(0,1,0));
#12181=DIRECTION('',(-1,0,0));
#12182=FACE_SURFACE('',(#12187),#12183,.T.);
#12183=PLANE('',#12184);
#12184=AXIS2_PLACEMENT_3D('',#566,#12185,#12186);
#12185=DIRECTION('',(0,0,1));
#12186=DIRECTION('',(-1,0,0));
#12187=FACE_BOUND('',#12188,.T.);
#12188=EDGE_LOOP('',(#12189,#12190,#12191));
#12189=ORIENTED_EDGE('',*,*,#12192,.T.);
#12190=ORIENTED_EDGE('',*,*,#12193,.T.);
#12191=ORIENTED_EDGE('',*,*,#12194,.T.);
#12192=EDGE_CURVE('',#567,#529,#12195,.F.);
#12193=EDGE_CURVE('',#529,#563,#12196,.T.);
#12194=EDGE_CURVE('',#563,#567,#12197,.T.);
#12195=LINE('',#566,#12198);
#12196=LINE('',#528,#12199);
#12197=LINE('',#562,#12200);
#12198=VECTOR('',#12201,1.0);
#12199=VECTOR('',#12202,1.0);
#12200=VECTOR('',#12203,1.0);
#12201=DIRECTION('',(-1,0,0));
#12202=DIRECTION('',(0.17279951046369377,-0.9849570189523539,0));
#12203=DIRECTION('',(0,1,0));
#12204=FACE_SURFACE('',(#12209),#12205,.T.);
#12205=PLANE('',#12206);
#12206=AXIS2_PLACEMENT_3D('',#562,#12207,#12208);
#12207=DIRECTION('',(0,0,1));
#12208=DIRECTION('',(-0.17279951046369377,0.9849570189523539,0));
#12209=FACE_BOUND('',#12210,.T.);
#12210=EDGE_LOOP('',(#12211,#12212,#12213));
#12211=ORIENTED_EDGE('',*,*,#12214,.T.);
#12212=ORIENTED_EDGE('',*,*,#12215,.T.);
#12213=ORIENTED_EDGE('',*,*,#12216,.T.);
#12214=EDGE_CURVE('',#563,#529,#12217,.F.);
#12215=EDGE_CURVE('',#529,#527,#12218,.T.);
#12216=EDGE_CURVE('',#527,#563,#12219,.T.);
#12217=LINE('',#562,#12220);
#12218=LINE('',#528,#12221);
#12219=LINE('',#526,#12222);
#12220=VECTOR('',#12223,1.0);
#12221=VECTOR('',#12224,1.0);
#12222=VECTOR('',#12225,1.0);
#12223=DIRECTION('',(-0.17279951046369377,0.9849570189523539,0));
#12224=DIRECTION('',(0,-1,0));
#12225=DIRECTION('',(1,0,0));
#12226=FACE_SURFACE('',(#12231),#12227,.T.);
#12227=PLANE('',#12228);
#12228=AXIS2_PLACEMENT_3D('',#570,#12229,#12230);
#12229=DIRECTION('',(-0.9914439259234857,-0.13053329747396128,0));
#12230=DIRECTION('',(0,0,1));
#12231=FACE_BOUND('',#12232,.T.);
#12232=EDGE_LOOP('',(#12233,#12234,#12235));
#12233=ORIENTED_EDGE('',*,*,#12236,.T.);
#12234=ORIENTED_EDGE('',*,*,#12237,.T.);
#12235=ORIENTED_EDGE('',*,*,#12238,.T.);
#12236=EDGE_CURVE('',#571,#573,#12239,.F.);
#12237=EDGE_CURVE('',#573,#575,#12240,.T.);
#12238=EDGE_CURVE('',#575,#571,#12241,.T.);
#12239=LINE('',#570,#12242);
#12240=LINE('',#572,#12243);
#12241=LINE('',#574,#12244);
#12242=VECTOR('',#12245,1.0);
#12243=VECTOR('',#12246,1.0);
#12244=VECTOR('',#12247,1.0);
#12245=DIRECTION('',(0,0,1));
#12246=DIRECTION('',(-0.01606274676163829,0.12200191842736677,-0.9923998791145199));
#12247=DIRECTION('',(0.13053329747396128,-0.9914439259234857,0));
#12248=FACE_SURFACE('',(#12253),#12249,.T.);
#12249=PLANE('',#12250);
#12250=AXIS2_PLACEMENT_3D('',#574,#12251,#12252);
#12251=DIRECTION('',(-0.9914439259234857,-0.13053329747396128,0));
#12252=DIRECTION('',(0.01606274676163829,-0.12200191842736677,0.9923998791145199));
#12253=FACE_BOUND('',#12254,.T.);
#12254=EDGE_LOOP('',(#12255,#12256,#12257));
#12255=ORIENTED_EDGE('',*,*,#12258,.T.);
#12256=ORIENTED_EDGE('',*,*,#12259,.T.);
#12257=ORIENTED_EDGE('',*,*,#12260,.T.);
#12258=EDGE_CURVE('',#575,#573,#12261,.F.);
#12259=EDGE_CURVE('',#573,#577,#12262,.T.);
#12260=EDGE_CURVE('',#577,#575,#12263,.T.);
#12261=LINE('',#574,#12264);
#12262=LINE('',#572,#12265);
#12263=LINE('',#576,#12266);
#12264=VECTOR('',#12267,1.0);
#12265=VECTOR('',#12268,1.0);
#12266=VECTOR('',#12269,1.0);
#12267=DIRECTION('',(0.01606274676163829,-0.12200191842736677,0.9923998791145199));
#12268=DIRECTION('',(-0.13053329747396128,0.9914439259234857,0));
#12269=DIRECTION('',(0,0,-1));
#12270=FACE_SURFACE('',(#12275),#12271,.T.);
#12271=PLANE('',#12272);
#12272=AXIS2_PLACEMENT_3D('',#574,#12273,#12274);
#12273=DIRECTION('',(-0.9238812912789428,-0.3826791862967638,0));
#12274=DIRECTION('',(0,0,1));
#12275=FACE_BOUND('',#12276,.T.);
#12276=EDGE_LOOP('',(#12277,#12278,#12279));
#12277=ORIENTED_EDGE('',*,*,#12280,.T.);
#12278=ORIENTED_EDGE('',*,*,#12281,.T.);
#12279=ORIENTED_EDGE('',*,*,#12282,.T.);
#12280=EDGE_CURVE('',#575,#577,#12283,.F.);
#12281=EDGE_CURVE('',#577,#579,#12284,.T.);
#12282=EDGE_CURVE('',#579,#575,#12285,.T.);
#12283=LINE('',#574,#12286);
#12284=LINE('',#576,#12287);
#12285=LINE('',#578,#12288);
#12286=VECTOR('',#12289,1.0);
#12287=VECTOR('',#12290,1.0);
#12288=VECTOR('',#12291,1.0);
#12289=DIRECTION('',(0,0,1));
#12290=DIRECTION('',(-0.04709225179359722,0.11369223086661936,-0.9923993130094255));
#12291=DIRECTION('',(0.3826791862967638,-0.9238812912789428,0));
#12292=FACE_SURFACE('',(#12297),#12293,.T.);
#12293=PLANE('',#12294);
#12294=AXIS2_PLACEMENT_3D('',#578,#12295,#12296);
#12295=DIRECTION('',(-0.9238812912789428,-0.3826791862967638,0));
#12296=DIRECTION('',(0.04709225179359722,-0.11369223086661936,0.9923993130094255));
#12297=FACE_BOUND('',#12298,.T.);
#12298=EDGE_LOOP('',(#12299,#12300,#12301));
#12299=ORIENTED_EDGE('',*,*,#12302,.T.);
#12300=ORIENTED_EDGE('',*,*,#12303,.T.);
#12301=ORIENTED_EDGE('',*,*,#12304,.T.);
#12302=EDGE_CURVE('',#579,#577,#12305,.F.);
#12303=EDGE_CURVE('',#577,#581,#12306,.T.);
#12304=EDGE_CURVE('',#581,#579,#12307,.T.);
#12305=LINE('',#578,#12308);
#12306=LINE('',#576,#12309);
#12307=LINE('',#580,#12310);
#12308=VECTOR('',#12311,1.0);
#12309=VECTOR('',#12312,1.0);
#12310=VECTOR('',#12313,1.0);
#12311=DIRECTION('',(0.04709225179359722,-0.11369223086661936,0.9923993130094255));
#12312=DIRECTION('',(-0.3826791862967638,0.9238812912789428,0));
#12313=DIRECTION('',(0,0,-1));
#12314=FACE_SURFACE('',(#12319),#12315,.T.);
#12315=PLANE('',#12316);
#12316=AXIS2_PLACEMENT_3D('',#578,#12317,#12318);
#12317=DIRECTION('',(-0.7933507901403017,-0.6087647524157085,0));
#12318=DIRECTION('',(0,0,1));
#12319=FACE_BOUND('',#12320,.T.);
#12320=EDGE_LOOP('',(#12321,#12322,#12323));
#12321=ORIENTED_EDGE('',*,*,#12324,.T.);
#12322=ORIENTED_EDGE('',*,*,#12325,.T.);
#12323=ORIENTED_EDGE('',*,*,#12326,.T.);
#12324=EDGE_CURVE('',#579,#581,#12327,.F.);
#12325=EDGE_CURVE('',#581,#583,#12328,.T.);
#12326=EDGE_CURVE('',#583,#579,#12329,.T.);
#12327=LINE('',#578,#12330);
#12328=LINE('',#580,#12331);
#12329=LINE('',#582,#12332);
#12330=VECTOR('',#12333,1.0);
#12331=VECTOR('',#12334,1.0);
#12332=VECTOR('',#12335,1.0);
#12333=DIRECTION('',(0,0,1));
#12334=DIRECTION('',(-0.07491153084617179,0.09762576093900738,-0.9923998555760489));
#12335=DIRECTION('',(0.6087647524157085,-0.7933507901403017,0));
#12336=FACE_SURFACE('',(#12341),#12337,.T.);
#12337=PLANE('',#12338);
#12338=AXIS2_PLACEMENT_3D('',#582,#12339,#12340);
#12339=DIRECTION('',(-0.7933507901403017,-0.6087647524157085,0));
#12340=DIRECTION('',(0.07491153084617179,-0.09762576093900738,0.9923998555760489));
#12341=FACE_BOUND('',#12342,.T.);
#12342=EDGE_LOOP('',(#12343,#12344,#12345));
#12343=ORIENTED_EDGE('',*,*,#12346,.T.);
#12344=ORIENTED_EDGE('',*,*,#12347,.T.);
#12345=ORIENTED_EDGE('',*,*,#12348,.T.);
#12346=EDGE_CURVE('',#583,#581,#12349,.F.);
#12347=EDGE_CURVE('',#581,#585,#12350,.T.);
#12348=EDGE_CURVE('',#585,#583,#12351,.T.);
#12349=LINE('',#582,#12352);
#12350=LINE('',#580,#12353);
#12351=LINE('',#584,#12354);
#12352=VECTOR('',#12355,1.0);
#12353=VECTOR('',#12356,1.0);
#12354=VECTOR('',#12357,1.0);
#12355=DIRECTION('',(0.07491153084617179,-0.09762576093900738,0.9923998555760489));
#12356=DIRECTION('',(-0.6087647524157085,0.7933507901403017,0));
#12357=DIRECTION('',(0,0,-1));
#12358=FACE_SURFACE('',(#12363),#12359,.T.);
#12359=PLANE('',#12360);
#12360=AXIS2_PLACEMENT_3D('',#582,#12361,#12362);
#12361=DIRECTION('',(-0.6087692573869615,-0.7933473333039744,0));
#12362=DIRECTION('',(0,0,1));
#12363=FACE_BOUND('',#12364,.T.);
#12364=EDGE_LOOP('',(#12365,#12366,#12367));
#12365=ORIENTED_EDGE('',*,*,#12368,.T.);
#12366=ORIENTED_EDGE('',*,*,#12369,.T.);
#12367=ORIENTED_EDGE('',*,*,#12370,.T.);
#12368=EDGE_CURVE('',#583,#585,#12371,.F.);
#12369=EDGE_CURVE('',#585,#587,#12372,.T.);
#12370=EDGE_CURVE('',#587,#583,#12373,.T.);
#12371=LINE('',#582,#12374);
#12372=LINE('',#584,#12375);
#12373=LINE('',#586,#12376);
#12374=VECTOR('',#12377,1.0);
#12375=VECTOR('',#12378,1.0);
#12376=VECTOR('',#12379,1.0);
#12377=DIRECTION('',(0,0,1));
#12378=DIRECTION('',(-0.09762948287347863,0.07491526761732788,-0.9923992073513972));
#12379=DIRECTION('',(0.7933473333039744,-0.6087692573869615,0));
#12380=FACE_SURFACE('',(#12385),#12381,.T.);
#12381=PLANE('',#12382);
#12382=AXIS2_PLACEMENT_3D('',#586,#12383,#12384);
#12383=DIRECTION('',(-0.6087692573869615,-0.7933473333039744,0));
#12384=DIRECTION('',(0.09762948287347863,-0.07491526761732788,0.9923992073513972));
#12385=FACE_BOUND('',#12386,.T.);
#12386=EDGE_LOOP('',(#12387,#12388,#12389));
#12387=ORIENTED_EDGE('',*,*,#12390,.T.);
#12388=ORIENTED_EDGE('',*,*,#12391,.T.);
#12389=ORIENTED_EDGE('',*,*,#12392,.T.);
#12390=EDGE_CURVE('',#587,#585,#12393,.F.);
#12391=EDGE_CURVE('',#585,#589,#12394,.T.);
#12392=EDGE_CURVE('',#589,#587,#12395,.T.);
#12393=LINE('',#586,#12396);
#12394=LINE('',#584,#12397);
#12395=LINE('',#588,#12398);
#12396=VECTOR('',#12399,1.0);
#12397=VECTOR('',#12400,1.0);
#12398=VECTOR('',#12401,1.0);
#12399=DIRECTION('',(0.09762948287347863,-0.07491526761732788,0.9923992073513972));
#12400=DIRECTION('',(-0.7933473333039744,0.6087692573869615,0));
#12401=DIRECTION('',(0,0,-1));
#12402=FACE_SURFACE('',(#12407),#12403,.T.);
#12403=PLANE('',#12404);
#12404=AXIS2_PLACEMENT_3D('',#586,#12405,#12406);
#12405=DIRECTION('',(-0.38267149522172944,-0.9238844769476138,0));
#12406=DIRECTION('',(0,0,1));
#12407=FACE_BOUND('',#12408,.T.);
#12408=EDGE_LOOP('',(#12409,#12410,#12411));
#12409=ORIENTED_EDGE('',*,*,#12412,.T.);
#12410=ORIENTED_EDGE('',*,*,#12413,.T.);
#12411=ORIENTED_EDGE('',*,*,#12414,.T.);
#12412=EDGE_CURVE('',#587,#589,#12415,.F.);
#12413=EDGE_CURVE('',#589,#591,#12416,.T.);
#12414=EDGE_CURVE('',#591,#587,#12417,.T.);
#12415=LINE('',#586,#12418);
#12416=LINE('',#588,#12419);
#12417=LINE('',#590,#12420);
#12418=VECTOR('',#12421,1.0);
#12419=VECTOR('',#12422,1.0);
#12420=VECTOR('',#12423,1.0);
#12421=DIRECTION('',(0,0,1));
#12422=DIRECTION('',(-0.11369037261540257,0.04709037327349592,-0.9923996150339507));
#12423=DIRECTION('',(0.9238844769476138,-0.38267149522172944,0));
#12424=FACE_SURFACE('',(#12429),#12425,.T.);
#12425=PLANE('',#12426);
#12426=AXIS2_PLACEMENT_3D('',#590,#12427,#12428);
#12427=DIRECTION('',(-0.38267149522172944,-0.9238844769476138,0));
#12428=DIRECTION('',(0.11369037261540257,-0.04709037327349592,0.9923996150339507));
#12429=FACE_BOUND('',#12430,.T.);
#12430=EDGE_LOOP('',(#12431,#12432,#12433));
#12431=ORIENTED_EDGE('',*,*,#12434,.T.);
#12432=ORIENTED_EDGE('',*,*,#12435,.T.);
#12433=ORIENTED_EDGE('',*,*,#12436,.T.);
#12434=EDGE_CURVE('',#591,#589,#12437,.F.);
#12435=EDGE_CURVE('',#589,#593,#12438,.T.);
#12436=EDGE_CURVE('',#593,#591,#12439,.T.);
#12437=LINE('',#590,#12440);
#12438=LINE('',#588,#12441);
#12439=LINE('',#592,#12442);
#12440=VECTOR('',#12443,1.0);
#12441=VECTOR('',#12444,1.0);
#12442=VECTOR('',#12445,1.0);
#12443=DIRECTION('',(0.11369037261540257,-0.04709037327349592,0.9923996150339507));
#12444=DIRECTION('',(-0.9238844769476138,0.38267149522172944,0));
#12445=DIRECTION('',(0,0,-1));
#12446=FACE_SURFACE('',(#12451),#12447,.T.);
#12447=PLANE('',#12448);
#12448=AXIS2_PLACEMENT_3D('',#590,#12449,#12450);
#12449=DIRECTION('',(-0.1305313067952071,-0.9914441880137961,0));
#12450=DIRECTION('',(0,0,1));
#12451=FACE_BOUND('',#12452,.T.);
#12452=EDGE_LOOP('',(#12453,#12454,#12455));
#12453=ORIENTED_EDGE('',*,*,#12456,.T.);
#12454=ORIENTED_EDGE('',*,*,#12457,.T.);
#12455=ORIENTED_EDGE('',*,*,#12458,.T.);
#12456=EDGE_CURVE('',#591,#593,#12459,.F.);
#12457=EDGE_CURVE('',#593,#595,#12460,.T.);
#12458=EDGE_CURVE('',#595,#591,#12461,.T.);
#12459=LINE('',#590,#12462);
#12460=LINE('',#592,#12463);
#12461=LINE('',#594,#12464);
#12462=VECTOR('',#12465,1.0);
#12463=VECTOR('',#12466,1.0);
#12464=VECTOR('',#12467,1.0);
#12465=DIRECTION('',(0,0,1));
#12466=DIRECTION('',(-0.12200378310517004,0.016062743052214303,-0.9923996499362872));
#12467=DIRECTION('',(0.9914441880137961,-0.1305313067952071,0));
#12468=FACE_SURFACE('',(#12473),#12469,.T.);
#12469=PLANE('',#12470);
#12470=AXIS2_PLACEMENT_3D('',#594,#12471,#12472);
#12471=DIRECTION('',(-0.1305313067952071,-0.9914441880137961,0));
#12472=DIRECTION('',(0.12200378310517004,-0.016062743052214303,0.9923996499362872));
#12473=FACE_BOUND('',#12474,.T.);
#12474=EDGE_LOOP('',(#12475,#12476,#12477));
#12475=ORIENTED_EDGE('',*,*,#12478,.T.);
#12476=ORIENTED_EDGE('',*,*,#12479,.T.);
#12477=ORIENTED_EDGE('',*,*,#12480,.T.);
#12478=EDGE_CURVE('',#595,#593,#12481,.F.);
#12479=EDGE_CURVE('',#593,#597,#12482,.T.);
#12480=EDGE_CURVE('',#597,#595,#12483,.T.);
#12481=LINE('',#594,#12484);
#12482=LINE('',#592,#12485);
#12483=LINE('',#596,#12486);
#12484=VECTOR('',#12487,1.0);
#12485=VECTOR('',#12488,1.0);
#12486=VECTOR('',#12489,1.0);
#12487=DIRECTION('',(0.12200378310517004,-0.016062743052214303,0.9923996499362872));
#12488=DIRECTION('',(-0.9914441880137961,0.1305313067952071,0));
#12489=DIRECTION('',(0,0,-1));
#12490=FACE_SURFACE('',(#12495),#12491,.T.);
#12491=PLANE('',#12492);
#12492=AXIS2_PLACEMENT_3D('',#594,#12493,#12494);
#12493=DIRECTION('',(0.1305293161766429,-0.9914444500921159,0));
#12494=DIRECTION('',(0,0,1));
#12495=FACE_BOUND('',#12496,.T.);
#12496=EDGE_LOOP('',(#12497,#12498,#12499));
#12497=ORIENTED_EDGE('',*,*,#12500,.T.);
#12498=ORIENTED_EDGE('',*,*,#12501,.T.);
#12499=ORIENTED_EDGE('',*,*,#12502,.T.);
#12500=EDGE_CURVE('',#595,#597,#12503,.F.);
#12501=EDGE_CURVE('',#597,#599,#12504,.T.);
#12502=EDGE_CURVE('',#599,#595,#12505,.T.);
#12503=LINE('',#594,#12506);
#12504=LINE('',#596,#12507);
#12505=LINE('',#598,#12508);
#12506=VECTOR('',#12509,1.0);
#12507=VECTOR('',#12510,1.0);
#12508=VECTOR('',#12511,1.0);
#12509=DIRECTION('',(0,0,1));
#12510=DIRECTION('',(-0.12200564778168144,-0.016062739342735336,-0.9923994207546575));
#12511=DIRECTION('',(0.9914444500921159,0.1305293161766429,0));
#12512=FACE_SURFACE('',(#12517),#12513,.T.);
#12513=PLANE('',#12514);
#12514=AXIS2_PLACEMENT_3D('',#598,#12515,#12516);
#12515=DIRECTION('',(0.1305293161766429,-0.9914444500921159,0));
#12516=DIRECTION('',(0.12200564778168144,0.016062739342735336,0.9923994207546575));
#12517=FACE_BOUND('',#12518,.T.);
#12518=EDGE_LOOP('',(#12519,#12520,#12521));
#12519=ORIENTED_EDGE('',*,*,#12522,.T.);
#12520=ORIENTED_EDGE('',*,*,#12523,.T.);
#12521=ORIENTED_EDGE('',*,*,#12524,.T.);
#12522=EDGE_CURVE('',#599,#597,#12525,.F.);
#12523=EDGE_CURVE('',#597,#601,#12526,.T.);
#12524=EDGE_CURVE('',#601,#599,#12527,.T.);
#12525=LINE('',#598,#12528);
#12526=LINE('',#596,#12529);
#12527=LINE('',#600,#12530);
#12528=VECTOR('',#12531,1.0);
#12529=VECTOR('',#12532,1.0);
#12530=VECTOR('',#12533,1.0);
#12531=DIRECTION('',(0.12200564778168144,0.016062739342735336,0.9923994207546575));
#12532=DIRECTION('',(-0.9914444500921159,-0.1305293161766429,0));
#12533=DIRECTION('',(0,0,-1));
#12534=FACE_SURFACE('',(#12539),#12535,.T.);
#12535=PLANE('',#12536);
#12536=AXIS2_PLACEMENT_3D('',#598,#12537,#12538);
#12537=DIRECTION('',(0.38267149522172944,-0.9238844769476138,0));
#12538=DIRECTION('',(0,0,1));
#12539=FACE_BOUND('',#12540,.T.);
#12540=EDGE_LOOP('',(#12541,#12542,#12543));
#12541=ORIENTED_EDGE('',*,*,#12544,.T.);
#12542=ORIENTED_EDGE('',*,*,#12545,.T.);
#12543=ORIENTED_EDGE('',*,*,#12546,.T.);
#12544=EDGE_CURVE('',#599,#601,#12547,.F.);
#12545=EDGE_CURVE('',#601,#603,#12548,.T.);
#12546=EDGE_CURVE('',#603,#599,#12549,.T.);
#12547=LINE('',#598,#12550);
#12548=LINE('',#600,#12551);
#12549=LINE('',#602,#12552);
#12550=VECTOR('',#12553,1.0);
#12551=VECTOR('',#12554,1.0);
#12552=VECTOR('',#12555,1.0);
#12553=DIRECTION('',(0,0,1));
#12554=DIRECTION('',(-0.11369037261540257,-0.04709037327349592,-0.9923996150339507));
#12555=DIRECTION('',(0.9238844769476138,0.38267149522172944,0));
#12556=FACE_SURFACE('',(#12561),#12557,.T.);
#12557=PLANE('',#12558);
#12558=AXIS2_PLACEMENT_3D('',#602,#12559,#12560);
#12559=DIRECTION('',(0.38267149522172944,-0.9238844769476138,0));
#12560=DIRECTION('',(0.11369037261540257,0.04709037327349592,0.9923996150339507));
#12561=FACE_BOUND('',#12562,.T.);
#12562=EDGE_LOOP('',(#12563,#12564,#12565));
#12563=ORIENTED_EDGE('',*,*,#12566,.T.);
#12564=ORIENTED_EDGE('',*,*,#12567,.T.);
#12565=ORIENTED_EDGE('',*,*,#12568,.T.);
#12566=EDGE_CURVE('',#603,#601,#12569,.F.);
#12567=EDGE_CURVE('',#601,#605,#12570,.T.);
#12568=EDGE_CURVE('',#605,#603,#12571,.T.);
#12569=LINE('',#602,#12572);
#12570=LINE('',#600,#12573);
#12571=LINE('',#604,#12574);
#12572=VECTOR('',#12575,1.0);
#12573=VECTOR('',#12576,1.0);
#12574=VECTOR('',#12577,1.0);
#12575=DIRECTION('',(0.11369037261540257,0.04709037327349592,0.9923996150339507));
#12576=DIRECTION('',(-0.9238844769476138,-0.38267149522172944,0));
#12577=DIRECTION('',(0,0,-1));
#12578=FACE_SURFACE('',(#12583),#12579,.T.);
#12579=PLANE('',#12580);
#12580=AXIS2_PLACEMENT_3D('',#602,#12581,#12582);
#12581=DIRECTION('',(0.6087766861873103,-0.7933416328132523,0));
#12582=DIRECTION('',(0,0,1));
#12583=FACE_BOUND('',#12584,.T.);
#12584=EDGE_LOOP('',(#12585,#12586,#12587));
#12585=ORIENTED_EDGE('',*,*,#12588,.T.);
#12586=ORIENTED_EDGE('',*,*,#12589,.T.);
#12587=ORIENTED_EDGE('',*,*,#12590,.T.);
#12588=EDGE_CURVE('',#603,#605,#12591,.F.);
#12589=EDGE_CURVE('',#605,#607,#12592,.T.);
#12590=EDGE_CURVE('',#607,#603,#12593,.T.);
#12591=LINE('',#602,#12594);
#12592=LINE('',#604,#12595);
#12593=LINE('',#606,#12596);
#12594=VECTOR('',#12597,1.0);
#12595=VECTOR('',#12598,1.0);
#12596=VECTOR('',#12599,1.0);
#12597=DIRECTION('',(0,0,1));
#12598=DIRECTION('',(-0.09762760806342963,-0.07491528146139594,-0.992399390743149));
#12599=DIRECTION('',(0.7933416328132523,0.6087766861873103,0));
#12600=FACE_SURFACE('',(#12605),#12601,.T.);
#12601=PLANE('',#12602);
#12602=AXIS2_PLACEMENT_3D('',#606,#12603,#12604);
#12603=DIRECTION('',(0.6087766861873103,-0.7933416328132523,0));
#12604=DIRECTION('',(0.09762760806342963,0.07491528146139594,0.992399390743149));
#12605=FACE_BOUND('',#12606,.T.);
#12606=EDGE_LOOP('',(#12607,#12608,#12609));
#12607=ORIENTED_EDGE('',*,*,#12610,.T.);
#12608=ORIENTED_EDGE('',*,*,#12611,.T.);
#12609=ORIENTED_EDGE('',*,*,#12612,.T.);
#12610=EDGE_CURVE('',#607,#605,#12613,.F.);
#12611=EDGE_CURVE('',#605,#609,#12614,.T.);
#12612=EDGE_CURVE('',#609,#607,#12615,.T.);
#12613=LINE('',#606,#12616);
#12614=LINE('',#604,#12617);
#12615=LINE('',#608,#12618);
#12616=VECTOR('',#12619,1.0);
#12617=VECTOR('',#12620,1.0);
#12618=VECTOR('',#12621,1.0);
#12619=DIRECTION('',(0.09762760806342963,0.07491528146139594,0.992399390743149));
#12620=DIRECTION('',(-0.7933416328132523,-0.6087766861873103,0));
#12621=DIRECTION('',(0,0,-1));
#12622=FACE_SURFACE('',(#12627),#12623,.T.);
#12623=PLANE('',#12624);
#12624=AXIS2_PLACEMENT_3D('',#606,#12625,#12626);
#12625=DIRECTION('',(0.7933507901403017,-0.6087647524157085,0));
#12626=DIRECTION('',(0,0,1));
#12627=FACE_BOUND('',#12628,.T.);
#12628=EDGE_LOOP('',(#12629,#12630,#12631));
#12629=ORIENTED_EDGE('',*,*,#12632,.T.);
#12630=ORIENTED_EDGE('',*,*,#12633,.T.);
#12631=ORIENTED_EDGE('',*,*,#12634,.T.);
#12632=EDGE_CURVE('',#607,#609,#12635,.F.);
#12633=EDGE_CURVE('',#609,#611,#12636,.T.);
#12634=EDGE_CURVE('',#611,#607,#12637,.T.);
#12635=LINE('',#606,#12638);
#12636=LINE('',#608,#12639);
#12637=LINE('',#610,#12640);
#12638=VECTOR('',#12641,1.0);
#12639=VECTOR('',#12642,1.0);
#12640=VECTOR('',#12643,1.0);
#12641=DIRECTION('',(0,0,1));
#12642=DIRECTION('',(-0.07491153084617179,-0.09762576093900738,-0.9923998555760489));
#12643=DIRECTION('',(0.6087647524157085,0.7933507901403017,0));
#12644=FACE_SURFACE('',(#12649),#12645,.T.);
#12645=PLANE('',#12646);
#12646=AXIS2_PLACEMENT_3D('',#610,#12647,#12648);
#12647=DIRECTION('',(0.7933507901403017,-0.6087647524157085,0));
#12648=DIRECTION('',(0.07491153084617179,0.09762576093900738,0.9923998555760489));
#12649=FACE_BOUND('',#12650,.T.);
#12650=EDGE_LOOP('',(#12651,#12652,#12653));
#12651=ORIENTED_EDGE('',*,*,#12654,.T.);
#12652=ORIENTED_EDGE('',*,*,#12655,.T.);
#12653=ORIENTED_EDGE('',*,*,#12656,.T.);
#12654=EDGE_CURVE('',#611,#609,#12657,.F.);
#12655=EDGE_CURVE('',#609,#613,#12658,.T.);
#12656=EDGE_CURVE('',#613,#611,#12659,.T.);
#12657=LINE('',#610,#12660);
#12658=LINE('',#608,#12661);
#12659=LINE('',#612,#12662);
#12660=VECTOR('',#12663,1.0);
#12661=VECTOR('',#12664,1.0);
#12662=VECTOR('',#12665,1.0);
#12663=DIRECTION('',(0.07491153084617179,0.09762576093900738,0.9923998555760489));
#12664=DIRECTION('',(-0.6087647524157085,-0.7933507901403017,0));
#12665=DIRECTION('',(0,0,-1));
#12666=FACE_SURFACE('',(#12671),#12667,.T.);
#12667=PLANE('',#12668);
#12668=AXIS2_PLACEMENT_3D('',#610,#12669,#12670);
#12669=DIRECTION('',(0.9238812912789428,-0.3826791862967638,0));
#12670=DIRECTION('',(0,0,1));
#12671=FACE_BOUND('',#12672,.T.);
#12672=EDGE_LOOP('',(#12673,#12674,#12675));
#12673=ORIENTED_EDGE('',*,*,#12676,.T.);
#12674=ORIENTED_EDGE('',*,*,#12677,.T.);
#12675=ORIENTED_EDGE('',*,*,#12678,.T.);
#12676=EDGE_CURVE('',#611,#613,#12679,.F.);
#12677=EDGE_CURVE('',#613,#615,#12680,.T.);
#12678=EDGE_CURVE('',#615,#611,#12681,.T.);
#12679=LINE('',#610,#12682);
#12680=LINE('',#612,#12683);
#12681=LINE('',#614,#12684);
#12682=VECTOR('',#12685,1.0);
#12683=VECTOR('',#12686,1.0);
#12684=VECTOR('',#12687,1.0);
#12685=DIRECTION('',(0,0,1));
#12686=DIRECTION('',(-0.04709225179359722,-0.11369223086661936,-0.9923993130094255));
#12687=DIRECTION('',(0.3826791862967638,0.9238812912789428,0));
#12688=FACE_SURFACE('',(#12693),#12689,.T.);
#12689=PLANE('',#12690);
#12690=AXIS2_PLACEMENT_3D('',#614,#12691,#12692);
#12691=DIRECTION('',(0.9238812912789428,-0.3826791862967638,0));
#12692=DIRECTION('',(0.04709225179359722,0.11369223086661936,0.9923993130094255));
#12693=FACE_BOUND('',#12694,.T.);
#12694=EDGE_LOOP('',(#12695,#12696,#12697));
#12695=ORIENTED_EDGE('',*,*,#12698,.T.);
#12696=ORIENTED_EDGE('',*,*,#12699,.T.);
#12697=ORIENTED_EDGE('',*,*,#12700,.T.);
#12698=EDGE_CURVE('',#615,#613,#12701,.F.);
#12699=EDGE_CURVE('',#613,#617,#12702,.T.);
#12700=EDGE_CURVE('',#617,#615,#12703,.T.);
#12701=LINE('',#614,#12704);
#12702=LINE('',#612,#12705);
#12703=LINE('',#616,#12706);
#12704=VECTOR('',#12707,1.0);
#12705=VECTOR('',#12708,1.0);
#12706=VECTOR('',#12709,1.0);
#12707=DIRECTION('',(0.04709225179359722,0.11369223086661936,0.9923993130094255));
#12708=DIRECTION('',(-0.3826791862967638,-0.9238812912789428,0));
#12709=DIRECTION('',(0,0,-1));
#12710=FACE_SURFACE('',(#12715),#12711,.T.);
#12711=PLANE('',#12712);
#12712=AXIS2_PLACEMENT_3D('',#614,#12713,#12714);
#12713=DIRECTION('',(0.9914439259234857,-0.13053329747396128,0));
#12714=DIRECTION('',(0,0,1));
#12715=FACE_BOUND('',#12716,.T.);
#12716=EDGE_LOOP('',(#12717,#12718,#12719));
#12717=ORIENTED_EDGE('',*,*,#12720,.T.);
#12718=ORIENTED_EDGE('',*,*,#12721,.T.);
#12719=ORIENTED_EDGE('',*,*,#12722,.T.);
#12720=EDGE_CURVE('',#615,#617,#12723,.F.);
#12721=EDGE_CURVE('',#617,#619,#12724,.T.);
#12722=EDGE_CURVE('',#619,#615,#12725,.T.);
#12723=LINE('',#614,#12726);
#12724=LINE('',#616,#12727);
#12725=LINE('',#618,#12728);
#12726=VECTOR('',#12729,1.0);
#12727=VECTOR('',#12730,1.0);
#12728=VECTOR('',#12731,1.0);
#12729=DIRECTION('',(0,0,1));
#12730=DIRECTION('',(-0.01606274676163829,-0.12200191842736677,-0.9923998791145199));
#12731=DIRECTION('',(0.13053329747396128,0.9914439259234857,0));
#12732=FACE_SURFACE('',(#12737),#12733,.T.);
#12733=PLANE('',#12734);
#12734=AXIS2_PLACEMENT_3D('',#618,#12735,#12736);
#12735=DIRECTION('',(0.9914439259234857,-0.13053329747396128,0));
#12736=DIRECTION('',(0.01606274676163829,0.12200191842736677,0.9923998791145199));
#12737=FACE_BOUND('',#12738,.T.);
#12738=EDGE_LOOP('',(#12739,#12740,#12741));
#12739=ORIENTED_EDGE('',*,*,#12742,.T.);
#12740=ORIENTED_EDGE('',*,*,#12743,.T.);
#12741=ORIENTED_EDGE('',*,*,#12744,.T.);
#12742=EDGE_CURVE('',#619,#617,#12745,.F.);
#12743=EDGE_CURVE('',#617,#621,#12746,.T.);
#12744=EDGE_CURVE('',#621,#619,#12747,.T.);
#12745=LINE('',#618,#12748);
#12746=LINE('',#616,#12749);
#12747=LINE('',#620,#12750);
#12748=VECTOR('',#12751,1.0);
#12749=VECTOR('',#12752,1.0);
#12750=VECTOR('',#12753,1.0);
#12751=DIRECTION('',(0.01606274676163829,0.12200191842736677,0.9923998791145199));
#12752=DIRECTION('',(-0.13053329747396128,-0.9914439259234857,0));
#12753=DIRECTION('',(0,0,-1));
#12754=FACE_SURFACE('',(#12759),#12755,.T.);
#12755=PLANE('',#12756);
#12756=AXIS2_PLACEMENT_3D('',#618,#12757,#12758);
#12757=DIRECTION('',(0.9914444500921159,0.1305293161766429,-0));
#12758=DIRECTION('',(0,0,1));
#12759=FACE_BOUND('',#12760,.T.);
#12760=EDGE_LOOP('',(#12761,#12762,#12763));
#12761=ORIENTED_EDGE('',*,*,#12764,.T.);
#12762=ORIENTED_EDGE('',*,*,#12765,.T.);
#12763=ORIENTED_EDGE('',*,*,#12766,.T.);
#12764=EDGE_CURVE('',#619,#621,#12767,.F.);
#12765=EDGE_CURVE('',#621,#623,#12768,.T.);
#12766=EDGE_CURVE('',#623,#619,#12769,.T.);
#12767=LINE('',#618,#12770);
#12768=LINE('',#620,#12771);
#12769=LINE('',#622,#12772);
#12770=VECTOR('',#12773,1.0);
#12771=VECTOR('',#12774,1.0);
#12772=VECTOR('',#12775,1.0);
#12773=DIRECTION('',(0,0,1));
#12774=DIRECTION('',(0.016062739342735336,-0.12200564778168144,-0.9923994207546575));
#12775=DIRECTION('',(-0.1305293161766429,0.9914444500921159,0));
#12776=FACE_SURFACE('',(#12781),#12777,.T.);
#12777=PLANE('',#12778);
#12778=AXIS2_PLACEMENT_3D('',#622,#12779,#12780);
#12779=DIRECTION('',(0.9914444500921159,0.1305293161766429,-0));
#12780=DIRECTION('',(-0.016062739342735336,0.12200564778168144,0.9923994207546575));
#12781=FACE_BOUND('',#12782,.T.);
#12782=EDGE_LOOP('',(#12783,#12784,#12785));
#12783=ORIENTED_EDGE('',*,*,#12786,.T.);
#12784=ORIENTED_EDGE('',*,*,#12787,.T.);
#12785=ORIENTED_EDGE('',*,*,#12788,.T.);
#12786=EDGE_CURVE('',#623,#621,#12789,.F.);
#12787=EDGE_CURVE('',#621,#625,#12790,.T.);
#12788=EDGE_CURVE('',#625,#623,#12791,.T.);
#12789=LINE('',#622,#12792);
#12790=LINE('',#620,#12793);
#12791=LINE('',#624,#12794);
#12792=VECTOR('',#12795,1.0);
#12793=VECTOR('',#12796,1.0);
#12794=VECTOR('',#12797,1.0);
#12795=DIRECTION('',(-0.016062739342735336,0.12200564778168144,0.9923994207546575));
#12796=DIRECTION('',(0.1305293161766429,-0.9914444500921159,0));
#12797=DIRECTION('',(0,0,-1));
#12798=FACE_SURFACE('',(#12803),#12799,.T.);
#12799=PLANE('',#12800);
#12800=AXIS2_PLACEMENT_3D('',#622,#12801,#12802);
#12801=DIRECTION('',(0.9238812912789428,0.3826791862967638,-0));
#12802=DIRECTION('',(0,0,1));
#12803=FACE_BOUND('',#12804,.T.);
#12804=EDGE_LOOP('',(#12805,#12806,#12807));
#12805=ORIENTED_EDGE('',*,*,#12808,.T.);
#12806=ORIENTED_EDGE('',*,*,#12809,.T.);
#12807=ORIENTED_EDGE('',*,*,#12810,.T.);
#12808=EDGE_CURVE('',#623,#625,#12811,.F.);
#12809=EDGE_CURVE('',#625,#627,#12812,.T.);
#12810=EDGE_CURVE('',#627,#623,#12813,.T.);
#12811=LINE('',#622,#12814);
#12812=LINE('',#624,#12815);
#12813=LINE('',#626,#12816);
#12814=VECTOR('',#12817,1.0);
#12815=VECTOR('',#12818,1.0);
#12816=VECTOR('',#12819,1.0);
#12817=DIRECTION('',(0,0,1));
#12818=DIRECTION('',(0.04709225179359722,-0.11369223086661936,-0.9923993130094255));
#12819=DIRECTION('',(-0.3826791862967638,0.9238812912789428,0));
#12820=FACE_SURFACE('',(#12825),#12821,.T.);
#12821=PLANE('',#12822);
#12822=AXIS2_PLACEMENT_3D('',#626,#12823,#12824);
#12823=DIRECTION('',(0.9238812912789428,0.3826791862967638,-0));
#12824=DIRECTION('',(-0.04709225179359722,0.11369223086661936,0.9923993130094255));
#12825=FACE_BOUND('',#12826,.T.);
#12826=EDGE_LOOP('',(#12827,#12828,#12829));
#12827=ORIENTED_EDGE('',*,*,#12830,.T.);
#12828=ORIENTED_EDGE('',*,*,#12831,.T.);
#12829=ORIENTED_EDGE('',*,*,#12832,.T.);
#12830=EDGE_CURVE('',#627,#625,#12833,.F.);
#12831=EDGE_CURVE('',#625,#629,#12834,.T.);
#12832=EDGE_CURVE('',#629,#627,#12835,.T.);
#12833=LINE('',#626,#12836);
#12834=LINE('',#624,#12837);
#12835=LINE('',#628,#12838);
#12836=VECTOR('',#12839,1.0);
#12837=VECTOR('',#12840,1.0);
#12838=VECTOR('',#12841,1.0);
#12839=DIRECTION('',(-0.04709225179359722,0.11369223086661936,0.9923993130094255));
#12840=DIRECTION('',(0.3826791862967638,-0.9238812912789428,0));
#12841=DIRECTION('',(0,0,-1));
#12842=FACE_SURFACE('',(#12847),#12843,.T.);
#12843=PLANE('',#12844);
#12844=AXIS2_PLACEMENT_3D('',#626,#12845,#12846);
#12845=DIRECTION('',(0.7933507901403017,0.6087647524157085,-0));
#12846=DIRECTION('',(0,0,1));
#12847=FACE_BOUND('',#12848,.T.);
#12848=EDGE_LOOP('',(#12849,#12850,#12851));
#12849=ORIENTED_EDGE('',*,*,#12852,.T.);
#12850=ORIENTED_EDGE('',*,*,#12853,.T.);
#12851=ORIENTED_EDGE('',*,*,#12854,.T.);
#12852=EDGE_CURVE('',#627,#629,#12855,.F.);
#12853=EDGE_CURVE('',#629,#631,#12856,.T.);
#12854=EDGE_CURVE('',#631,#627,#12857,.T.);
#12855=LINE('',#626,#12858);
#12856=LINE('',#628,#12859);
#12857=LINE('',#630,#12860);
#12858=VECTOR('',#12861,1.0);
#12859=VECTOR('',#12862,1.0);
#12860=VECTOR('',#12863,1.0);
#12861=DIRECTION('',(0,0,1));
#12862=DIRECTION('',(0.07491153084617179,-0.09762576093900738,-0.9923998555760489));
#12863=DIRECTION('',(-0.6087647524157085,0.7933507901403017,0));
#12864=FACE_SURFACE('',(#12869),#12865,.T.);
#12865=PLANE('',#12866);
#12866=AXIS2_PLACEMENT_3D('',#630,#12867,#12868);
#12867=DIRECTION('',(0.7933507901403017,0.6087647524157085,-0));
#12868=DIRECTION('',(-0.07491153084617179,0.09762576093900738,0.9923998555760489));
#12869=FACE_BOUND('',#12870,.T.);
#12870=EDGE_LOOP('',(#12871,#12872,#12873));
#12871=ORIENTED_EDGE('',*,*,#12874,.T.);
#12872=ORIENTED_EDGE('',*,*,#12875,.T.);
#12873=ORIENTED_EDGE('',*,*,#12876,.T.);
#12874=EDGE_CURVE('',#631,#629,#12877,.F.);
#12875=EDGE_CURVE('',#629,#633,#12878,.T.);
#12876=EDGE_CURVE('',#633,#631,#12879,.T.);
#12877=LINE('',#630,#12880);
#12878=LINE('',#628,#12881);
#12879=LINE('',#632,#12882);
#12880=VECTOR('',#12883,1.0);
#12881=VECTOR('',#12884,1.0);
#12882=VECTOR('',#12885,1.0);
#12883=DIRECTION('',(-0.07491153084617179,0.09762576093900738,0.9923998555760489));
#12884=DIRECTION('',(0.6087647524157085,-0.7933507901403017,0));
#12885=DIRECTION('',(0,0,-1));
#12886=FACE_SURFACE('',(#12891),#12887,.T.);
#12887=PLANE('',#12888);
#12888=AXIS2_PLACEMENT_3D('',#630,#12889,#12890);
#12889=DIRECTION('',(0.6087573234454586,0.7933564905838493,-0));
#12890=DIRECTION('',(0,0,1));
#12891=FACE_BOUND('',#12892,.T.);
#12892=EDGE_LOOP('',(#12893,#12894,#12895));
#12893=ORIENTED_EDGE('',*,*,#12896,.T.);
#12894=ORIENTED_EDGE('',*,*,#12897,.T.);
#12895=ORIENTED_EDGE('',*,*,#12898,.T.);
#12896=EDGE_CURVE('',#631,#633,#12899,.F.);
#12897=EDGE_CURVE('',#633,#635,#12900,.T.);
#12898=EDGE_CURVE('',#635,#631,#12901,.T.);
#12899=LINE('',#630,#12902);
#12900=LINE('',#632,#12903);
#12901=LINE('',#634,#12904);
#12902=VECTOR('',#12905,1.0);
#12903=VECTOR('',#12906,1.0);
#12904=VECTOR('',#12907,1.0);
#12905=DIRECTION('',(0,0,1));
#12906=DIRECTION('',(0.09762763575061721,-0.07491151700305226,-0.9923996721875952));
#12907=DIRECTION('',(-0.7933564905838493,0.6087573234454586,0));
#12908=FACE_SURFACE('',(#12913),#12909,.T.);
#12909=PLANE('',#12910);
#12910=AXIS2_PLACEMENT_3D('',#634,#12911,#12912);
#12911=DIRECTION('',(0.6087573234454586,0.7933564905838493,-0));
#12912=DIRECTION('',(-0.09762763575061721,0.07491151700305226,0.9923996721875952));
#12913=FACE_BOUND('',#12914,.T.);
#12914=EDGE_LOOP('',(#12915,#12916,#12917));
#12915=ORIENTED_EDGE('',*,*,#12918,.T.);
#12916=ORIENTED_EDGE('',*,*,#12919,.T.);
#12917=ORIENTED_EDGE('',*,*,#12920,.T.);
#12918=EDGE_CURVE('',#635,#633,#12921,.F.);
#12919=EDGE_CURVE('',#633,#637,#12922,.T.);
#12920=EDGE_CURVE('',#637,#635,#12923,.T.);
#12921=LINE('',#634,#12924);
#12922=LINE('',#632,#12925);
#12923=LINE('',#636,#12926);
#12924=VECTOR('',#12927,1.0);
#12925=VECTOR('',#12928,1.0);
#12926=VECTOR('',#12929,1.0);
#12927=DIRECTION('',(-0.09762763575061721,0.07491151700305226,0.9923996721875952));
#12928=DIRECTION('',(0.7933564905838493,-0.6087573234454586,0));
#12929=DIRECTION('',(0,0,-1));
#12930=FACE_SURFACE('',(#12935),#12931,.T.);
#12931=PLANE('',#12932);
#12932=AXIS2_PLACEMENT_3D('',#634,#12933,#12934);
#12933=DIRECTION('',(0.38269775362517106,0.9238736003210871,-0));
#12934=DIRECTION('',(0,0,1));
#12935=FACE_BOUND('',#12936,.T.);
#12936=EDGE_LOOP('',(#12937,#12938,#12939));
#12937=ORIENTED_EDGE('',*,*,#12940,.T.);
#12938=ORIENTED_EDGE('',*,*,#12941,.T.);
#12939=ORIENTED_EDGE('',*,*,#12942,.T.);
#12940=EDGE_CURVE('',#635,#637,#12943,.F.);
#12941=EDGE_CURVE('',#637,#639,#12944,.T.);
#12942=EDGE_CURVE('',#639,#635,#12945,.T.);
#12943=LINE('',#634,#12946);
#12944=LINE('',#636,#12947);
#12945=LINE('',#638,#12948);
#12946=VECTOR('',#12949,1.0);
#12947=VECTOR('',#12950,1.0);
#12948=VECTOR('',#12951,1.0);
#12949=DIRECTION('',(0,0,1));
#12950=DIRECTION('',(0.11369035234698568,-0.04709415058177254,-0.99239943811159));
#12951=DIRECTION('',(-0.9238736003210871,0.38269775362517106,0));
#12952=FACE_SURFACE('',(#12957),#12953,.T.);
#12953=PLANE('',#12954);
#12954=AXIS2_PLACEMENT_3D('',#638,#12955,#12956);
#12955=DIRECTION('',(0.38269775362517106,0.9238736003210871,-0));
#12956=DIRECTION('',(-0.11369035234698568,0.04709415058177254,0.99239943811159));
#12957=FACE_BOUND('',#12958,.T.);
#12958=EDGE_LOOP('',(#12959,#12960,#12961));
#12959=ORIENTED_EDGE('',*,*,#12962,.T.);
#12960=ORIENTED_EDGE('',*,*,#12963,.T.);
#12961=ORIENTED_EDGE('',*,*,#12964,.T.);
#12962=EDGE_CURVE('',#639,#637,#12965,.F.);
#12963=EDGE_CURVE('',#637,#641,#12966,.T.);
#12964=EDGE_CURVE('',#641,#639,#12967,.T.);
#12965=LINE('',#638,#12968);
#12966=LINE('',#636,#12969);
#12967=LINE('',#640,#12970);
#12968=VECTOR('',#12971,1.0);
#12969=VECTOR('',#12972,1.0);
#12970=VECTOR('',#12973,1.0);
#12971=DIRECTION('',(-0.11369035234698568,0.04709415058177254,0.99239943811159));
#12972=DIRECTION('',(0.9238736003210871,-0.38269775362517106,0));
#12973=DIRECTION('',(0,0,-1));
#12974=FACE_SURFACE('',(#12979),#12975,.T.);
#12975=PLANE('',#12976);
#12976=AXIS2_PLACEMENT_3D('',#638,#12977,#12978);
#12977=DIRECTION('',(0.1305293161766429,0.9914444500921159,-0));
#12978=DIRECTION('',(0,0,1));
#12979=FACE_BOUND('',#12980,.T.);
#12980=EDGE_LOOP('',(#12981,#12982,#12983));
#12981=ORIENTED_EDGE('',*,*,#12984,.T.);
#12982=ORIENTED_EDGE('',*,*,#12985,.T.);
#12983=ORIENTED_EDGE('',*,*,#12986,.T.);
#12984=EDGE_CURVE('',#639,#641,#12987,.F.);
#12985=EDGE_CURVE('',#641,#643,#12988,.T.);
#12986=EDGE_CURVE('',#643,#639,#12989,.T.);
#12987=LINE('',#638,#12990);
#12988=LINE('',#640,#12991);
#12989=LINE('',#642,#12992);
#12990=VECTOR('',#12993,1.0);
#12991=VECTOR('',#12994,1.0);
#12992=VECTOR('',#12995,1.0);
#12993=DIRECTION('',(0,0,1));
#12994=DIRECTION('',(0.12200564778168144,-0.016062739342735336,-0.9923994207546575));
#12995=DIRECTION('',(-0.9914444500921159,0.1305293161766429,0));
#12996=FACE_SURFACE('',(#13001),#12997,.T.);
#12997=PLANE('',#12998);
#12998=AXIS2_PLACEMENT_3D('',#642,#12999,#13000);
#12999=DIRECTION('',(0.1305293161766429,0.9914444500921159,-0));
#13000=DIRECTION('',(-0.12200564778168144,0.016062739342735336,0.9923994207546575));
#13001=FACE_BOUND('',#13002,.T.);
#13002=EDGE_LOOP('',(#13003,#13004,#13005));
#13003=ORIENTED_EDGE('',*,*,#13006,.T.);
#13004=ORIENTED_EDGE('',*,*,#13007,.T.);
#13005=ORIENTED_EDGE('',*,*,#13008,.T.);
#13006=EDGE_CURVE('',#643,#641,#13009,.F.);
#13007=EDGE_CURVE('',#641,#645,#13010,.T.);
#13008=EDGE_CURVE('',#645,#643,#13011,.T.);
#13009=LINE('',#642,#13012);
#13010=LINE('',#640,#13013);
#13011=LINE('',#644,#13014);
#13012=VECTOR('',#13015,1.0);
#13013=VECTOR('',#13016,1.0);
#13014=VECTOR('',#13017,1.0);
#13015=DIRECTION('',(-0.12200564778168144,0.016062739342735336,0.9923994207546575));
#13016=DIRECTION('',(0.9914444500921159,-0.1305293161766429,0));
#13017=DIRECTION('',(0,0,-1));
#13018=FACE_SURFACE('',(#13023),#13019,.T.);
#13019=PLANE('',#13020);
#13020=AXIS2_PLACEMENT_3D('',#642,#13021,#13022);
#13021=DIRECTION('',(-0.1305313067952071,0.9914441880137961,0));
#13022=DIRECTION('',(0,0,1));
#13023=FACE_BOUND('',#13024,.T.);
#13024=EDGE_LOOP('',(#13025,#13026,#13027));
#13025=ORIENTED_EDGE('',*,*,#13028,.T.);
#13026=ORIENTED_EDGE('',*,*,#13029,.T.);
#13027=ORIENTED_EDGE('',*,*,#13030,.T.);
#13028=EDGE_CURVE('',#643,#645,#13031,.F.);
#13029=EDGE_CURVE('',#645,#647,#13032,.T.);
#13030=EDGE_CURVE('',#647,#643,#13033,.T.);
#13031=LINE('',#642,#13034);
#13032=LINE('',#644,#13035);
#13033=LINE('',#646,#13036);
#13034=VECTOR('',#13037,1.0);
#13035=VECTOR('',#13038,1.0);
#13036=VECTOR('',#13039,1.0);
#13037=DIRECTION('',(0,0,1));
#13038=DIRECTION('',(0.12200378310517004,0.016062743052214303,-0.9923996499362872));
#13039=DIRECTION('',(-0.9914441880137961,-0.1305313067952071,0));
#13040=FACE_SURFACE('',(#13045),#13041,.T.);
#13041=PLANE('',#13042);
#13042=AXIS2_PLACEMENT_3D('',#646,#13043,#13044);
#13043=DIRECTION('',(-0.1305313067952071,0.9914441880137961,0));
#13044=DIRECTION('',(-0.12200378310517004,-0.016062743052214303,0.9923996499362872));
#13045=FACE_BOUND('',#13046,.T.);
#13046=EDGE_LOOP('',(#13047,#13048,#13049));
#13047=ORIENTED_EDGE('',*,*,#13050,.T.);
#13048=ORIENTED_EDGE('',*,*,#13051,.T.);
#13049=ORIENTED_EDGE('',*,*,#13052,.T.);
#13050=EDGE_CURVE('',#647,#645,#13053,.F.);
#13051=EDGE_CURVE('',#645,#649,#13054,.T.);
#13052=EDGE_CURVE('',#649,#647,#13055,.T.);
#13053=LINE('',#646,#13056);
#13054=LINE('',#644,#13057);
#13055=LINE('',#648,#13058);
#13056=VECTOR('',#13059,1.0);
#13057=VECTOR('',#13060,1.0);
#13058=VECTOR('',#13061,1.0);
#13059=DIRECTION('',(-0.12200378310517004,-0.016062743052214303,0.9923996499362872));
#13060=DIRECTION('',(0.9914441880137961,0.1305313067952071,0));
#13061=DIRECTION('',(0,0,-1));
#13062=FACE_SURFACE('',(#13067),#13063,.T.);
#13063=PLANE('',#13064);
#13064=AXIS2_PLACEMENT_3D('',#646,#13065,#13066);
#13065=DIRECTION('',(-0.38269775362517106,0.9238736003210871,0));
#13066=DIRECTION('',(0,0,1));
#13067=FACE_BOUND('',#13068,.T.);
#13068=EDGE_LOOP('',(#13069,#13070,#13071));
#13069=ORIENTED_EDGE('',*,*,#13072,.T.);
#13070=ORIENTED_EDGE('',*,*,#13073,.T.);
#13071=ORIENTED_EDGE('',*,*,#13074,.T.);
#13072=EDGE_CURVE('',#647,#649,#13075,.F.);
#13073=EDGE_CURVE('',#649,#651,#13076,.T.);
#13074=EDGE_CURVE('',#651,#647,#13077,.T.);
#13075=LINE('',#646,#13078);
#13076=LINE('',#648,#13079);
#13077=LINE('',#650,#13080);
#13078=VECTOR('',#13081,1.0);
#13079=VECTOR('',#13082,1.0);
#13080=VECTOR('',#13083,1.0);
#13081=DIRECTION('',(0,0,1));
#13082=DIRECTION('',(0.11369035234698568,0.04709415058177254,-0.99239943811159));
#13083=DIRECTION('',(-0.9238736003210871,-0.38269775362517106,0));
#13084=FACE_SURFACE('',(#13089),#13085,.T.);
#13085=PLANE('',#13086);
#13086=AXIS2_PLACEMENT_3D('',#650,#13087,#13088);
#13087=DIRECTION('',(-0.38269775362517106,0.9238736003210871,0));
#13088=DIRECTION('',(-0.11369035234698568,-0.04709415058177254,0.99239943811159));
#13089=FACE_BOUND('',#13090,.T.);
#13090=EDGE_LOOP('',(#13091,#13092,#13093));
#13091=ORIENTED_EDGE('',*,*,#13094,.T.);
#13092=ORIENTED_EDGE('',*,*,#13095,.T.);
#13093=ORIENTED_EDGE('',*,*,#13096,.T.);
#13094=EDGE_CURVE('',#651,#649,#13097,.F.);
#13095=EDGE_CURVE('',#649,#653,#13098,.T.);
#13096=EDGE_CURVE('',#653,#651,#13099,.T.);
#13097=LINE('',#650,#13100);
#13098=LINE('',#648,#13101);
#13099=LINE('',#652,#13102);
#13100=VECTOR('',#13103,1.0);
#13101=VECTOR('',#13104,1.0);
#13102=VECTOR('',#13105,1.0);
#13103=DIRECTION('',(-0.11369035234698568,-0.04709415058177254,0.99239943811159));
#13104=DIRECTION('',(0.9238736003210871,0.38269775362517106,0));
#13105=DIRECTION('',(0,0,-1));
#13106=FACE_SURFACE('',(#13111),#13107,.T.);
#13107=PLANE('',#13108);
#13108=AXIS2_PLACEMENT_3D('',#650,#13109,#13110);
#13109=DIRECTION('',(-0.6087498946031471,0.7933621908187063,0));
#13110=DIRECTION('',(0,0,1));
#13111=FACE_BOUND('',#13112,.T.);
#13112=EDGE_LOOP('',(#13113,#13114,#13115));
#13113=ORIENTED_EDGE('',*,*,#13116,.T.);
#13114=ORIENTED_EDGE('',*,*,#13117,.T.);
#13115=ORIENTED_EDGE('',*,*,#13118,.T.);
#13116=EDGE_CURVE('',#651,#653,#13119,.F.);
#13117=EDGE_CURVE('',#653,#655,#13120,.T.);
#13118=EDGE_CURVE('',#655,#651,#13121,.T.);
#13119=LINE('',#650,#13122);
#13120=LINE('',#652,#13123);
#13121=LINE('',#654,#13124);
#13122=VECTOR('',#13125,1.0);
#13123=VECTOR('',#13126,1.0);
#13124=VECTOR('',#13127,1.0);
#13125=DIRECTION('',(0,0,1));
#13126=DIRECTION('',(0.09762951056118767,0.07491150315967202,-0.9923994887956873));
#13127=DIRECTION('',(-0.7933621908187063,-0.6087498946031471,0));
#13128=FACE_SURFACE('',(#13133),#13129,.T.);
#13129=PLANE('',#13130);
#13130=AXIS2_PLACEMENT_3D('',#654,#13131,#13132);
#13131=DIRECTION('',(-0.6087498946031471,0.7933621908187063,0));
#13132=DIRECTION('',(-0.09762951056118767,-0.07491150315967202,0.9923994887956873));
#13133=FACE_BOUND('',#13134,.T.);
#13134=EDGE_LOOP('',(#13135,#13136,#13137));
#13135=ORIENTED_EDGE('',*,*,#13138,.T.);
#13136=ORIENTED_EDGE('',*,*,#13139,.T.);
#13137=ORIENTED_EDGE('',*,*,#13140,.T.);
#13138=EDGE_CURVE('',#655,#653,#13141,.F.);
#13139=EDGE_CURVE('',#653,#657,#13142,.T.);
#13140=EDGE_CURVE('',#657,#655,#13143,.T.);
#13141=LINE('',#654,#13144);
#13142=LINE('',#652,#13145);
#13143=LINE('',#656,#13146);
#13144=VECTOR('',#13147,1.0);
#13145=VECTOR('',#13148,1.0);
#13146=VECTOR('',#13149,1.0);
#13147=DIRECTION('',(-0.09762951056118767,-0.07491150315967202,0.9923994887956873));
#13148=DIRECTION('',(0.7933621908187063,0.6087498946031471,0));
#13149=DIRECTION('',(0,0,-1));
#13150=FACE_SURFACE('',(#13155),#13151,.T.);
#13151=PLANE('',#13152);
#13152=AXIS2_PLACEMENT_3D('',#654,#13153,#13154);
#13153=DIRECTION('',(-0.7933507901403017,0.6087647524157085,0));
#13154=DIRECTION('',(0,0,1));
#13155=FACE_BOUND('',#13156,.T.);
#13156=EDGE_LOOP('',(#13157,#13158,#13159));
#13157=ORIENTED_EDGE('',*,*,#13160,.T.);
#13158=ORIENTED_EDGE('',*,*,#13161,.T.);
#13159=ORIENTED_EDGE('',*,*,#13162,.T.);
#13160=EDGE_CURVE('',#655,#657,#13163,.F.);
#13161=EDGE_CURVE('',#657,#659,#13164,.T.);
#13162=EDGE_CURVE('',#659,#655,#13165,.T.);
#13163=LINE('',#654,#13166);
#13164=LINE('',#656,#13167);
#13165=LINE('',#658,#13168);
#13166=VECTOR('',#13169,1.0);
#13167=VECTOR('',#13170,1.0);
#13168=VECTOR('',#13171,1.0);
#13169=DIRECTION('',(0,0,1));
#13170=DIRECTION('',(0.07491153084617179,0.09762576093900738,-0.9923998555760489));
#13171=DIRECTION('',(-0.6087647524157085,-0.7933507901403017,0));
#13172=FACE_SURFACE('',(#13177),#13173,.T.);
#13173=PLANE('',#13174);
#13174=AXIS2_PLACEMENT_3D('',#658,#13175,#13176);
#13175=DIRECTION('',(-0.7933507901403017,0.6087647524157085,0));
#13176=DIRECTION('',(-0.07491153084617179,-0.09762576093900738,0.9923998555760489));
#13177=FACE_BOUND('',#13178,.T.);
#13178=EDGE_LOOP('',(#13179,#13180,#13181));
#13179=ORIENTED_EDGE('',*,*,#13182,.T.);
#13180=ORIENTED_EDGE('',*,*,#13183,.T.);
#13181=ORIENTED_EDGE('',*,*,#13184,.T.);
#13182=EDGE_CURVE('',#659,#657,#13185,.F.);
#13183=EDGE_CURVE('',#657,#661,#13186,.T.);
#13184=EDGE_CURVE('',#661,#659,#13187,.T.);
#13185=LINE('',#658,#13188);
#13186=LINE('',#656,#13189);
#13187=LINE('',#660,#13190);
#13188=VECTOR('',#13191,1.0);
#13189=VECTOR('',#13192,1.0);
#13190=VECTOR('',#13193,1.0);
#13191=DIRECTION('',(-0.07491153084617179,-0.09762576093900738,0.9923998555760489));
#13192=DIRECTION('',(0.6087647524157085,0.7933507901403017,0));
#13193=DIRECTION('',(0,0,-1));
#13194=FACE_SURFACE('',(#13199),#13195,.T.);
#13195=PLANE('',#13196);
#13196=AXIS2_PLACEMENT_3D('',#658,#13197,#13198);
#13197=DIRECTION('',(-0.9238812912789428,0.3826791862967638,0));
#13198=DIRECTION('',(0,0,1));
#13199=FACE_BOUND('',#13200,.T.);
#13200=EDGE_LOOP('',(#13201,#13202,#13203));
#13201=ORIENTED_EDGE('',*,*,#13204,.T.);
#13202=ORIENTED_EDGE('',*,*,#13205,.T.);
#13203=ORIENTED_EDGE('',*,*,#13206,.T.);
#13204=EDGE_CURVE('',#659,#661,#13207,.F.);
#13205=EDGE_CURVE('',#661,#663,#13208,.T.);
#13206=EDGE_CURVE('',#663,#659,#13209,.T.);
#13207=LINE('',#658,#13210);
#13208=LINE('',#660,#13211);
#13209=LINE('',#662,#13212);
#13210=VECTOR('',#13213,1.0);
#13211=VECTOR('',#13214,1.0);
#13212=VECTOR('',#13215,1.0);
#13213=DIRECTION('',(0,0,1));
#13214=DIRECTION('',(0.04709225179359722,0.11369223086661936,-0.9923993130094255));
#13215=DIRECTION('',(-0.3826791862967638,-0.9238812912789428,0));
#13216=FACE_SURFACE('',(#13221),#13217,.T.);
#13217=PLANE('',#13218);
#13218=AXIS2_PLACEMENT_3D('',#662,#13219,#13220);
#13219=DIRECTION('',(-0.9238812912789428,0.3826791862967638,0));
#13220=DIRECTION('',(-0.04709225179359722,-0.11369223086661936,0.9923993130094255));
#13221=FACE_BOUND('',#13222,.T.);
#13222=EDGE_LOOP('',(#13223,#13224,#13225));
#13223=ORIENTED_EDGE('',*,*,#13226,.T.);
#13224=ORIENTED_EDGE('',*,*,#13227,.T.);
#13225=ORIENTED_EDGE('',*,*,#13228,.T.);
#13226=EDGE_CURVE('',#663,#661,#13229,.F.);
#13227=EDGE_CURVE('',#661,#665,#13230,.T.);
#13228=EDGE_CURVE('',#665,#663,#13231,.T.);
#13229=LINE('',#662,#13232);
#13230=LINE('',#660,#13233);
#13231=LINE('',#664,#13234);
#13232=VECTOR('',#13235,1.0);
#13233=VECTOR('',#13236,1.0);
#13234=VECTOR('',#13237,1.0);
#13235=DIRECTION('',(-0.04709225179359722,-0.11369223086661936,0.9923993130094255));
#13236=DIRECTION('',(0.3826791862967638,0.9238812912789428,0));
#13237=DIRECTION('',(0,0,-1));
#13238=FACE_SURFACE('',(#13243),#13239,.T.);
#13239=PLANE('',#13240);
#13240=AXIS2_PLACEMENT_3D('',#662,#13241,#13242);
#13241=DIRECTION('',(-0.9914444500921159,0.1305293161766429,0));
#13242=DIRECTION('',(0,0,1));
#13243=FACE_BOUND('',#13244,.T.);
#13244=EDGE_LOOP('',(#13245,#13246,#13247));
#13245=ORIENTED_EDGE('',*,*,#13248,.T.);
#13246=ORIENTED_EDGE('',*,*,#13249,.T.);
#13247=ORIENTED_EDGE('',*,*,#13250,.T.);
#13248=EDGE_CURVE('',#663,#665,#13251,.F.);
#13249=EDGE_CURVE('',#665,#571,#13252,.T.);
#13250=EDGE_CURVE('',#571,#663,#13253,.T.);
#13251=LINE('',#662,#13254);
#13252=LINE('',#664,#13255);
#13253=LINE('',#570,#13256);
#13254=VECTOR('',#13257,1.0);
#13255=VECTOR('',#13258,1.0);
#13256=VECTOR('',#13259,1.0);
#13257=DIRECTION('',(0,0,1));
#13258=DIRECTION('',(0.016062739342735336,0.12200564778168144,-0.9923994207546575));
#13259=DIRECTION('',(-0.1305293161766429,-0.9914444500921159,0));
#13260=FACE_SURFACE('',(#13265),#13261,.T.);
#13261=PLANE('',#13262);
#13262=AXIS2_PLACEMENT_3D('',#570,#13263,#13264);
#13263=DIRECTION('',(-0.9914444500921159,0.1305293161766429,0));
#13264=DIRECTION('',(-0.016062739342735336,-0.12200564778168144,0.9923994207546575));
#13265=FACE_BOUND('',#13266,.T.);
#13266=EDGE_LOOP('',(#13267,#13268,#13269));
#13267=ORIENTED_EDGE('',*,*,#13270,.T.);
#13268=ORIENTED_EDGE('',*,*,#13271,.T.);
#13269=ORIENTED_EDGE('',*,*,#13272,.T.);
#13270=EDGE_CURVE('',#571,#665,#13273,.F.);
#13271=EDGE_CURVE('',#665,#573,#13274,.T.);
#13272=EDGE_CURVE('',#573,#571,#13275,.T.);
#13273=LINE('',#570,#13276);
#13274=LINE('',#664,#13277);
#13275=LINE('',#572,#13278);
#13276=VECTOR('',#13279,1.0);
#13277=VECTOR('',#13280,1.0);
#13278=VECTOR('',#13281,1.0);
#13279=DIRECTION('',(-0.016062739342735336,-0.12200564778168144,0.9923994207546575));
#13280=DIRECTION('',(0.1305293161766429,0.9914444500921159,0));
#13281=DIRECTION('',(0,0,-1));
#13282=FACE_SURFACE('',(#13287),#13283,.T.);
#13283=PLANE('',#13284);
#13284=AXIS2_PLACEMENT_3D('',#574,#13285,#13286);
#13285=DIRECTION('',(0,0,1));
#13286=DIRECTION('',(-1,0,0));
#13287=FACE_BOUND('',#13288,.T.);
#13288=EDGE_LOOP('',(#13289,#13290,#13291));
#13289=ORIENTED_EDGE('',*,*,#13292,.T.);
#13290=ORIENTED_EDGE('',*,*,#13293,.T.);
#13291=ORIENTED_EDGE('',*,*,#13294,.T.);
#13292=EDGE_CURVE('',#575,#615,#13295,.F.);
#13293=EDGE_CURVE('',#615,#571,#13296,.T.);
#13294=EDGE_CURVE('',#571,#575,#13297,.T.);
#13295=LINE('',#574,#13298);
#13296=LINE('',#614,#13299);
#13297=LINE('',#570,#13300);
#13298=VECTOR('',#13301,1.0);
#13299=VECTOR('',#13302,1.0);
#13300=VECTOR('',#13303,1.0);
#13301=DIRECTION('',(-1,0,0));
#13302=DIRECTION('',(0.9914452500045706,-0.13052324024239687,0));
#13303=DIRECTION('',(-0.13053329747396128,0.9914439259234857,0));
#13304=FACE_SURFACE('',(#13309),#13305,.T.);
#13305=PLANE('',#13306);
#13306=AXIS2_PLACEMENT_3D('',#570,#13307,#13308);
#13307=DIRECTION('',(0,0,1));
#13308=DIRECTION('',(-0.9914452500045706,0.13052324024239687,0));
#13309=FACE_BOUND('',#13310,.T.);
#13310=EDGE_LOOP('',(#13311,#13312,#13313));
#13311=ORIENTED_EDGE('',*,*,#13314,.T.);
#13312=ORIENTED_EDGE('',*,*,#13315,.T.);
#13313=ORIENTED_EDGE('',*,*,#13316,.T.);
#13314=EDGE_CURVE('',#571,#615,#13317,.F.);
#13315=EDGE_CURVE('',#615,#619,#13318,.T.);
#13316=EDGE_CURVE('',#619,#571,#13319,.T.);
#13317=LINE('',#570,#13320);
#13318=LINE('',#614,#13321);
#13319=LINE('',#618,#13322);
#13320=VECTOR('',#13323,1.0);
#13321=VECTOR('',#13324,1.0);
#13322=VECTOR('',#13325,1.0);
#13323=DIRECTION('',(-0.9914452500045706,0.13052324024239687,0));
#13324=DIRECTION('',(-0.13053329747396128,-0.9914439259234857,0));
#13325=DIRECTION('',(1,0,0));
#13326=FACE_SURFACE('',(#13331),#13327,.T.);
#13327=PLANE('',#13328);
#13328=AXIS2_PLACEMENT_3D('',#570,#13329,#13330);
#13329=DIRECTION('',(0,0,1));
#13330=DIRECTION('',(-1,0,0));
#13331=FACE_BOUND('',#13332,.T.);
#13332=EDGE_LOOP('',(#13333,#13334,#13335));
#13333=ORIENTED_EDGE('',*,*,#13336,.T.);
#13334=ORIENTED_EDGE('',*,*,#13337,.T.);
#13335=ORIENTED_EDGE('',*,*,#13338,.T.);
#13336=EDGE_CURVE('',#571,#619,#13339,.F.);
#13337=EDGE_CURVE('',#619,#663,#13340,.T.);
#13338=EDGE_CURVE('',#663,#571,#13341,.T.);
#13339=LINE('',#570,#13342);
#13340=LINE('',#618,#13343);
#13341=LINE('',#662,#13344);
#13342=VECTOR('',#13345,1.0);
#13343=VECTOR('',#13346,1.0);
#13344=VECTOR('',#13347,1.0);
#13345=DIRECTION('',(-1,0,0));
#13346=DIRECTION('',(0.9914447258843149,-0.13052722136081646,0));
#13347=DIRECTION('',(0.1305293161766429,0.9914444500921159,0));
#13348=FACE_SURFACE('',(#13353),#13349,.T.);
#13349=PLANE('',#13350);
#13350=AXIS2_PLACEMENT_3D('',#662,#13351,#13352);
#13351=DIRECTION('',(0,0,1));
#13352=DIRECTION('',(-0.9914447258843149,0.13052722136081646,0));
#13353=FACE_BOUND('',#13354,.T.);
#13354=EDGE_LOOP('',(#13355,#13356,#13357));
#13355=ORIENTED_EDGE('',*,*,#13358,.T.);
#13356=ORIENTED_EDGE('',*,*,#13359,.T.);
#13357=ORIENTED_EDGE('',*,*,#13360,.T.);
#13358=EDGE_CURVE('',#663,#619,#13361,.F.);
#13359=EDGE_CURVE('',#619,#623,#13362,.T.);
#13360=EDGE_CURVE('',#623,#663,#13363,.T.);
#13361=LINE('',#662,#13364);
#13362=LINE('',#618,#13365);
#13363=LINE('',#622,#13366);
#13364=VECTOR('',#13367,1.0);
#13365=VECTOR('',#13368,1.0);
#13366=VECTOR('',#13369,1.0);
#13367=DIRECTION('',(-0.9914447258843149,0.13052722136081646,0));
#13368=DIRECTION('',(0.1305293161766429,-0.9914444500921159,0));
#13369=DIRECTION('',(1,0,0));
#13370=FACE_SURFACE('',(#13375),#13371,.T.);
#13371=PLANE('',#13372);
#13372=AXIS2_PLACEMENT_3D('',#662,#13373,#13374);
#13373=DIRECTION('',(0,0,1));
#13374=DIRECTION('',(-1,0,0));
#13375=FACE_BOUND('',#13376,.T.);
#13376=EDGE_LOOP('',(#13377,#13378,#13379));
#13377=ORIENTED_EDGE('',*,*,#13380,.T.);
#13378=ORIENTED_EDGE('',*,*,#13381,.T.);
#13379=ORIENTED_EDGE('',*,*,#13382,.T.);
#13380=EDGE_CURVE('',#663,#623,#13383,.F.);
#13381=EDGE_CURVE('',#623,#659,#13384,.T.);
#13382=EDGE_CURVE('',#659,#663,#13385,.T.);
#13383=LINE('',#662,#13386);
#13384=LINE('',#622,#13387);
#13385=LINE('',#658,#13388);
#13386=VECTOR('',#13389,1.0);
#13387=VECTOR('',#13390,1.0);
#13388=VECTOR('',#13391,1.0);
#13389=DIRECTION('',(-1,0,0));
#13390=DIRECTION('',(0.9914445512916997,-0.13052854750590095,0));
#13391=DIRECTION('',(0.3826791862967638,0.9238812912789428,0));
#13392=FACE_SURFACE('',(#13397),#13393,.T.);
#13393=PLANE('',#13394);
#13394=AXIS2_PLACEMENT_3D('',#658,#13395,#13396);
#13395=DIRECTION('',(0,0,1));
#13396=DIRECTION('',(-0.9914445512916997,0.13052854750590095,0));
#13397=FACE_BOUND('',#13398,.T.);
#13398=EDGE_LOOP('',(#13399,#13400,#13401));
#13399=ORIENTED_EDGE('',*,*,#13402,.T.);
#13400=ORIENTED_EDGE('',*,*,#13403,.T.);
#13401=ORIENTED_EDGE('',*,*,#13404,.T.);
#13402=EDGE_CURVE('',#659,#623,#13405,.F.);
#13403=EDGE_CURVE('',#623,#627,#13406,.T.);
#13404=EDGE_CURVE('',#627,#659,#13407,.T.);
#13405=LINE('',#658,#13408);
#13406=LINE('',#622,#13409);
#13407=LINE('',#626,#13410);
#13408=VECTOR('',#13411,1.0);
#13409=VECTOR('',#13412,1.0);
#13410=VECTOR('',#13413,1.0);
#13411=DIRECTION('',(-0.9914445512916997,0.13052854750590095,0));
#13412=DIRECTION('',(0.3826791862967638,-0.9238812912789428,0));
#13413=DIRECTION('',(1,0,0));
#13414=FACE_SURFACE('',(#13419),#13415,.T.);
#13415=PLANE('',#13416);
#13416=AXIS2_PLACEMENT_3D('',#658,#13417,#13418);
#13417=DIRECTION('',(0,0,1));
#13418=DIRECTION('',(-1,0,0));
#13419=FACE_BOUND('',#13420,.T.);
#13420=EDGE_LOOP('',(#13421,#13422,#13423));
#13421=ORIENTED_EDGE('',*,*,#13424,.T.);
#13422=ORIENTED_EDGE('',*,*,#13425,.T.);
#13423=ORIENTED_EDGE('',*,*,#13426,.T.);
#13424=EDGE_CURVE('',#659,#627,#13427,.F.);
#13425=EDGE_CURVE('',#627,#655,#13428,.T.);
#13426=EDGE_CURVE('',#655,#659,#13429,.T.);
#13427=LINE('',#658,#13430);
#13428=LINE('',#626,#13431);
#13429=LINE('',#654,#13432);
#13430=VECTOR('',#13433,1.0);
#13431=VECTOR('',#13434,1.0);
#13432=VECTOR('',#13435,1.0);
#13433=DIRECTION('',(-1,0,0));
#13434=DIRECTION('',(0.9914452660476235,-0.13052311838045025,0));
#13435=DIRECTION('',(0.6087647524157085,0.7933507901403017,0));
#13436=FACE_SURFACE('',(#13441),#13437,.T.);
#13437=PLANE('',#13438);
#13438=AXIS2_PLACEMENT_3D('',#654,#13439,#13440);
#13439=DIRECTION('',(0,0,1));
#13440=DIRECTION('',(-0.9914452660476235,0.13052311838045025,0));
#13441=FACE_BOUND('',#13442,.T.);
#13442=EDGE_LOOP('',(#13443,#13444,#13445));
#13443=ORIENTED_EDGE('',*,*,#13446,.T.);
#13444=ORIENTED_EDGE('',*,*,#13447,.T.);
#13445=ORIENTED_EDGE('',*,*,#13448,.T.);
#13446=EDGE_CURVE('',#655,#627,#13449,.F.);
#13447=EDGE_CURVE('',#627,#631,#13450,.T.);
#13448=EDGE_CURVE('',#631,#655,#13451,.T.);
#13449=LINE('',#654,#13452);
#13450=LINE('',#626,#13453);
#13451=LINE('',#630,#13454);
#13452=VECTOR('',#13455,1.0);
#13453=VECTOR('',#13456,1.0);
#13454=VECTOR('',#13457,1.0);
#13455=DIRECTION('',(-0.9914452660476235,0.13052311838045025,0));
#13456=DIRECTION('',(0.6087647524157085,-0.7933507901403017,0));
#13457=DIRECTION('',(1,0,0));
#13458=FACE_SURFACE('',(#13463),#13459,.T.);
#13459=PLANE('',#13460);
#13460=AXIS2_PLACEMENT_3D('',#654,#13461,#13462);
#13461=DIRECTION('',(0,0,1));
#13462=DIRECTION('',(-1,0,0));
#13463=FACE_BOUND('',#13464,.T.);
#13464=EDGE_LOOP('',(#13465,#13466,#13467));
#13465=ORIENTED_EDGE('',*,*,#13468,.T.);
#13466=ORIENTED_EDGE('',*,*,#13469,.T.);
#13467=ORIENTED_EDGE('',*,*,#13470,.T.);
#13468=EDGE_CURVE('',#655,#631,#13471,.F.);
#13469=EDGE_CURVE('',#631,#651,#13472,.T.);
#13470=EDGE_CURVE('',#651,#655,#13473,.T.);
#13471=LINE('',#654,#13474);
#13472=LINE('',#630,#13475);
#13473=LINE('',#650,#13476);
#13474=VECTOR('',#13477,1.0);
#13475=VECTOR('',#13478,1.0);
#13476=VECTOR('',#13479,1.0);
#13477=DIRECTION('',(-1,0,0));
#13478=DIRECTION('',(0.9914451105854235,-0.13052429925595188,0));
#13479=DIRECTION('',(0.7933621908187063,0.6087498946031471,0));
#13480=FACE_SURFACE('',(#13485),#13481,.T.);
#13481=PLANE('',#13482);
#13482=AXIS2_PLACEMENT_3D('',#650,#13483,#13484);
#13483=DIRECTION('',(0,0,1));
#13484=DIRECTION('',(-0.9914451105854235,0.13052429925595188,0));
#13485=FACE_BOUND('',#13486,.T.);
#13486=EDGE_LOOP('',(#13487,#13488,#13489));
#13487=ORIENTED_EDGE('',*,*,#13490,.T.);
#13488=ORIENTED_EDGE('',*,*,#13491,.T.);
#13489=ORIENTED_EDGE('',*,*,#13492,.T.);
#13490=EDGE_CURVE('',#651,#631,#13493,.F.);
#13491=EDGE_CURVE('',#631,#635,#13494,.T.);
#13492=EDGE_CURVE('',#635,#651,#13495,.T.);
#13493=LINE('',#650,#13496);
#13494=LINE('',#630,#13497);
#13495=LINE('',#634,#13498);
#13496=VECTOR('',#13499,1.0);
#13497=VECTOR('',#13500,1.0);
#13498=VECTOR('',#13501,1.0);
#13499=DIRECTION('',(-0.9914451105854235,0.13052429925595188,0));
#13500=DIRECTION('',(0.7933564905838493,-0.6087573234454586,0));
#13501=DIRECTION('',(1,0,0));
#13502=FACE_SURFACE('',(#13507),#13503,.T.);
#13503=PLANE('',#13504);
#13504=AXIS2_PLACEMENT_3D('',#650,#13505,#13506);
#13505=DIRECTION('',(0,0,1));
#13506=DIRECTION('',(-1,0,0));
#13507=FACE_BOUND('',#13508,.T.);
#13508=EDGE_LOOP('',(#13509,#13510,#13511));
#13509=ORIENTED_EDGE('',*,*,#13512,.T.);
#13510=ORIENTED_EDGE('',*,*,#13513,.T.);
#13511=ORIENTED_EDGE('',*,*,#13514,.T.);
#13512=EDGE_CURVE('',#651,#635,#13515,.F.);
#13513=EDGE_CURVE('',#635,#647,#13516,.T.);
#13514=EDGE_CURVE('',#647,#651,#13517,.T.);
#13515=LINE('',#650,#13518);
#13516=LINE('',#634,#13519);
#13517=LINE('',#646,#13520);
#13518=VECTOR('',#13521,1.0);
#13519=VECTOR('',#13522,1.0);
#13520=VECTOR('',#13523,1.0);
#13521=DIRECTION('',(-1,0,0));
#13522=DIRECTION('',(0.9914441138965465,-0.130531869747934,0));
#13523=DIRECTION('',(0.9238736003210871,0.38269775362517106,0));
#13524=FACE_SURFACE('',(#13529),#13525,.T.);
#13525=PLANE('',#13526);
#13526=AXIS2_PLACEMENT_3D('',#646,#13527,#13528);
#13527=DIRECTION('',(0,0,1));
#13528=DIRECTION('',(-0.9914441138965465,0.130531869747934,0));
#13529=FACE_BOUND('',#13530,.T.);
#13530=EDGE_LOOP('',(#13531,#13532,#13533));
#13531=ORIENTED_EDGE('',*,*,#13534,.T.);
#13532=ORIENTED_EDGE('',*,*,#13535,.T.);
#13533=ORIENTED_EDGE('',*,*,#13536,.T.);
#13534=EDGE_CURVE('',#647,#635,#13537,.F.);
#13535=EDGE_CURVE('',#635,#639,#13538,.T.);
#13536=EDGE_CURVE('',#639,#647,#13539,.T.);
#13537=LINE('',#646,#13540);
#13538=LINE('',#634,#13541);
#13539=LINE('',#638,#13542);
#13540=VECTOR('',#13543,1.0);
#13541=VECTOR('',#13544,1.0);
#13542=VECTOR('',#13545,1.0);
#13543=DIRECTION('',(-0.9914441138965465,0.130531869747934,0));
#13544=DIRECTION('',(0.9238736003210871,-0.38269775362517106,0));
#13545=DIRECTION('',(1,0,0));
#13546=FACE_SURFACE('',(#13551),#13547,.T.);
#13547=PLANE('',#13548);
#13548=AXIS2_PLACEMENT_3D('',#646,#13549,#13550);
#13549=DIRECTION('',(0,0,1));
#13550=DIRECTION('',(-1,0,0));
#13551=FACE_BOUND('',#13552,.T.);
#13552=EDGE_LOOP('',(#13553,#13554,#13555));
#13553=ORIENTED_EDGE('',*,*,#13556,.T.);
#13554=ORIENTED_EDGE('',*,*,#13557,.T.);
#13555=ORIENTED_EDGE('',*,*,#13558,.T.);
#13556=EDGE_CURVE('',#647,#639,#13559,.F.);
#13557=EDGE_CURVE('',#639,#643,#13560,.T.);
#13558=EDGE_CURVE('',#643,#647,#13561,.T.);
#13559=LINE('',#646,#13562);
#13560=LINE('',#638,#13563);
#13561=LINE('',#642,#13564);
#13562=VECTOR('',#13565,1.0);
#13563=VECTOR('',#13566,1.0);
#13564=VECTOR('',#13567,1.0);
#13565=DIRECTION('',(-1,0,0));
#13566=DIRECTION('',(0.9914444500921159,-0.1305293161766429,0));
#13567=DIRECTION('',(0.9914441880137961,0.1305313067952071,0));
#13568=FACE_SURFACE('',(#13573),#13569,.T.);
#13569=PLANE('',#13570);
#13570=AXIS2_PLACEMENT_3D('',#614,#13571,#13572);
#13571=DIRECTION('',(0,0,1));
#13572=DIRECTION('',(1,0,0));
#13573=FACE_BOUND('',#13574,.T.);
#13574=EDGE_LOOP('',(#13575,#13576,#13577));
#13575=ORIENTED_EDGE('',*,*,#13578,.T.);
#13576=ORIENTED_EDGE('',*,*,#13579,.T.);
#13577=ORIENTED_EDGE('',*,*,#13580,.T.);
#13578=EDGE_CURVE('',#615,#575,#13581,.F.);
#13579=EDGE_CURVE('',#575,#611,#13582,.T.);
#13580=EDGE_CURVE('',#611,#615,#13583,.T.);
#13581=LINE('',#614,#13584);
#13582=LINE('',#574,#13585);
#13583=LINE('',#610,#13586);
#13584=VECTOR('',#13587,1.0);
#13585=VECTOR('',#13588,1.0);
#13586=VECTOR('',#13589,1.0);
#13587=DIRECTION('',(1,0,0));
#13588=DIRECTION('',(-0.9914445512916997,0.13052854750590095,0));
#13589=DIRECTION('',(-0.3826791862967638,-0.9238812912789428,0));
#13590=FACE_SURFACE('',(#13595),#13591,.T.);
#13591=PLANE('',#13592);
#13592=AXIS2_PLACEMENT_3D('',#610,#13593,#13594);
#13593=DIRECTION('',(-0,0,1));
#13594=DIRECTION('',(0.9914445512916997,-0.13052854750590095,0));
#13595=FACE_BOUND('',#13596,.T.);
#13596=EDGE_LOOP('',(#13597,#13598,#13599));
#13597=ORIENTED_EDGE('',*,*,#13600,.T.);
#13598=ORIENTED_EDGE('',*,*,#13601,.T.);
#13599=ORIENTED_EDGE('',*,*,#13602,.T.);
#13600=EDGE_CURVE('',#611,#575,#13603,.F.);
#13601=EDGE_CURVE('',#575,#579,#13604,.T.);
#13602=EDGE_CURVE('',#579,#611,#13605,.T.);
#13603=LINE('',#610,#13606);
#13604=LINE('',#574,#13607);
#13605=LINE('',#578,#13608);
#13606=VECTOR('',#13609,1.0);
#13607=VECTOR('',#13610,1.0);
#13608=VECTOR('',#13611,1.0);
#13609=DIRECTION('',(0.9914445512916997,-0.13052854750590095,0));
#13610=DIRECTION('',(-0.3826791862967638,0.9238812912789428,0));
#13611=DIRECTION('',(-1,0,0));
#13612=FACE_SURFACE('',(#13617),#13613,.T.);
#13613=PLANE('',#13614);
#13614=AXIS2_PLACEMENT_3D('',#610,#13615,#13616);
#13615=DIRECTION('',(0,0,1));
#13616=DIRECTION('',(1,0,0));
#13617=FACE_BOUND('',#13618,.T.);
#13618=EDGE_LOOP('',(#13619,#13620,#13621));
#13619=ORIENTED_EDGE('',*,*,#13622,.T.);
#13620=ORIENTED_EDGE('',*,*,#13623,.T.);
#13621=ORIENTED_EDGE('',*,*,#13624,.T.);
#13622=EDGE_CURVE('',#611,#579,#13625,.F.);
#13623=EDGE_CURVE('',#579,#607,#13626,.T.);
#13624=EDGE_CURVE('',#607,#611,#13627,.T.);
#13625=LINE('',#610,#13628);
#13626=LINE('',#578,#13629);
#13627=LINE('',#606,#13630);
#13628=VECTOR('',#13631,1.0);
#13629=VECTOR('',#13632,1.0);
#13630=VECTOR('',#13633,1.0);
#13631=DIRECTION('',(1,0,0));
#13632=DIRECTION('',(-0.9914452660476235,0.13052311838045025,0));
#13633=DIRECTION('',(-0.6087647524157085,-0.7933507901403017,0));
#13634=FACE_SURFACE('',(#13639),#13635,.T.);
#13635=PLANE('',#13636);
#13636=AXIS2_PLACEMENT_3D('',#606,#13637,#13638);
#13637=DIRECTION('',(-0,0,1));
#13638=DIRECTION('',(0.9914452660476235,-0.13052311838045025,0));
#13639=FACE_BOUND('',#13640,.T.);
#13640=EDGE_LOOP('',(#13641,#13642,#13643));
#13641=ORIENTED_EDGE('',*,*,#13644,.T.);
#13642=ORIENTED_EDGE('',*,*,#13645,.T.);
#13643=ORIENTED_EDGE('',*,*,#13646,.T.);
#13644=EDGE_CURVE('',#607,#579,#13647,.F.);
#13645=EDGE_CURVE('',#579,#583,#13648,.T.);
#13646=EDGE_CURVE('',#583,#607,#13649,.T.);
#13647=LINE('',#606,#13650);
#13648=LINE('',#578,#13651);
#13649=LINE('',#582,#13652);
#13650=VECTOR('',#13653,1.0);
#13651=VECTOR('',#13654,1.0);
#13652=VECTOR('',#13655,1.0);
#13653=DIRECTION('',(0.9914452660476235,-0.13052311838045025,0));
#13654=DIRECTION('',(-0.6087647524157085,0.7933507901403017,0));
#13655=DIRECTION('',(-1,0,0));
#13656=FACE_SURFACE('',(#13661),#13657,.T.);
#13657=PLANE('',#13658);
#13658=AXIS2_PLACEMENT_3D('',#606,#13659,#13660);
#13659=DIRECTION('',(0,0,1));
#13660=DIRECTION('',(1,0,0));
#13661=FACE_BOUND('',#13662,.T.);
#13662=EDGE_LOOP('',(#13663,#13664,#13665));
#13663=ORIENTED_EDGE('',*,*,#13666,.T.);
#13664=ORIENTED_EDGE('',*,*,#13667,.T.);
#13665=ORIENTED_EDGE('',*,*,#13668,.T.);
#13666=EDGE_CURVE('',#607,#583,#13669,.F.);
#13667=EDGE_CURVE('',#583,#603,#13670,.T.);
#13668=EDGE_CURVE('',#603,#607,#13671,.T.);
#13669=LINE('',#606,#13672);
#13670=LINE('',#582,#13673);
#13671=LINE('',#602,#13674);
#13672=VECTOR('',#13675,1.0);
#13673=VECTOR('',#13676,1.0);
#13674=VECTOR('',#13677,1.0);
#13675=DIRECTION('',(1,0,0));
#13676=DIRECTION('',(-0.9914443131676555,0.1305303561916387,0));
#13677=DIRECTION('',(-0.7933416328132523,-0.6087766861873103,0));
#13678=FACE_SURFACE('',(#13683),#13679,.T.);
#13679=PLANE('',#13680);
#13680=AXIS2_PLACEMENT_3D('',#602,#13681,#13682);
#13681=DIRECTION('',(-0,0,1));
#13682=DIRECTION('',(0.9914443131676555,-0.1305303561916387,0));
#13683=FACE_BOUND('',#13684,.T.);
#13684=EDGE_LOOP('',(#13685,#13686,#13687));
#13685=ORIENTED_EDGE('',*,*,#13688,.T.);
#13686=ORIENTED_EDGE('',*,*,#13689,.T.);
#13687=ORIENTED_EDGE('',*,*,#13690,.T.);
#13688=EDGE_CURVE('',#603,#583,#13691,.F.);
#13689=EDGE_CURVE('',#583,#587,#13692,.T.);
#13690=EDGE_CURVE('',#587,#603,#13693,.T.);
#13691=LINE('',#602,#13694);
#13692=LINE('',#582,#13695);
#13693=LINE('',#586,#13696);
#13694=VECTOR('',#13697,1.0);
#13695=VECTOR('',#13698,1.0);
#13696=VECTOR('',#13699,1.0);
#13697=DIRECTION('',(0.9914443131676555,-0.1305303561916387,0));
#13698=DIRECTION('',(-0.7933473333039744,0.6087692573869615,0));
#13699=DIRECTION('',(-1,0,0));
#13700=FACE_SURFACE('',(#13705),#13701,.T.);
#13701=PLANE('',#13702);
#13702=AXIS2_PLACEMENT_3D('',#602,#13703,#13704);
#13703=DIRECTION('',(0,0,1));
#13704=DIRECTION('',(1,0,0));
#13705=FACE_BOUND('',#13706,.T.);
#13706=EDGE_LOOP('',(#13707,#13708,#13709));
#13707=ORIENTED_EDGE('',*,*,#13710,.T.);
#13708=ORIENTED_EDGE('',*,*,#13711,.T.);
#13709=ORIENTED_EDGE('',*,*,#13712,.T.);
#13710=EDGE_CURVE('',#603,#587,#13713,.F.);
#13711=EDGE_CURVE('',#587,#599,#13714,.T.);
#13712=EDGE_CURVE('',#599,#603,#13715,.T.);
#13713=LINE('',#602,#13716);
#13714=LINE('',#586,#13717);
#13715=LINE('',#598,#13718);
#13716=VECTOR('',#13719,1.0);
#13717=VECTOR('',#13720,1.0);
#13718=VECTOR('',#13721,1.0);
#13719=DIRECTION('',(1,0,0));
#13720=DIRECTION('',(-0.9914454717859917,0.13052155559543588,0));
#13721=DIRECTION('',(-0.9238844769476138,-0.38267149522172944,0));
#13722=FACE_SURFACE('',(#13727),#13723,.T.);
#13723=PLANE('',#13724);
#13724=AXIS2_PLACEMENT_3D('',#598,#13725,#13726);
#13725=DIRECTION('',(-0,0,1));
#13726=DIRECTION('',(0.9914454717859917,-0.13052155559543588,0));
#13727=FACE_BOUND('',#13728,.T.);
#13728=EDGE_LOOP('',(#13729,#13730,#13731));
#13729=ORIENTED_EDGE('',*,*,#13732,.T.);
#13730=ORIENTED_EDGE('',*,*,#13733,.T.);
#13731=ORIENTED_EDGE('',*,*,#13734,.T.);
#13732=EDGE_CURVE('',#599,#587,#13735,.F.);
#13733=EDGE_CURVE('',#587,#591,#13736,.T.);
#13734=EDGE_CURVE('',#591,#599,#13737,.T.);
#13735=LINE('',#598,#13738);
#13736=LINE('',#586,#13739);
#13737=LINE('',#590,#13740);
#13738=VECTOR('',#13741,1.0);
#13739=VECTOR('',#13742,1.0);
#13740=VECTOR('',#13743,1.0);
#13741=DIRECTION('',(0.9914454717859917,-0.13052155559543588,0));
#13742=DIRECTION('',(-0.9238844769476138,0.38267149522172944,0));
#13743=DIRECTION('',(-1,0,0));
#13744=FACE_SURFACE('',(#13749),#13745,.T.);
#13745=PLANE('',#13746);
#13746=AXIS2_PLACEMENT_3D('',#598,#13747,#13748);
#13747=DIRECTION('',(0,0,1));
#13748=DIRECTION('',(1,0,0));
#13749=FACE_BOUND('',#13750,.T.);
#13750=EDGE_LOOP('',(#13751,#13752,#13753));
#13751=ORIENTED_EDGE('',*,*,#13754,.T.);
#13752=ORIENTED_EDGE('',*,*,#13755,.T.);
#13753=ORIENTED_EDGE('',*,*,#13756,.T.);
#13754=EDGE_CURVE('',#599,#591,#13757,.F.);
#13755=EDGE_CURVE('',#591,#595,#13758,.T.);
#13756=EDGE_CURVE('',#595,#599,#13759,.T.);
#13757=LINE('',#598,#13760);
#13758=LINE('',#590,#13761);
#13759=LINE('',#594,#13762);
#13760=VECTOR('',#13763,1.0);
#13761=VECTOR('',#13764,1.0);
#13762=VECTOR('',#13765,1.0);
#13763=DIRECTION('',(1,0,0));
#13764=DIRECTION('',(-0.9914441880137961,0.1305313067952071,0));
#13765=DIRECTION('',(-0.9914444500921159,-0.1305293161766429,0));
#13766=FACE_SURFACE('',(#13771),#13767,.T.);
#13767=PLANE('',#13768);
#13768=AXIS2_PLACEMENT_3D('',#666,#13769,#13770);
#13769=DIRECTION('',(-0.9914443190544547,-0.1305303114784014,0));
#13770=DIRECTION('',(0,0,1));
#13771=FACE_BOUND('',#13772,.T.);
#13772=EDGE_LOOP('',(#13773,#13774,#13775));
#13773=ORIENTED_EDGE('',*,*,#13776,.T.);
#13774=ORIENTED_EDGE('',*,*,#13777,.T.);
#13775=ORIENTED_EDGE('',*,*,#13778,.T.);
#13776=EDGE_CURVE('',#667,#669,#13779,.F.);
#13777=EDGE_CURVE('',#669,#671,#13780,.T.);
#13778=EDGE_CURVE('',#671,#667,#13781,.T.);
#13779=LINE('',#666,#13782);
#13780=LINE('',#668,#13783);
#13781=LINE('',#670,#13784);
#13782=VECTOR('',#13785,1.0);
#13783=VECTOR('',#13786,1.0);
#13784=VECTOR('',#13787,1.0);
#13785=DIRECTION('',(0,0,1));
#13786=DIRECTION('',(-0.016062741197481693,0.12200471544358722,-0.9923995353458969));
#13787=DIRECTION('',(0.1305303114784014,-0.9914443190544547,0));
#13788=FACE_SURFACE('',(#13793),#13789,.T.);
#13789=PLANE('',#13790);
#13790=AXIS2_PLACEMENT_3D('',#670,#13791,#13792);
#13791=DIRECTION('',(-0.9914443190544547,-0.1305303114784014,0));
#13792=DIRECTION('',(0.016062741197481693,-0.12200471544358722,0.9923995353458969));
#13793=FACE_BOUND('',#13794,.T.);
#13794=EDGE_LOOP('',(#13795,#13796,#13797));
#13795=ORIENTED_EDGE('',*,*,#13798,.T.);
#13796=ORIENTED_EDGE('',*,*,#13799,.T.);
#13797=ORIENTED_EDGE('',*,*,#13800,.T.);
#13798=EDGE_CURVE('',#671,#669,#13801,.F.);
#13799=EDGE_CURVE('',#669,#673,#13802,.T.);
#13800=EDGE_CURVE('',#673,#671,#13803,.T.);
#13801=LINE('',#670,#13804);
#13802=LINE('',#668,#13805);
#13803=LINE('',#672,#13806);
#13804=VECTOR('',#13807,1.0);
#13805=VECTOR('',#13808,1.0);
#13806=VECTOR('',#13809,1.0);
#13807=DIRECTION('',(0.016062741197481693,-0.12200471544358722,0.9923995353458969));
#13808=DIRECTION('',(-0.1305303114784014,0.9914443190544547,0));
#13809=DIRECTION('',(0,0,-1));
#13810=FACE_SURFACE('',(#13815),#13811,.T.);
#13811=PLANE('',#13812);
#13812=AXIS2_PLACEMENT_3D('',#670,#13813,#13814);
#13813=DIRECTION('',(-0.9238790386956276,-0.38268462453937563,0));
#13814=DIRECTION('',(0,0,1));
#13815=FACE_BOUND('',#13816,.T.);
#13816=EDGE_LOOP('',(#13817,#13818,#13819));
#13817=ORIENTED_EDGE('',*,*,#13820,.T.);
#13818=ORIENTED_EDGE('',*,*,#13821,.T.);
#13819=ORIENTED_EDGE('',*,*,#13822,.T.);
#13820=EDGE_CURVE('',#671,#673,#13823,.F.);
#13821=EDGE_CURVE('',#673,#675,#13824,.T.);
#13822=EDGE_CURVE('',#675,#671,#13825,.T.);
#13823=LINE('',#670,#13826);
#13824=LINE('',#672,#13827);
#13825=LINE('',#674,#13828);
#13826=VECTOR('',#13829,1.0);
#13827=VECTOR('',#13830,1.0);
#13828=VECTOR('',#13831,1.0);
#13829=DIRECTION('',(0,0,1));
#13830=DIRECTION('',(-0.04709226192788675,0.11369036248139644,-0.9923995265745363));
#13831=DIRECTION('',(0.38268462453937563,-0.9238790386956276,0));
#13832=FACE_SURFACE('',(#13837),#13833,.T.);
#13833=PLANE('',#13834);
#13834=AXIS2_PLACEMENT_3D('',#674,#13835,#13836);
#13835=DIRECTION('',(-0.9238790386956276,-0.38268462453937563,0));
#13836=DIRECTION('',(0.04709226192788675,-0.11369036248139644,0.9923995265745363));
#13837=FACE_BOUND('',#13838,.T.);
#13838=EDGE_LOOP('',(#13839,#13840,#13841));
#13839=ORIENTED_EDGE('',*,*,#13842,.T.);
#13840=ORIENTED_EDGE('',*,*,#13843,.T.);
#13841=ORIENTED_EDGE('',*,*,#13844,.T.);
#13842=EDGE_CURVE('',#675,#673,#13845,.F.);
#13843=EDGE_CURVE('',#673,#677,#13846,.T.);
#13844=EDGE_CURVE('',#677,#675,#13847,.T.);
#13845=LINE('',#674,#13848);
#13846=LINE('',#672,#13849);
#13847=LINE('',#676,#13850);
#13848=VECTOR('',#13851,1.0);
#13849=VECTOR('',#13852,1.0);
#13850=VECTOR('',#13853,1.0);
#13851=DIRECTION('',(0.04709226192788675,-0.11369036248139644,0.9923995265745363));
#13852=DIRECTION('',(-0.38268462453937563,0.9238790386956276,0));
#13853=DIRECTION('',(0,0,-1));
#13854=FACE_SURFACE('',(#13859),#13855,.T.);
#13855=PLANE('',#13856);
#13856=AXIS2_PLACEMENT_3D('',#674,#13857,#13858);
#13857=DIRECTION('',(-0.7933593407273636,-0.6087536090083107,0));
#13858=DIRECTION('',(0,0,1));
#13859=FACE_BOUND('',#13860,.T.);
#13860=EDGE_LOOP('',(#13861,#13862,#13863));
#13861=ORIENTED_EDGE('',*,*,#13864,.T.);
#13862=ORIENTED_EDGE('',*,*,#13865,.T.);
#13863=ORIENTED_EDGE('',*,*,#13866,.T.);
#13864=EDGE_CURVE('',#675,#677,#13867,.F.);
#13865=EDGE_CURVE('',#677,#679,#13868,.T.);
#13866=EDGE_CURVE('',#679,#675,#13869,.T.);
#13867=LINE('',#674,#13870);
#13868=LINE('',#676,#13871);
#13869=LINE('',#678,#13872);
#13870=VECTOR('',#13873,1.0);
#13871=VECTOR('',#13874,1.0);
#13872=VECTOR('',#13875,1.0);
#13873=DIRECTION('',(0,0,1));
#13874=DIRECTION('',(-0.07491151008139472,0.09762857315603236,-0.992399580492073));
#13875=DIRECTION('',(0.6087536090083107,-0.7933593407273636,0));
#13876=FACE_SURFACE('',(#13881),#13877,.T.);
#13877=PLANE('',#13878);
#13878=AXIS2_PLACEMENT_3D('',#678,#13879,#13880);
#13879=DIRECTION('',(-0.7933593407273636,-0.6087536090083107,0));
#13880=DIRECTION('',(0.07491151008139472,-0.09762857315603236,0.992399580492073));
#13881=FACE_BOUND('',#13882,.T.);
#13882=EDGE_LOOP('',(#13883,#13884,#13885));
#13883=ORIENTED_EDGE('',*,*,#13886,.T.);
#13884=ORIENTED_EDGE('',*,*,#13887,.T.);
#13885=ORIENTED_EDGE('',*,*,#13888,.T.);
#13886=EDGE_CURVE('',#679,#677,#13889,.F.);
#13887=EDGE_CURVE('',#677,#681,#13890,.T.);
#13888=EDGE_CURVE('',#681,#679,#13891,.T.);
#13889=LINE('',#678,#13892);
#13890=LINE('',#676,#13893);
#13891=LINE('',#680,#13894);
#13892=VECTOR('',#13895,1.0);
#13893=VECTOR('',#13896,1.0);
#13894=VECTOR('',#13897,1.0);
#13895=DIRECTION('',(0.07491151008139472,-0.09762857315603236,0.992399580492073));
#13896=DIRECTION('',(-0.6087536090083107,0.7933593407273636,0));
#13897=DIRECTION('',(0,0,-1));
#13898=FACE_SURFACE('',(#13903),#13899,.T.);
#13899=PLANE('',#13900);
#13900=AXIS2_PLACEMENT_3D('',#678,#13901,#13902);
#13901=DIRECTION('',(-0.6087547354010867,-0.7933584764321566,0));
#13902=DIRECTION('',(0,0,1));
#13903=FACE_BOUND('',#13904,.T.);
#13904=EDGE_LOOP('',(#13905,#13906,#13907));
#13905=ORIENTED_EDGE('',*,*,#13908,.T.);
#13906=ORIENTED_EDGE('',*,*,#13909,.T.);
#13907=ORIENTED_EDGE('',*,*,#13910,.T.);
#13908=EDGE_CURVE('',#679,#681,#13911,.F.);
#13909=EDGE_CURVE('',#681,#683,#13912,.T.);
#13910=EDGE_CURVE('',#683,#679,#13913,.T.);
#13911=LINE('',#678,#13914);
#13912=LINE('',#680,#13915);
#13913=LINE('',#682,#13916);
#13914=VECTOR('',#13917,1.0);
#13915=VECTOR('',#13918,1.0);
#13916=VECTOR('',#13919,1.0);
#13917=DIRECTION('',(0,0,1));
#13918=DIRECTION('',(-0.09762950363938937,0.07491244427438624,-0.9923994184359257));
#13919=DIRECTION('',(0.7933584764321566,-0.6087547354010867,0));
#13920=FACE_SURFACE('',(#13925),#13921,.T.);
#13921=PLANE('',#13922);
#13922=AXIS2_PLACEMENT_3D('',#682,#13923,#13924);
#13923=DIRECTION('',(-0.6087547354010867,-0.7933584764321566,0));
#13924=DIRECTION('',(0.09762950363938937,-0.07491244427438624,0.9923994184359257));
#13925=FACE_BOUND('',#13926,.T.);
#13926=EDGE_LOOP('',(#13927,#13928,#13929));
#13927=ORIENTED_EDGE('',*,*,#13930,.T.);
#13928=ORIENTED_EDGE('',*,*,#13931,.T.);
#13929=ORIENTED_EDGE('',*,*,#13932,.T.);
#13930=EDGE_CURVE('',#683,#681,#13933,.F.);
#13931=EDGE_CURVE('',#681,#685,#13934,.T.);
#13932=EDGE_CURVE('',#685,#683,#13935,.T.);
#13933=LINE('',#682,#13936);
#13934=LINE('',#680,#13937);
#13935=LINE('',#684,#13938);
#13936=VECTOR('',#13939,1.0);
#13937=VECTOR('',#13940,1.0);
#13938=VECTOR('',#13941,1.0);
#13939=DIRECTION('',(0.09762950363938937,-0.07491244427438624,0.9923994184359257));
#13940=DIRECTION('',(-0.7933584764321566,0.6087547354010867,0));
#13941=DIRECTION('',(0,0,-1));
#13942=FACE_SURFACE('',(#13947),#13943,.T.);
#13943=PLANE('',#13944);
#13944=AXIS2_PLACEMENT_3D('',#682,#13945,#13946);
#13945=DIRECTION('',(-0.38268462453937563,-0.9238790386956276,0));
#13946=DIRECTION('',(0,0,1));
#13947=FACE_BOUND('',#13948,.T.);
#13948=EDGE_LOOP('',(#13949,#13950,#13951));
#13949=ORIENTED_EDGE('',*,*,#13952,.T.);
#13950=ORIENTED_EDGE('',*,*,#13953,.T.);
#13951=ORIENTED_EDGE('',*,*,#13954,.T.);
#13952=EDGE_CURVE('',#683,#685,#13955,.F.);
#13953=EDGE_CURVE('',#685,#687,#13956,.T.);
#13954=EDGE_CURVE('',#687,#683,#13957,.T.);
#13955=LINE('',#682,#13958);
#13956=LINE('',#684,#13959);
#13957=LINE('',#686,#13960);
#13958=VECTOR('',#13961,1.0);
#13959=VECTOR('',#13962,1.0);
#13960=VECTOR('',#13963,1.0);
#13961=DIRECTION('',(0,0,1));
#13962=DIRECTION('',(-0.11369036248139644,0.04709226192788675,-0.9923995265745363));
#13963=DIRECTION('',(0.9238790386956276,-0.38268462453937563,0));
#13964=FACE_SURFACE('',(#13969),#13965,.T.);
#13965=PLANE('',#13966);
#13966=AXIS2_PLACEMENT_3D('',#686,#13967,#13968);
#13967=DIRECTION('',(-0.38268462453937563,-0.9238790386956276,0));
#13968=DIRECTION('',(0.11369036248139644,-0.04709226192788675,0.9923995265745363));
#13969=FACE_BOUND('',#13970,.T.);
#13970=EDGE_LOOP('',(#13971,#13972,#13973));
#13971=ORIENTED_EDGE('',*,*,#13974,.T.);
#13972=ORIENTED_EDGE('',*,*,#13975,.T.);
#13973=ORIENTED_EDGE('',*,*,#13976,.T.);
#13974=EDGE_CURVE('',#687,#685,#13977,.F.);
#13975=EDGE_CURVE('',#685,#689,#13978,.T.);
#13976=EDGE_CURVE('',#689,#687,#13979,.T.);
#13977=LINE('',#686,#13980);
#13978=LINE('',#684,#13981);
#13979=LINE('',#688,#13982);
#13980=VECTOR('',#13983,1.0);
#13981=VECTOR('',#13984,1.0);
#13982=VECTOR('',#13985,1.0);
#13983=DIRECTION('',(0.11369036248139644,-0.04709226192788675,0.9923995265745363));
#13984=DIRECTION('',(-0.9238790386956276,0.38268462453937563,0));
#13985=DIRECTION('',(0,0,-1));
#13986=FACE_SURFACE('',(#13991),#13987,.T.);
#13987=PLANE('',#13988);
#13988=AXIS2_PLACEMENT_3D('',#686,#13989,#13990);
#13989=DIRECTION('',(-0.13052374684632015,-0.9914451833103016,0));
#13990=DIRECTION('',(0,0,1));
#13991=FACE_BOUND('',#13992,.T.);
#13992=EDGE_LOOP('',(#13993,#13994,#13995));
#13993=ORIENTED_EDGE('',*,*,#13996,.T.);
#13994=ORIENTED_EDGE('',*,*,#13997,.T.);
#13995=ORIENTED_EDGE('',*,*,#13998,.T.);
#13996=EDGE_CURVE('',#687,#689,#13999,.F.);
#13997=EDGE_CURVE('',#689,#691,#14000,.T.);
#13998=EDGE_CURVE('',#691,#687,#14001,.T.);
#13999=LINE('',#686,#14002);
#14000=LINE('',#688,#14003);
#14001=LINE('',#690,#14004);
#14002=VECTOR('',#14005,1.0);
#14003=VECTOR('',#14006,1.0);
#14004=VECTOR('',#14007,1.0);
#14005=DIRECTION('',(0,0,1));
#14006=DIRECTION('',(-0.12200378495984118,0.016061796870323983,-0.9923996650224995));
#14007=DIRECTION('',(0.9914451833103016,-0.13052374684632015,0));
#14008=FACE_SURFACE('',(#14013),#14009,.T.);
#14009=PLANE('',#14010);
#14010=AXIS2_PLACEMENT_3D('',#690,#14011,#14012);
#14011=DIRECTION('',(-0.13052374684632015,-0.9914451833103016,0));
#14012=DIRECTION('',(0.12200378495984118,-0.016061796870323983,0.9923996650224995));
#14013=FACE_BOUND('',#14014,.T.);
#14014=EDGE_LOOP('',(#14015,#14016,#14017));
#14015=ORIENTED_EDGE('',*,*,#14018,.T.);
#14016=ORIENTED_EDGE('',*,*,#14019,.T.);
#14017=ORIENTED_EDGE('',*,*,#14020,.T.);
#14018=EDGE_CURVE('',#691,#689,#14021,.F.);
#14019=EDGE_CURVE('',#689,#693,#14022,.T.);
#14020=EDGE_CURVE('',#693,#691,#14023,.T.);
#14021=LINE('',#690,#14024);
#14022=LINE('',#688,#14025);
#14023=LINE('',#692,#14026);
#14024=VECTOR('',#14027,1.0);
#14025=VECTOR('',#14028,1.0);
#14026=VECTOR('',#14029,1.0);
#14027=DIRECTION('',(0.12200378495984118,-0.016061796870323983,0.9923996650224995));
#14028=DIRECTION('',(-0.9914451833103016,0.13052374684632015,0));
#14029=DIRECTION('',(0,0,-1));
#14030=FACE_SURFACE('',(#14035),#14031,.T.);
#14031=PLANE('',#14032);
#14032=AXIS2_PLACEMENT_3D('',#690,#14033,#14034);
#14033=DIRECTION('',(0.13052175633904972,-0.9914454453585279,0));
#14034=DIRECTION('',(0,0,1));
#14035=FACE_BOUND('',#14036,.T.);
#14036=EDGE_LOOP('',(#14037,#14038,#14039));
#14037=ORIENTED_EDGE('',*,*,#14040,.T.);
#14038=ORIENTED_EDGE('',*,*,#14041,.T.);
#14039=ORIENTED_EDGE('',*,*,#14042,.T.);
#14040=EDGE_CURVE('',#691,#693,#14043,.F.);
#14041=EDGE_CURVE('',#693,#695,#14044,.T.);
#14042=EDGE_CURVE('',#695,#691,#14045,.T.);
#14043=LINE('',#690,#14046);
#14044=LINE('',#692,#14047);
#14045=LINE('',#694,#14048);
#14046=VECTOR('',#14049,1.0);
#14047=VECTOR('',#14050,1.0);
#14048=VECTOR('',#14051,1.0);
#14049=DIRECTION('',(0,0,1));
#14050=DIRECTION('',(-0.12200564963638007,-0.016061793161063407,-0.9923994358408594));
#14051=DIRECTION('',(0.9914454453585279,0.13052175633904972,0));
#14052=FACE_SURFACE('',(#14057),#14053,.T.);
#14053=PLANE('',#14054);
#14054=AXIS2_PLACEMENT_3D('',#694,#14055,#14056);
#14055=DIRECTION('',(0.13052175633904972,-0.9914454453585279,0));
#14056=DIRECTION('',(0.12200564963638007,0.016061793161063407,0.9923994358408594));
#14057=FACE_BOUND('',#14058,.T.);
#14058=EDGE_LOOP('',(#14059,#14060,#14061));
#14059=ORIENTED_EDGE('',*,*,#14062,.T.);
#14060=ORIENTED_EDGE('',*,*,#14063,.T.);
#14061=ORIENTED_EDGE('',*,*,#14064,.T.);
#14062=EDGE_CURVE('',#695,#693,#14065,.F.);
#14063=EDGE_CURVE('',#693,#697,#14066,.T.);
#14064=EDGE_CURVE('',#697,#695,#14067,.T.);
#14065=LINE('',#694,#14068);
#14066=LINE('',#692,#14069);
#14067=LINE('',#696,#14070);
#14068=VECTOR('',#14071,1.0);
#14069=VECTOR('',#14072,1.0);
#14070=VECTOR('',#14073,1.0);
#14071=DIRECTION('',(0.12200564963638007,0.016061793161063407,0.9923994358408594));
#14072=DIRECTION('',(-0.9914454453585279,-0.13052175633904972,0));
#14073=DIRECTION('',(0,0,-1));
#14074=FACE_SURFACE('',(#14079),#14075,.T.);
#14075=PLANE('',#14076);
#14076=AXIS2_PLACEMENT_3D('',#694,#14077,#14078);
#14077=DIRECTION('',(0.38268462453937563,-0.9238790386956276,0));
#14078=DIRECTION('',(0,0,1));
#14079=FACE_BOUND('',#14080,.T.);
#14080=EDGE_LOOP('',(#14081,#14082,#14083));
#14081=ORIENTED_EDGE('',*,*,#14084,.T.);
#14082=ORIENTED_EDGE('',*,*,#14085,.T.);
#14083=ORIENTED_EDGE('',*,*,#14086,.T.);
#14084=EDGE_CURVE('',#695,#697,#14087,.F.);
#14085=EDGE_CURVE('',#697,#699,#14088,.T.);
#14086=EDGE_CURVE('',#699,#695,#14089,.T.);
#14087=LINE('',#694,#14090);
#14088=LINE('',#696,#14091);
#14089=LINE('',#698,#14092);
#14090=VECTOR('',#14093,1.0);
#14091=VECTOR('',#14094,1.0);
#14092=VECTOR('',#14095,1.0);
#14093=DIRECTION('',(0,0,1));
#14094=DIRECTION('',(-0.11369036248139644,-0.04709226192788675,-0.9923995265745363));
#14095=DIRECTION('',(0.9238790386956276,0.38268462453937563,0));
#14096=FACE_SURFACE('',(#14101),#14097,.T.);
#14097=PLANE('',#14098);
#14098=AXIS2_PLACEMENT_3D('',#698,#14099,#14100);
#14099=DIRECTION('',(0.38268462453937563,-0.9238790386956276,0));
#14100=DIRECTION('',(0.11369036248139644,0.04709226192788675,0.9923995265745363));
#14101=FACE_BOUND('',#14102,.T.);
#14102=EDGE_LOOP('',(#14103,#14104,#14105));
#14103=ORIENTED_EDGE('',*,*,#14106,.T.);
#14104=ORIENTED_EDGE('',*,*,#14107,.T.);
#14105=ORIENTED_EDGE('',*,*,#14108,.T.);
#14106=EDGE_CURVE('',#699,#697,#14109,.F.);
#14107=EDGE_CURVE('',#697,#701,#14110,.T.);
#14108=EDGE_CURVE('',#701,#699,#14111,.T.);
#14109=LINE('',#698,#14112);
#14110=LINE('',#696,#14113);
#14111=LINE('',#700,#14114);
#14112=VECTOR('',#14115,1.0);
#14113=VECTOR('',#14116,1.0);
#14114=VECTOR('',#14117,1.0);
#14115=DIRECTION('',(0.11369036248139644,0.04709226192788675,0.9923995265745363));
#14116=DIRECTION('',(-0.9238790386956276,-0.38268462453937563,0));
#14117=DIRECTION('',(0,0,-1));
#14118=FACE_SURFACE('',(#14123),#14119,.T.);
#14119=PLANE('',#14120);
#14120=AXIS2_PLACEMENT_3D('',#698,#14121,#14122);
#14121=DIRECTION('',(0.6087621642329097,-0.7933527761333313,0));
#14122=DIRECTION('',(0,0,1));
#14123=FACE_BOUND('',#14124,.T.);
#14124=EDGE_LOOP('',(#14125,#14126,#14127));
#14125=ORIENTED_EDGE('',*,*,#14128,.T.);
#14126=ORIENTED_EDGE('',*,*,#14129,.T.);
#14127=ORIENTED_EDGE('',*,*,#14130,.T.);
#14128=EDGE_CURVE('',#699,#701,#14131,.F.);
#14129=EDGE_CURVE('',#701,#703,#14132,.T.);
#14130=EDGE_CURVE('',#703,#699,#14133,.T.);
#14131=LINE('',#698,#14134);
#14132=LINE('',#700,#14135);
#14133=LINE('',#702,#14136);
#14134=VECTOR('',#14137,1.0);
#14135=VECTOR('',#14138,1.0);
#14136=VECTOR('',#14139,1.0);
#14137=DIRECTION('',(0,0,1));
#14138=DIRECTION('',(-0.09762762882894928,-0.07491245811793844,-0.9923996018277945));
#14139=DIRECTION('',(0.7933527761333313,0.6087621642329097,0));
#14140=FACE_SURFACE('',(#14145),#14141,.T.);
#14141=PLANE('',#14142);
#14142=AXIS2_PLACEMENT_3D('',#702,#14143,#14144);
#14143=DIRECTION('',(0.6087621642329097,-0.7933527761333313,0));
#14144=DIRECTION('',(0.09762762882894928,0.07491245811793844,0.9923996018277945));
#14145=FACE_BOUND('',#14146,.T.);
#14146=EDGE_LOOP('',(#14147,#14148,#14149));
#14147=ORIENTED_EDGE('',*,*,#14150,.T.);
#14148=ORIENTED_EDGE('',*,*,#14151,.T.);
#14149=ORIENTED_EDGE('',*,*,#14152,.T.);
#14150=EDGE_CURVE('',#703,#701,#14153,.F.);
#14151=EDGE_CURVE('',#701,#705,#14154,.T.);
#14152=EDGE_CURVE('',#705,#703,#14155,.T.);
#14153=LINE('',#702,#14156);
#14154=LINE('',#700,#14157);
#14155=LINE('',#704,#14158);
#14156=VECTOR('',#14159,1.0);
#14157=VECTOR('',#14160,1.0);
#14158=VECTOR('',#14161,1.0);
#14159=DIRECTION('',(0.09762762882894928,0.07491245811793844,0.9923996018277945));
#14160=DIRECTION('',(-0.7933527761333313,-0.6087621642329097,0));
#14161=DIRECTION('',(0,0,-1));
#14162=FACE_SURFACE('',(#14167),#14163,.T.);
#14163=PLANE('',#14164);
#14164=AXIS2_PLACEMENT_3D('',#702,#14165,#14166);
#14165=DIRECTION('',(0.7933593407273636,-0.6087536090083107,0));
#14166=DIRECTION('',(0,0,1));
#14167=FACE_BOUND('',#14168,.T.);
#14168=EDGE_LOOP('',(#14169,#14170,#14171));
#14169=ORIENTED_EDGE('',*,*,#14172,.T.);
#14170=ORIENTED_EDGE('',*,*,#14173,.T.);
#14171=ORIENTED_EDGE('',*,*,#14174,.T.);
#14172=EDGE_CURVE('',#703,#705,#14175,.F.);
#14173=EDGE_CURVE('',#705,#707,#14176,.T.);
#14174=EDGE_CURVE('',#707,#703,#14177,.T.);
#14175=LINE('',#702,#14178);
#14176=LINE('',#704,#14179);
#14177=LINE('',#706,#14180);
#14178=VECTOR('',#14181,1.0);
#14179=VECTOR('',#14182,1.0);
#14180=VECTOR('',#14183,1.0);
#14181=DIRECTION('',(0,0,1));
#14182=DIRECTION('',(-0.07491151008139472,-0.09762857315603236,-0.992399580492073));
#14183=DIRECTION('',(0.6087536090083107,0.7933593407273636,0));
#14184=FACE_SURFACE('',(#14189),#14185,.T.);
#14185=PLANE('',#14186);
#14186=AXIS2_PLACEMENT_3D('',#706,#14187,#14188);
#14187=DIRECTION('',(0.7933593407273636,-0.6087536090083107,0));
#14188=DIRECTION('',(0.07491151008139472,0.09762857315603236,0.992399580492073));
#14189=FACE_BOUND('',#14190,.T.);
#14190=EDGE_LOOP('',(#14191,#14192,#14193));
#14191=ORIENTED_EDGE('',*,*,#14194,.T.);
#14192=ORIENTED_EDGE('',*,*,#14195,.T.);
#14193=ORIENTED_EDGE('',*,*,#14196,.T.);
#14194=EDGE_CURVE('',#707,#705,#14197,.F.);
#14195=EDGE_CURVE('',#705,#709,#14198,.T.);
#14196=EDGE_CURVE('',#709,#707,#14199,.T.);
#14197=LINE('',#706,#14200);
#14198=LINE('',#704,#14201);
#14199=LINE('',#708,#14202);
#14200=VECTOR('',#14203,1.0);
#14201=VECTOR('',#14204,1.0);
#14202=VECTOR('',#14205,1.0);
#14203=DIRECTION('',(0.07491151008139472,0.09762857315603236,0.992399580492073));
#14204=DIRECTION('',(-0.6087536090083107,-0.7933593407273636,0));
#14205=DIRECTION('',(0,0,-1));
#14206=FACE_SURFACE('',(#14211),#14207,.T.);
#14207=PLANE('',#14208);
#14208=AXIS2_PLACEMENT_3D('',#706,#14209,#14210);
#14209=DIRECTION('',(0.9238790386956276,-0.38268462453937563,0));
#14210=DIRECTION('',(0,0,1));
#14211=FACE_BOUND('',#14212,.T.);
#14212=EDGE_LOOP('',(#14213,#14214,#14215));
#14213=ORIENTED_EDGE('',*,*,#14216,.T.);
#14214=ORIENTED_EDGE('',*,*,#14217,.T.);
#14215=ORIENTED_EDGE('',*,*,#14218,.T.);
#14216=EDGE_CURVE('',#707,#709,#14219,.F.);
#14217=EDGE_CURVE('',#709,#711,#14220,.T.);
#14218=EDGE_CURVE('',#711,#707,#14221,.T.);
#14219=LINE('',#706,#14222);
#14220=LINE('',#708,#14223);
#14221=LINE('',#710,#14224);
#14222=VECTOR('',#14225,1.0);
#14223=VECTOR('',#14226,1.0);
#14224=VECTOR('',#14227,1.0);
#14225=DIRECTION('',(0,0,1));
#14226=DIRECTION('',(-0.04709226192788675,-0.11369036248139644,-0.9923995265745363));
#14227=DIRECTION('',(0.38268462453937563,0.9238790386956276,0));
#14228=FACE_SURFACE('',(#14233),#14229,.T.);
#14229=PLANE('',#14230);
#14230=AXIS2_PLACEMENT_3D('',#710,#14231,#14232);
#14231=DIRECTION('',(0.9238790386956276,-0.38268462453937563,0));
#14232=DIRECTION('',(0.04709226192788675,0.11369036248139644,0.9923995265745363));
#14233=FACE_BOUND('',#14234,.T.);
#14234=EDGE_LOOP('',(#14235,#14236,#14237));
#14235=ORIENTED_EDGE('',*,*,#14238,.T.);
#14236=ORIENTED_EDGE('',*,*,#14239,.T.);
#14237=ORIENTED_EDGE('',*,*,#14240,.T.);
#14238=EDGE_CURVE('',#711,#709,#14241,.F.);
#14239=EDGE_CURVE('',#709,#713,#14242,.T.);
#14240=EDGE_CURVE('',#713,#711,#14243,.T.);
#14241=LINE('',#710,#14244);
#14242=LINE('',#708,#14245);
#14243=LINE('',#712,#14246);
#14244=VECTOR('',#14247,1.0);
#14245=VECTOR('',#14248,1.0);
#14246=VECTOR('',#14249,1.0);
#14247=DIRECTION('',(0.04709226192788675,0.11369036248139644,0.9923995265745363));
#14248=DIRECTION('',(-0.38268462453937563,-0.9238790386956276,0));
#14249=DIRECTION('',(0,0,-1));
#14250=FACE_SURFACE('',(#14255),#14251,.T.);
#14251=PLANE('',#14252);
#14252=AXIS2_PLACEMENT_3D('',#710,#14253,#14254);
#14253=DIRECTION('',(0.9914443190544547,-0.1305303114784014,0));
#14254=DIRECTION('',(0,0,1));
#14255=FACE_BOUND('',#14256,.T.);
#14256=EDGE_LOOP('',(#14257,#14258,#14259));
#14257=ORIENTED_EDGE('',*,*,#14260,.T.);
#14258=ORIENTED_EDGE('',*,*,#14261,.T.);
#14259=ORIENTED_EDGE('',*,*,#14262,.T.);
#14260=EDGE_CURVE('',#711,#713,#14263,.F.);
#14261=EDGE_CURVE('',#713,#715,#14264,.T.);
#14262=EDGE_CURVE('',#715,#711,#14265,.T.);
#14263=LINE('',#710,#14266);
#14264=LINE('',#712,#14267);
#14265=LINE('',#714,#14268);
#14266=VECTOR('',#14269,1.0);
#14267=VECTOR('',#14270,1.0);
#14268=VECTOR('',#14271,1.0);
#14269=DIRECTION('',(0,0,1));
#14270=DIRECTION('',(-0.016062741197481693,-0.12200471544358722,-0.9923995353458969));
#14271=DIRECTION('',(0.1305303114784014,0.9914443190544547,0));
#14272=FACE_SURFACE('',(#14277),#14273,.T.);
#14273=PLANE('',#14274);
#14274=AXIS2_PLACEMENT_3D('',#714,#14275,#14276);
#14275=DIRECTION('',(0.9914443190544547,-0.1305303114784014,0));
#14276=DIRECTION('',(0.016062741197481693,0.12200471544358722,0.9923995353458969));
#14277=FACE_BOUND('',#14278,.T.);
#14278=EDGE_LOOP('',(#14279,#14280,#14281));
#14279=ORIENTED_EDGE('',*,*,#14282,.T.);
#14280=ORIENTED_EDGE('',*,*,#14283,.T.);
#14281=ORIENTED_EDGE('',*,*,#14284,.T.);
#14282=EDGE_CURVE('',#715,#713,#14285,.F.);
#14283=EDGE_CURVE('',#713,#717,#14286,.T.);
#14284=EDGE_CURVE('',#717,#715,#14287,.T.);
#14285=LINE('',#714,#14288);
#14286=LINE('',#712,#14289);
#14287=LINE('',#716,#14290);
#14288=VECTOR('',#14291,1.0);
#14289=VECTOR('',#14292,1.0);
#14290=VECTOR('',#14293,1.0);
#14291=DIRECTION('',(0.016062741197481693,0.12200471544358722,0.9923995353458969));
#14292=DIRECTION('',(-0.1305303114784014,-0.9914443190544547,0));
#14293=DIRECTION('',(0,0,-1));
#14294=FACE_SURFACE('',(#14299),#14295,.T.);
#14295=PLANE('',#14296);
#14296=AXIS2_PLACEMENT_3D('',#714,#14297,#14298);
#14297=DIRECTION('',(0.9914443190544547,0.1305303114784014,-0));
#14298=DIRECTION('',(0,0,1));
#14299=FACE_BOUND('',#14300,.T.);
#14300=EDGE_LOOP('',(#14301,#14302,#14303));
#14301=ORIENTED_EDGE('',*,*,#14304,.T.);
#14302=ORIENTED_EDGE('',*,*,#14305,.T.);
#14303=ORIENTED_EDGE('',*,*,#14306,.T.);
#14304=EDGE_CURVE('',#715,#717,#14307,.F.);
#14305=EDGE_CURVE('',#717,#719,#14308,.T.);
#14306=EDGE_CURVE('',#719,#715,#14309,.T.);
#14307=LINE('',#714,#14310);
#14308=LINE('',#716,#14311);
#14309=LINE('',#718,#14312);
#14310=VECTOR('',#14313,1.0);
#14311=VECTOR('',#14314,1.0);
#14312=VECTOR('',#14315,1.0);
#14313=DIRECTION('',(0,0,1));
#14314=DIRECTION('',(0.016062741197481693,-0.12200471544358722,-0.9923995353458969));
#14315=DIRECTION('',(-0.1305303114784014,0.9914443190544547,0));
#14316=FACE_SURFACE('',(#14321),#14317,.T.);
#14317=PLANE('',#14318);
#14318=AXIS2_PLACEMENT_3D('',#718,#14319,#14320);
#14319=DIRECTION('',(0.9914443190544547,0.1305303114784014,-0));
#14320=DIRECTION('',(-0.016062741197481693,0.12200471544358722,0.9923995353458969));
#14321=FACE_BOUND('',#14322,.T.);
#14322=EDGE_LOOP('',(#14323,#14324,#14325));
#14323=ORIENTED_EDGE('',*,*,#14326,.T.);
#14324=ORIENTED_EDGE('',*,*,#14327,.T.);
#14325=ORIENTED_EDGE('',*,*,#14328,.T.);
#14326=EDGE_CURVE('',#719,#717,#14329,.F.);
#14327=EDGE_CURVE('',#717,#721,#14330,.T.);
#14328=EDGE_CURVE('',#721,#719,#14331,.T.);
#14329=LINE('',#718,#14332);
#14330=LINE('',#716,#14333);
#14331=LINE('',#720,#14334);
#14332=VECTOR('',#14335,1.0);
#14333=VECTOR('',#14336,1.0);
#14334=VECTOR('',#14337,1.0);
#14335=DIRECTION('',(-0.016062741197481693,0.12200471544358722,0.9923995353458969));
#14336=DIRECTION('',(0.1305303114784014,-0.9914443190544547,0));
#14337=DIRECTION('',(0,0,-1));
#14338=FACE_SURFACE('',(#14343),#14339,.T.);
#14339=PLANE('',#14340);
#14340=AXIS2_PLACEMENT_3D('',#718,#14341,#14342);
#14341=DIRECTION('',(0.9238779123679569,0.3826873437136716,-0));
#14342=DIRECTION('',(0,0,1));
#14343=FACE_BOUND('',#14344,.T.);
#14344=EDGE_LOOP('',(#14345,#14346,#14347));
#14345=ORIENTED_EDGE('',*,*,#14348,.T.);
#14346=ORIENTED_EDGE('',*,*,#14349,.T.);
#14347=ORIENTED_EDGE('',*,*,#14350,.T.);
#14348=EDGE_CURVE('',#719,#721,#14351,.F.);
#14349=EDGE_CURVE('',#721,#723,#14352,.T.);
#14350=EDGE_CURVE('',#723,#719,#14353,.T.);
#14351=LINE('',#718,#14354);
#14352=LINE('',#720,#14355);
#14353=LINE('',#722,#14356);
#14354=VECTOR('',#14357,1.0);
#14355=VECTOR('',#14358,1.0);
#14356=VECTOR('',#14359,1.0);
#14357=DIRECTION('',(0,0,1));
#14358=DIRECTION('',(0.04709226699497071,-0.11368942828833266,-0.9923996333558102));
#14359=DIRECTION('',(-0.3826873437136716,0.9238779123679569,0));
#14360=FACE_SURFACE('',(#14365),#14361,.T.);
#14361=PLANE('',#14362);
#14362=AXIS2_PLACEMENT_3D('',#722,#14363,#14364);
#14363=DIRECTION('',(0.9238779123679569,0.3826873437136716,-0));
#14364=DIRECTION('',(-0.04709226699497071,0.11368942828833266,0.9923996333558102));
#14365=FACE_BOUND('',#14366,.T.);
#14366=EDGE_LOOP('',(#14367,#14368,#14369));
#14367=ORIENTED_EDGE('',*,*,#14370,.T.);
#14368=ORIENTED_EDGE('',*,*,#14371,.T.);
#14369=ORIENTED_EDGE('',*,*,#14372,.T.);
#14370=EDGE_CURVE('',#723,#721,#14373,.F.);
#14371=EDGE_CURVE('',#721,#725,#14374,.T.);
#14372=EDGE_CURVE('',#725,#723,#14375,.T.);
#14373=LINE('',#722,#14376);
#14374=LINE('',#720,#14377);
#14375=LINE('',#724,#14378);
#14376=VECTOR('',#14379,1.0);
#14377=VECTOR('',#14380,1.0);
#14378=VECTOR('',#14381,1.0);
#14379=DIRECTION('',(-0.04709226699497071,0.11368942828833266,0.9923996333558102));
#14380=DIRECTION('',(0.3826873437136716,-0.9238779123679569,0));
#14381=DIRECTION('',(0,0,-1));
#14382=FACE_SURFACE('',(#14387),#14383,.T.);
#14383=PLANE('',#14384);
#14384=AXIS2_PLACEMENT_3D('',#722,#14385,#14386);
#14385=DIRECTION('',(0.7933593407273636,0.6087536090083107,-0));
#14386=DIRECTION('',(0,0,1));
#14387=FACE_BOUND('',#14388,.T.);
#14388=EDGE_LOOP('',(#14389,#14390,#14391));
#14389=ORIENTED_EDGE('',*,*,#14392,.T.);
#14390=ORIENTED_EDGE('',*,*,#14393,.T.);
#14391=ORIENTED_EDGE('',*,*,#14394,.T.);
#14392=EDGE_CURVE('',#723,#725,#14395,.F.);
#14393=EDGE_CURVE('',#725,#727,#14396,.T.);
#14394=EDGE_CURVE('',#727,#723,#14397,.T.);
#14395=LINE('',#722,#14398);
#14396=LINE('',#724,#14399);
#14397=LINE('',#726,#14400);
#14398=VECTOR('',#14401,1.0);
#14399=VECTOR('',#14402,1.0);
#14400=VECTOR('',#14403,1.0);
#14401=DIRECTION('',(0,0,1));
#14402=DIRECTION('',(0.07491151008139472,-0.09762857315603236,-0.992399580492073));
#14403=DIRECTION('',(-0.6087536090083107,0.7933593407273636,0));
#14404=FACE_SURFACE('',(#14409),#14405,.T.);
#14405=PLANE('',#14406);
#14406=AXIS2_PLACEMENT_3D('',#726,#14407,#14408);
#14407=DIRECTION('',(0.7933593407273636,0.6087536090083107,-0));
#14408=DIRECTION('',(-0.07491151008139472,0.09762857315603236,0.992399580492073));
#14409=FACE_BOUND('',#14410,.T.);
#14410=EDGE_LOOP('',(#14411,#14412,#14413));
#14411=ORIENTED_EDGE('',*,*,#14414,.T.);
#14412=ORIENTED_EDGE('',*,*,#14415,.T.);
#14413=ORIENTED_EDGE('',*,*,#14416,.T.);
#14414=EDGE_CURVE('',#727,#725,#14417,.F.);
#14415=EDGE_CURVE('',#725,#729,#14418,.T.);
#14416=EDGE_CURVE('',#729,#727,#14419,.T.);
#14417=LINE('',#726,#14420);
#14418=LINE('',#724,#14421);
#14419=LINE('',#728,#14422);
#14420=VECTOR('',#14423,1.0);
#14421=VECTOR('',#14424,1.0);
#14422=VECTOR('',#14425,1.0);
#14423=DIRECTION('',(-0.07491151008139472,0.09762857315603236,0.992399580492073));
#14424=DIRECTION('',(0.6087536090083107,-0.7933593407273636,0));
#14425=DIRECTION('',(0,0,-1));
#14426=FACE_SURFACE('',(#14431),#14427,.T.);
#14427=PLANE('',#14428);
#14428=AXIS2_PLACEMENT_3D('',#726,#14429,#14430);
#14429=DIRECTION('',(0.6087621642329097,0.7933527761333313,-0));
#14430=DIRECTION('',(0,0,1));
#14431=FACE_BOUND('',#14432,.T.);
#14432=EDGE_LOOP('',(#14433,#14434,#14435));
#14433=ORIENTED_EDGE('',*,*,#14436,.T.);
#14434=ORIENTED_EDGE('',*,*,#14437,.T.);
#14435=ORIENTED_EDGE('',*,*,#14438,.T.);
#14436=EDGE_CURVE('',#727,#729,#14439,.F.);
#14437=EDGE_CURVE('',#729,#731,#14440,.T.);
#14438=EDGE_CURVE('',#731,#727,#14441,.T.);
#14439=LINE('',#726,#14442);
#14440=LINE('',#728,#14443);
#14441=LINE('',#730,#14444);
#14442=VECTOR('',#14445,1.0);
#14443=VECTOR('',#14446,1.0);
#14444=VECTOR('',#14447,1.0);
#14445=DIRECTION('',(0,0,1));
#14446=DIRECTION('',(0.09762762882894928,-0.07491245811793844,-0.9923996018277945));
#14447=DIRECTION('',(-0.7933527761333313,0.6087621642329097,0));
#14448=FACE_SURFACE('',(#14453),#14449,.T.);
#14449=PLANE('',#14450);
#14450=AXIS2_PLACEMENT_3D('',#730,#14451,#14452);
#14451=DIRECTION('',(0.6087621642329097,0.7933527761333313,-0));
#14452=DIRECTION('',(-0.09762762882894928,0.07491245811793844,0.9923996018277945));
#14453=FACE_BOUND('',#14454,.T.);
#14454=EDGE_LOOP('',(#14455,#14456,#14457));
#14455=ORIENTED_EDGE('',*,*,#14458,.T.);
#14456=ORIENTED_EDGE('',*,*,#14459,.T.);
#14457=ORIENTED_EDGE('',*,*,#14460,.T.);
#14458=EDGE_CURVE('',#731,#729,#14461,.F.);
#14459=EDGE_CURVE('',#729,#733,#14462,.T.);
#14460=EDGE_CURVE('',#733,#731,#14463,.T.);
#14461=LINE('',#730,#14464);
#14462=LINE('',#728,#14465);
#14463=LINE('',#732,#14466);
#14464=VECTOR('',#14467,1.0);
#14465=VECTOR('',#14468,1.0);
#14466=VECTOR('',#14469,1.0);
#14467=DIRECTION('',(-0.09762762882894928,0.07491245811793844,0.9923996018277945));
#14468=DIRECTION('',(0.7933527761333313,-0.6087621642329097,0));
#14469=DIRECTION('',(0,0,-1));
#14470=FACE_SURFACE('',(#14475),#14471,.T.);
#14471=PLANE('',#14472);
#14472=AXIS2_PLACEMENT_3D('',#730,#14473,#14474);
#14473=DIRECTION('',(0.38268462453937563,0.9238790386956276,-0));
#14474=DIRECTION('',(0,0,1));
#14475=FACE_BOUND('',#14476,.T.);
#14476=EDGE_LOOP('',(#14477,#14478,#14479));
#14477=ORIENTED_EDGE('',*,*,#14480,.T.);
#14478=ORIENTED_EDGE('',*,*,#14481,.T.);
#14479=ORIENTED_EDGE('',*,*,#14482,.T.);
#14480=EDGE_CURVE('',#731,#733,#14483,.F.);
#14481=EDGE_CURVE('',#733,#735,#14484,.T.);
#14482=EDGE_CURVE('',#735,#731,#14485,.T.);
#14483=LINE('',#730,#14486);
#14484=LINE('',#732,#14487);
#14485=LINE('',#734,#14488);
#14486=VECTOR('',#14489,1.0);
#14487=VECTOR('',#14490,1.0);
#14488=VECTOR('',#14491,1.0);
#14489=DIRECTION('',(0,0,1));
#14490=DIRECTION('',(0.11369036248139644,-0.04709226192788675,-0.9923995265745363));
#14491=DIRECTION('',(-0.9238790386956276,0.38268462453937563,0));
#14492=FACE_SURFACE('',(#14497),#14493,.T.);
#14493=PLANE('',#14494);
#14494=AXIS2_PLACEMENT_3D('',#734,#14495,#14496);
#14495=DIRECTION('',(0.38268462453937563,0.9238790386956276,-0));
#14496=DIRECTION('',(-0.11369036248139644,0.04709226192788675,0.9923995265745363));
#14497=FACE_BOUND('',#14498,.T.);
#14498=EDGE_LOOP('',(#14499,#14500,#14501));
#14499=ORIENTED_EDGE('',*,*,#14502,.T.);
#14500=ORIENTED_EDGE('',*,*,#14503,.T.);
#14501=ORIENTED_EDGE('',*,*,#14504,.T.);
#14502=EDGE_CURVE('',#735,#733,#14505,.F.);
#14503=EDGE_CURVE('',#733,#737,#14506,.T.);
#14504=EDGE_CURVE('',#737,#735,#14507,.T.);
#14505=LINE('',#734,#14508);
#14506=LINE('',#732,#14509);
#14507=LINE('',#736,#14510);
#14508=VECTOR('',#14511,1.0);
#14509=VECTOR('',#14512,1.0);
#14510=VECTOR('',#14513,1.0);
#14511=DIRECTION('',(-0.11369036248139644,0.04709226192788675,0.9923995265745363));
#14512=DIRECTION('',(0.9238790386956276,-0.38268462453937563,0));
#14513=DIRECTION('',(0,0,-1));
#14514=FACE_SURFACE('',(#14519),#14515,.T.);
#14515=PLANE('',#14516);
#14516=AXIS2_PLACEMENT_3D('',#734,#14517,#14518);
#14517=DIRECTION('',(0.13052175633904972,0.9914454453585279,-0));
#14518=DIRECTION('',(0,0,1));
#14519=FACE_BOUND('',#14520,.T.);
#14520=EDGE_LOOP('',(#14521,#14522,#14523));
#14521=ORIENTED_EDGE('',*,*,#14524,.T.);
#14522=ORIENTED_EDGE('',*,*,#14525,.T.);
#14523=ORIENTED_EDGE('',*,*,#14526,.T.);
#14524=EDGE_CURVE('',#735,#737,#14527,.F.);
#14525=EDGE_CURVE('',#737,#739,#14528,.T.);
#14526=EDGE_CURVE('',#739,#735,#14529,.T.);
#14527=LINE('',#734,#14530);
#14528=LINE('',#736,#14531);
#14529=LINE('',#738,#14532);
#14530=VECTOR('',#14533,1.0);
#14531=VECTOR('',#14534,1.0);
#14532=VECTOR('',#14535,1.0);
#14533=DIRECTION('',(0,0,1));
#14534=DIRECTION('',(0.12200564963638007,-0.016061793161063407,-0.9923994358408594));
#14535=DIRECTION('',(-0.9914454453585279,0.13052175633904972,0));
#14536=FACE_SURFACE('',(#14541),#14537,.T.);
#14537=PLANE('',#14538);
#14538=AXIS2_PLACEMENT_3D('',#738,#14539,#14540);
#14539=DIRECTION('',(0.13052175633904972,0.9914454453585279,-0));
#14540=DIRECTION('',(-0.12200564963638007,0.016061793161063407,0.9923994358408594));
#14541=FACE_BOUND('',#14542,.T.);
#14542=EDGE_LOOP('',(#14543,#14544,#14545));
#14543=ORIENTED_EDGE('',*,*,#14546,.T.);
#14544=ORIENTED_EDGE('',*,*,#14547,.T.);
#14545=ORIENTED_EDGE('',*,*,#14548,.T.);
#14546=EDGE_CURVE('',#739,#737,#14549,.F.);
#14547=EDGE_CURVE('',#737,#741,#14550,.T.);
#14548=EDGE_CURVE('',#741,#739,#14551,.T.);
#14549=LINE('',#738,#14552);
#14550=LINE('',#736,#14553);
#14551=LINE('',#740,#14554);
#14552=VECTOR('',#14555,1.0);
#14553=VECTOR('',#14556,1.0);
#14554=VECTOR('',#14557,1.0);
#14555=DIRECTION('',(-0.12200564963638007,0.016061793161063407,0.9923994358408594));
#14556=DIRECTION('',(0.9914454453585279,-0.13052175633904972,0));
#14557=DIRECTION('',(0,0,-1));
#14558=FACE_SURFACE('',(#14563),#14559,.T.);
#14559=PLANE('',#14560);
#14560=AXIS2_PLACEMENT_3D('',#738,#14561,#14562);
#14561=DIRECTION('',(-0.13052374684632015,0.9914451833103016,0));
#14562=DIRECTION('',(0,0,1));
#14563=FACE_BOUND('',#14564,.T.);
#14564=EDGE_LOOP('',(#14565,#14566,#14567));
#14565=ORIENTED_EDGE('',*,*,#14568,.T.);
#14566=ORIENTED_EDGE('',*,*,#14569,.T.);
#14567=ORIENTED_EDGE('',*,*,#14570,.T.);
#14568=EDGE_CURVE('',#739,#741,#14571,.F.);
#14569=EDGE_CURVE('',#741,#743,#14572,.T.);
#14570=EDGE_CURVE('',#743,#739,#14573,.T.);
#14571=LINE('',#738,#14574);
#14572=LINE('',#740,#14575);
#14573=LINE('',#742,#14576);
#14574=VECTOR('',#14577,1.0);
#14575=VECTOR('',#14578,1.0);
#14576=VECTOR('',#14579,1.0);
#14577=DIRECTION('',(0,0,1));
#14578=DIRECTION('',(0.12200378495984118,0.016061796870323983,-0.9923996650224995));
#14579=DIRECTION('',(-0.9914451833103016,-0.13052374684632015,0));
#14580=FACE_SURFACE('',(#14585),#14581,.T.);
#14581=PLANE('',#14582);
#14582=AXIS2_PLACEMENT_3D('',#742,#14583,#14584);
#14583=DIRECTION('',(-0.13052374684632015,0.9914451833103016,0));
#14584=DIRECTION('',(-0.12200378495984118,-0.016061796870323983,0.9923996650224995));
#14585=FACE_BOUND('',#14586,.T.);
#14586=EDGE_LOOP('',(#14587,#14588,#14589));
#14587=ORIENTED_EDGE('',*,*,#14590,.T.);
#14588=ORIENTED_EDGE('',*,*,#14591,.T.);
#14589=ORIENTED_EDGE('',*,*,#14592,.T.);
#14590=EDGE_CURVE('',#743,#741,#14593,.F.);
#14591=EDGE_CURVE('',#741,#745,#14594,.T.);
#14592=EDGE_CURVE('',#745,#743,#14595,.T.);
#14593=LINE('',#742,#14596);
#14594=LINE('',#740,#14597);
#14595=LINE('',#744,#14598);
#14596=VECTOR('',#14599,1.0);
#14597=VECTOR('',#14600,1.0);
#14598=VECTOR('',#14601,1.0);
#14599=DIRECTION('',(-0.12200378495984118,-0.016061796870323983,0.9923996650224995));
#14600=DIRECTION('',(0.9914451833103016,0.13052374684632015,0));
#14601=DIRECTION('',(0,0,-1));
#14602=FACE_SURFACE('',(#14607),#14603,.T.);
#14603=PLANE('',#14604);
#14604=AXIS2_PLACEMENT_3D('',#742,#14605,#14606);
#14605=DIRECTION('',(-0.38268462453937563,0.9238790386956276,0));
#14606=DIRECTION('',(0,0,1));
#14607=FACE_BOUND('',#14608,.T.);
#14608=EDGE_LOOP('',(#14609,#14610,#14611));
#14609=ORIENTED_EDGE('',*,*,#14612,.T.);
#14610=ORIENTED_EDGE('',*,*,#14613,.T.);
#14611=ORIENTED_EDGE('',*,*,#14614,.T.);
#14612=EDGE_CURVE('',#743,#745,#14615,.F.);
#14613=EDGE_CURVE('',#745,#747,#14616,.T.);
#14614=EDGE_CURVE('',#747,#743,#14617,.T.);
#14615=LINE('',#742,#14618);
#14616=LINE('',#744,#14619);
#14617=LINE('',#746,#14620);
#14618=VECTOR('',#14621,1.0);
#14619=VECTOR('',#14622,1.0);
#14620=VECTOR('',#14623,1.0);
#14621=DIRECTION('',(0,0,1));
#14622=DIRECTION('',(0.11369036248139644,0.04709226192788675,-0.9923995265745363));
#14623=DIRECTION('',(-0.9238790386956276,-0.38268462453937563,0));
#14624=FACE_SURFACE('',(#14629),#14625,.T.);
#14625=PLANE('',#14626);
#14626=AXIS2_PLACEMENT_3D('',#746,#14627,#14628);
#14627=DIRECTION('',(-0.38268462453937563,0.9238790386956276,0));
#14628=DIRECTION('',(-0.11369036248139644,-0.04709226192788675,0.9923995265745363));
#14629=FACE_BOUND('',#14630,.T.);
#14630=EDGE_LOOP('',(#14631,#14632,#14633));
#14631=ORIENTED_EDGE('',*,*,#14634,.T.);
#14632=ORIENTED_EDGE('',*,*,#14635,.T.);
#14633=ORIENTED_EDGE('',*,*,#14636,.T.);
#14634=EDGE_CURVE('',#747,#745,#14637,.F.);
#14635=EDGE_CURVE('',#745,#749,#14638,.T.);
#14636=EDGE_CURVE('',#749,#747,#14639,.T.);
#14637=LINE('',#746,#14640);
#14638=LINE('',#744,#14641);
#14639=LINE('',#748,#14642);
#14640=VECTOR('',#14643,1.0);
#14641=VECTOR('',#14644,1.0);
#14642=VECTOR('',#14645,1.0);
#14643=DIRECTION('',(-0.11369036248139644,-0.04709226192788675,0.9923995265745363));
#14644=DIRECTION('',(0.9238790386956276,0.38268462453937563,0));
#14645=DIRECTION('',(0,0,-1));
#14646=FACE_SURFACE('',(#14651),#14647,.T.);
#14647=PLANE('',#14648);
#14648=AXIS2_PLACEMENT_3D('',#746,#14649,#14650);
#14649=DIRECTION('',(-0.6087547354010867,0.7933584764321566,0));
#14650=DIRECTION('',(0,0,1));
#14651=FACE_BOUND('',#14652,.T.);
#14652=EDGE_LOOP('',(#14653,#14654,#14655));
#14653=ORIENTED_EDGE('',*,*,#14656,.T.);
#14654=ORIENTED_EDGE('',*,*,#14657,.T.);
#14655=ORIENTED_EDGE('',*,*,#14658,.T.);
#14656=EDGE_CURVE('',#747,#749,#14659,.F.);
#14657=EDGE_CURVE('',#749,#751,#14660,.T.);
#14658=EDGE_CURVE('',#751,#747,#14661,.T.);
#14659=LINE('',#746,#14662);
#14660=LINE('',#748,#14663);
#14661=LINE('',#750,#14664);
#14662=VECTOR('',#14665,1.0);
#14663=VECTOR('',#14666,1.0);
#14664=VECTOR('',#14667,1.0);
#14665=DIRECTION('',(0,0,1));
#14666=DIRECTION('',(0.09762950363938937,0.07491244427438624,-0.9923994184359257));
#14667=DIRECTION('',(-0.7933584764321566,-0.6087547354010867,0));
#14668=FACE_SURFACE('',(#14673),#14669,.T.);
#14669=PLANE('',#14670);
#14670=AXIS2_PLACEMENT_3D('',#750,#14671,#14672);
#14671=DIRECTION('',(-0.6087547354010867,0.7933584764321566,0));
#14672=DIRECTION('',(-0.09762950363938937,-0.07491244427438624,0.9923994184359257));
#14673=FACE_BOUND('',#14674,.T.);
#14674=EDGE_LOOP('',(#14675,#14676,#14677));
#14675=ORIENTED_EDGE('',*,*,#14678,.T.);
#14676=ORIENTED_EDGE('',*,*,#14679,.T.);
#14677=ORIENTED_EDGE('',*,*,#14680,.T.);
#14678=EDGE_CURVE('',#751,#749,#14681,.F.);
#14679=EDGE_CURVE('',#749,#753,#14682,.T.);
#14680=EDGE_CURVE('',#753,#751,#14683,.T.);
#14681=LINE('',#750,#14684);
#14682=LINE('',#748,#14685);
#14683=LINE('',#752,#14686);
#14684=VECTOR('',#14687,1.0);
#14685=VECTOR('',#14688,1.0);
#14686=VECTOR('',#14689,1.0);
#14687=DIRECTION('',(-0.09762950363938937,-0.07491244427438624,0.9923994184359257));
#14688=DIRECTION('',(0.7933584764321566,0.6087547354010867,0));
#14689=DIRECTION('',(0,0,-1));
#14690=FACE_SURFACE('',(#14695),#14691,.T.);
#14691=PLANE('',#14692);
#14692=AXIS2_PLACEMENT_3D('',#750,#14693,#14694);
#14693=DIRECTION('',(-0.7933593407273636,0.6087536090083107,0));
#14694=DIRECTION('',(0,0,1));
#14695=FACE_BOUND('',#14696,.T.);
#14696=EDGE_LOOP('',(#14697,#14698,#14699));
#14697=ORIENTED_EDGE('',*,*,#14700,.T.);
#14698=ORIENTED_EDGE('',*,*,#14701,.T.);
#14699=ORIENTED_EDGE('',*,*,#14702,.T.);
#14700=EDGE_CURVE('',#751,#753,#14703,.F.);
#14701=EDGE_CURVE('',#753,#755,#14704,.T.);
#14702=EDGE_CURVE('',#755,#751,#14705,.T.);
#14703=LINE('',#750,#14706);
#14704=LINE('',#752,#14707);
#14705=LINE('',#754,#14708);
#14706=VECTOR('',#14709,1.0);
#14707=VECTOR('',#14710,1.0);
#14708=VECTOR('',#14711,1.0);
#14709=DIRECTION('',(0,0,1));
#14710=DIRECTION('',(0.07491151008139472,0.09762857315603236,-0.992399580492073));
#14711=DIRECTION('',(-0.6087536090083107,-0.7933593407273636,0));
#14712=FACE_SURFACE('',(#14717),#14713,.T.);
#14713=PLANE('',#14714);
#14714=AXIS2_PLACEMENT_3D('',#754,#14715,#14716);
#14715=DIRECTION('',(-0.7933593407273636,0.6087536090083107,0));
#14716=DIRECTION('',(-0.07491151008139472,-0.09762857315603236,0.992399580492073));
#14717=FACE_BOUND('',#14718,.T.);
#14718=EDGE_LOOP('',(#14719,#14720,#14721));
#14719=ORIENTED_EDGE('',*,*,#14722,.T.);
#14720=ORIENTED_EDGE('',*,*,#14723,.T.);
#14721=ORIENTED_EDGE('',*,*,#14724,.T.);
#14722=EDGE_CURVE('',#755,#753,#14725,.F.);
#14723=EDGE_CURVE('',#753,#757,#14726,.T.);
#14724=EDGE_CURVE('',#757,#755,#14727,.T.);
#14725=LINE('',#754,#14728);
#14726=LINE('',#752,#14729);
#14727=LINE('',#756,#14730);
#14728=VECTOR('',#14731,1.0);
#14729=VECTOR('',#14732,1.0);
#14730=VECTOR('',#14733,1.0);
#14731=DIRECTION('',(-0.07491151008139472,-0.09762857315603236,0.992399580492073));
#14732=DIRECTION('',(0.6087536090083107,0.7933593407273636,0));
#14733=DIRECTION('',(0,0,-1));
#14734=FACE_SURFACE('',(#14739),#14735,.T.);
#14735=PLANE('',#14736);
#14736=AXIS2_PLACEMENT_3D('',#754,#14737,#14738);
#14737=DIRECTION('',(-0.9238779123679569,0.3826873437136716,0));
#14738=DIRECTION('',(0,0,1));
#14739=FACE_BOUND('',#14740,.T.);
#14740=EDGE_LOOP('',(#14741,#14742,#14743));
#14741=ORIENTED_EDGE('',*,*,#14744,.T.);
#14742=ORIENTED_EDGE('',*,*,#14745,.T.);
#14743=ORIENTED_EDGE('',*,*,#14746,.T.);
#14744=EDGE_CURVE('',#755,#757,#14747,.F.);
#14745=EDGE_CURVE('',#757,#759,#14748,.T.);
#14746=EDGE_CURVE('',#759,#755,#14749,.T.);
#14747=LINE('',#754,#14750);
#14748=LINE('',#756,#14751);
#14749=LINE('',#758,#14752);
#14750=VECTOR('',#14753,1.0);
#14751=VECTOR('',#14754,1.0);
#14752=VECTOR('',#14755,1.0);
#14753=DIRECTION('',(0,0,1));
#14754=DIRECTION('',(0.04709226699497071,0.11368942828833266,-0.9923996333558102));
#14755=DIRECTION('',(-0.3826873437136716,-0.9238779123679569,0));
#14756=FACE_SURFACE('',(#14761),#14757,.T.);
#14757=PLANE('',#14758);
#14758=AXIS2_PLACEMENT_3D('',#758,#14759,#14760);
#14759=DIRECTION('',(-0.9238779123679569,0.3826873437136716,0));
#14760=DIRECTION('',(-0.04709226699497071,-0.11368942828833266,0.9923996333558102));
#14761=FACE_BOUND('',#14762,.T.);
#14762=EDGE_LOOP('',(#14763,#14764,#14765));
#14763=ORIENTED_EDGE('',*,*,#14766,.T.);
#14764=ORIENTED_EDGE('',*,*,#14767,.T.);
#14765=ORIENTED_EDGE('',*,*,#14768,.T.);
#14766=EDGE_CURVE('',#759,#757,#14769,.F.);
#14767=EDGE_CURVE('',#757,#761,#14770,.T.);
#14768=EDGE_CURVE('',#761,#759,#14771,.T.);
#14769=LINE('',#758,#14772);
#14770=LINE('',#756,#14773);
#14771=LINE('',#760,#14774);
#14772=VECTOR('',#14775,1.0);
#14773=VECTOR('',#14776,1.0);
#14774=VECTOR('',#14777,1.0);
#14775=DIRECTION('',(-0.04709226699497071,-0.11368942828833266,0.9923996333558102));
#14776=DIRECTION('',(0.3826873437136716,0.9238779123679569,0));
#14777=DIRECTION('',(0,0,-1));
#14778=FACE_SURFACE('',(#14783),#14779,.T.);
#14779=PLANE('',#14780);
#14780=AXIS2_PLACEMENT_3D('',#758,#14781,#14782);
#14781=DIRECTION('',(-0.9914443190544547,0.1305303114784014,0));
#14782=DIRECTION('',(0,0,1));
#14783=FACE_BOUND('',#14784,.T.);
#14784=EDGE_LOOP('',(#14785,#14786,#14787));
#14785=ORIENTED_EDGE('',*,*,#14788,.T.);
#14786=ORIENTED_EDGE('',*,*,#14789,.T.);
#14787=ORIENTED_EDGE('',*,*,#14790,.T.);
#14788=EDGE_CURVE('',#759,#761,#14791,.F.);
#14789=EDGE_CURVE('',#761,#667,#14792,.T.);
#14790=EDGE_CURVE('',#667,#759,#14793,.T.);
#14791=LINE('',#758,#14794);
#14792=LINE('',#760,#14795);
#14793=LINE('',#666,#14796);
#14794=VECTOR('',#14797,1.0);
#14795=VECTOR('',#14798,1.0);
#14796=VECTOR('',#14799,1.0);
#14797=DIRECTION('',(0,0,1));
#14798=DIRECTION('',(0.016062741197481693,0.12200471544358722,-0.9923995353458969));
#14799=DIRECTION('',(-0.1305303114784014,-0.9914443190544547,0));
#14800=FACE_SURFACE('',(#14805),#14801,.T.);
#14801=PLANE('',#14802);
#14802=AXIS2_PLACEMENT_3D('',#666,#14803,#14804);
#14803=DIRECTION('',(-0.9914443190544547,0.1305303114784014,0));
#14804=DIRECTION('',(-0.016062741197481693,-0.12200471544358722,0.9923995353458969));
#14805=FACE_BOUND('',#14806,.T.);
#14806=EDGE_LOOP('',(#14807,#14808,#14809));
#14807=ORIENTED_EDGE('',*,*,#14810,.T.);
#14808=ORIENTED_EDGE('',*,*,#14811,.T.);
#14809=ORIENTED_EDGE('',*,*,#14812,.T.);
#14810=EDGE_CURVE('',#667,#761,#14813,.F.);
#14811=EDGE_CURVE('',#761,#669,#14814,.T.);
#14812=EDGE_CURVE('',#669,#667,#14815,.T.);
#14813=LINE('',#666,#14816);
#14814=LINE('',#760,#14817);
#14815=LINE('',#668,#14818);
#14816=VECTOR('',#14819,1.0);
#14817=VECTOR('',#14820,1.0);
#14818=VECTOR('',#14821,1.0);
#14819=DIRECTION('',(-0.016062741197481693,-0.12200471544358722,0.9923995353458969));
#14820=DIRECTION('',(0.1305303114784014,0.9914443190544547,0));
#14821=DIRECTION('',(0,0,-1));
#14822=FACE_SURFACE('',(#14827),#14823,.T.);
#14823=PLANE('',#14824);
#14824=AXIS2_PLACEMENT_3D('',#670,#14825,#14826);
#14825=DIRECTION('',(0,0,1));
#14826=DIRECTION('',(-1,0,0));
#14827=FACE_BOUND('',#14828,.T.);
#14828=EDGE_LOOP('',(#14829,#14830,#14831));
#14829=ORIENTED_EDGE('',*,*,#14832,.T.);
#14830=ORIENTED_EDGE('',*,*,#14833,.T.);
#14831=ORIENTED_EDGE('',*,*,#14834,.T.);
#14832=EDGE_CURVE('',#671,#711,#14835,.F.);
#14833=EDGE_CURVE('',#711,#667,#14836,.T.);
#14834=EDGE_CURVE('',#667,#671,#14837,.T.);
#14835=LINE('',#670,#14838);
#14836=LINE('',#710,#14839);
#14837=LINE('',#666,#14840);
#14838=VECTOR('',#14841,1.0);
#14839=VECTOR('',#14842,1.0);
#14840=VECTOR('',#14843,1.0);
#14841=DIRECTION('',(-1,0,0));
#14842=DIRECTION('',(0.9914448569158256,-0.13052622608180348,0));
#14843=DIRECTION('',(-0.1305303114784014,0.9914443190544547,0));
#14844=FACE_SURFACE('',(#14849),#14845,.T.);
#14845=PLANE('',#14846);
#14846=AXIS2_PLACEMENT_3D('',#666,#14847,#14848);
#14847=DIRECTION('',(0,0,1));
#14848=DIRECTION('',(-0.9914448569158256,0.13052622608180348,0));
#14849=FACE_BOUND('',#14850,.T.);
#14850=EDGE_LOOP('',(#14851,#14852,#14853));
#14851=ORIENTED_EDGE('',*,*,#14854,.T.);
#14852=ORIENTED_EDGE('',*,*,#14855,.T.);
#14853=ORIENTED_EDGE('',*,*,#14856,.T.);
#14854=EDGE_CURVE('',#667,#711,#14857,.F.);
#14855=EDGE_CURVE('',#711,#715,#14858,.T.);
#14856=EDGE_CURVE('',#715,#667,#14859,.T.);
#14857=LINE('',#666,#14860);
#14858=LINE('',#710,#14861);
#14859=LINE('',#714,#14862);
#14860=VECTOR('',#14863,1.0);
#14861=VECTOR('',#14864,1.0);
#14862=VECTOR('',#14865,1.0);
#14863=DIRECTION('',(-0.9914448569158256,0.13052622608180348,0));
#14864=DIRECTION('',(-0.1305303114784014,-0.9914443190544547,0));
#14865=DIRECTION('',(1,0,0));
#14866=FACE_SURFACE('',(#14871),#14867,.T.);
#14867=PLANE('',#14868);
#14868=AXIS2_PLACEMENT_3D('',#666,#14869,#14870);
#14869=DIRECTION('',(0,0,1));
#14870=DIRECTION('',(-1,0,0));
#14871=FACE_BOUND('',#14872,.T.);
#14872=EDGE_LOOP('',(#14873,#14874,#14875));
#14873=ORIENTED_EDGE('',*,*,#14876,.T.);
#14874=ORIENTED_EDGE('',*,*,#14877,.T.);
#14875=ORIENTED_EDGE('',*,*,#14878,.T.);
#14876=EDGE_CURVE('',#667,#715,#14879,.F.);
#14877=EDGE_CURVE('',#715,#759,#14880,.T.);
#14878=EDGE_CURVE('',#759,#667,#14881,.T.);
#14879=LINE('',#666,#14882);
#14880=LINE('',#714,#14883);
#14881=LINE('',#758,#14884);
#14882=VECTOR('',#14885,1.0);
#14883=VECTOR('',#14886,1.0);
#14884=VECTOR('',#14887,1.0);
#14885=DIRECTION('',(-1,0,0));
#14886=DIRECTION('',(0.9914448569158256,-0.13052622608180348,0));
#14887=DIRECTION('',(0.1305303114784014,0.9914443190544547,0));
#14888=FACE_SURFACE('',(#14893),#14889,.T.);
#14889=PLANE('',#14890);
#14890=AXIS2_PLACEMENT_3D('',#758,#14891,#14892);
#14891=DIRECTION('',(0,0,1));
#14892=DIRECTION('',(-0.9914448569158256,0.13052622608180348,0));
#14893=FACE_BOUND('',#14894,.T.);
#14894=EDGE_LOOP('',(#14895,#14896,#14897));
#14895=ORIENTED_EDGE('',*,*,#14898,.T.);
#14896=ORIENTED_EDGE('',*,*,#14899,.T.);
#14897=ORIENTED_EDGE('',*,*,#14900,.T.);
#14898=EDGE_CURVE('',#759,#715,#14901,.F.);
#14899=EDGE_CURVE('',#715,#719,#14902,.T.);
#14900=EDGE_CURVE('',#719,#759,#14903,.T.);
#14901=LINE('',#758,#14904);
#14902=LINE('',#714,#14905);
#14903=LINE('',#718,#14906);
#14904=VECTOR('',#14907,1.0);
#14905=VECTOR('',#14908,1.0);
#14906=VECTOR('',#14909,1.0);
#14907=DIRECTION('',(-0.9914448569158256,0.13052622608180348,0));
#14908=DIRECTION('',(0.1305303114784014,-0.9914443190544547,0));
#14909=DIRECTION('',(1,0,0));
#14910=FACE_SURFACE('',(#14915),#14911,.T.);
#14911=PLANE('',#14912);
#14912=AXIS2_PLACEMENT_3D('',#758,#14913,#14914);
#14913=DIRECTION('',(0,0,1));
#14914=DIRECTION('',(-1,0,0));
#14915=FACE_BOUND('',#14916,.T.);
#14916=EDGE_LOOP('',(#14917,#14918,#14919));
#14917=ORIENTED_EDGE('',*,*,#14920,.T.);
#14918=ORIENTED_EDGE('',*,*,#14921,.T.);
#14919=ORIENTED_EDGE('',*,*,#14922,.T.);
#14920=EDGE_CURVE('',#759,#719,#14923,.F.);
#14921=EDGE_CURVE('',#719,#755,#14924,.T.);
#14922=EDGE_CURVE('',#755,#759,#14925,.T.);
#14923=LINE('',#758,#14926);
#14924=LINE('',#718,#14927);
#14925=LINE('',#754,#14928);
#14926=VECTOR('',#14929,1.0);
#14927=VECTOR('',#14930,1.0);
#14928=VECTOR('',#14931,1.0);
#14929=DIRECTION('',(-1,0,0));
#14930=DIRECTION('',(0.991444973135143,-0.13052534330564117,0));
#14931=DIRECTION('',(0.3826873437136716,0.9238779123679569,0));
#14932=FACE_SURFACE('',(#14937),#14933,.T.);
#14933=PLANE('',#14934);
#14934=AXIS2_PLACEMENT_3D('',#754,#14935,#14936);
#14935=DIRECTION('',(0,0,1));
#14936=DIRECTION('',(-0.991444973135143,0.13052534330564117,0));
#14937=FACE_BOUND('',#14938,.T.);
#14938=EDGE_LOOP('',(#14939,#14940,#14941));
#14939=ORIENTED_EDGE('',*,*,#14942,.T.);
#14940=ORIENTED_EDGE('',*,*,#14943,.T.);
#14941=ORIENTED_EDGE('',*,*,#14944,.T.);
#14942=EDGE_CURVE('',#755,#719,#14945,.F.);
#14943=EDGE_CURVE('',#719,#723,#14946,.T.);
#14944=EDGE_CURVE('',#723,#755,#14947,.T.);
#14945=LINE('',#754,#14948);
#14946=LINE('',#718,#14949);
#14947=LINE('',#722,#14950);
#14948=VECTOR('',#14951,1.0);
#14949=VECTOR('',#14952,1.0);
#14950=VECTOR('',#14953,1.0);
#14951=DIRECTION('',(-0.991444973135143,0.13052534330564117,0));
#14952=DIRECTION('',(0.3826873437136716,-0.9238779123679569,0));
#14953=DIRECTION('',(1,0,0));
#14954=FACE_SURFACE('',(#14959),#14955,.T.);
#14955=PLANE('',#14956);
#14956=AXIS2_PLACEMENT_3D('',#754,#14957,#14958);
#14957=DIRECTION('',(0,0,1));
#14958=DIRECTION('',(-1,0,0));
#14959=FACE_BOUND('',#14960,.T.);
#14960=EDGE_LOOP('',(#14961,#14962,#14963));
#14961=ORIENTED_EDGE('',*,*,#14964,.T.);
#14962=ORIENTED_EDGE('',*,*,#14965,.T.);
#14963=ORIENTED_EDGE('',*,*,#14966,.T.);
#14964=EDGE_CURVE('',#755,#723,#14967,.F.);
#14965=EDGE_CURVE('',#723,#751,#14968,.T.);
#14966=EDGE_CURVE('',#751,#755,#14969,.T.);
#14967=LINE('',#754,#14970);
#14968=LINE('',#722,#14971);
#14969=LINE('',#750,#14972);
#14970=VECTOR('',#14973,1.0);
#14971=VECTOR('',#14974,1.0);
#14972=VECTOR('',#14975,1.0);
#14973=DIRECTION('',(-1,0,0));
#14974=DIRECTION('',(0.991444774808192,-0.13052684974951892,0));
#14975=DIRECTION('',(0.6087536090083107,0.7933593407273636,0));
#14976=FACE_SURFACE('',(#14981),#14977,.T.);
#14977=PLANE('',#14978);
#14978=AXIS2_PLACEMENT_3D('',#750,#14979,#14980);
#14979=DIRECTION('',(0,0,1));
#14980=DIRECTION('',(-0.991444774808192,0.13052684974951892,0));
#14981=FACE_BOUND('',#14982,.T.);
#14982=EDGE_LOOP('',(#14983,#14984,#14985));
#14983=ORIENTED_EDGE('',*,*,#14986,.T.);
#14984=ORIENTED_EDGE('',*,*,#14987,.T.);
#14985=ORIENTED_EDGE('',*,*,#14988,.T.);
#14986=EDGE_CURVE('',#751,#723,#14989,.F.);
#14987=EDGE_CURVE('',#723,#727,#14990,.T.);
#14988=EDGE_CURVE('',#727,#751,#14991,.T.);
#14989=LINE('',#750,#14992);
#14990=LINE('',#722,#14993);
#14991=LINE('',#726,#14994);
#14992=VECTOR('',#14995,1.0);
#14993=VECTOR('',#14996,1.0);
#14994=VECTOR('',#14997,1.0);
#14995=DIRECTION('',(-0.991444774808192,0.13052684974951892,0));
#14996=DIRECTION('',(0.6087536090083107,-0.7933593407273636,0));
#14997=DIRECTION('',(1,0,0));
#14998=FACE_SURFACE('',(#15003),#14999,.T.);
#14999=PLANE('',#15000);
#15000=AXIS2_PLACEMENT_3D('',#750,#15001,#15002);
#15001=DIRECTION('',(0,0,1));
#15002=DIRECTION('',(-1,0,0));
#15003=FACE_BOUND('',#15004,.T.);
#15004=EDGE_LOOP('',(#15005,#15006,#15007));
#15005=ORIENTED_EDGE('',*,*,#15008,.T.);
#15006=ORIENTED_EDGE('',*,*,#15009,.T.);
#15007=ORIENTED_EDGE('',*,*,#15010,.T.);
#15008=EDGE_CURVE('',#751,#727,#15011,.F.);
#15009=EDGE_CURVE('',#727,#747,#15012,.T.);
#15010=EDGE_CURVE('',#747,#751,#15013,.T.);
#15011=LINE('',#750,#15014);
#15012=LINE('',#726,#15015);
#15013=LINE('',#746,#15016);
#15014=VECTOR('',#15017,1.0);
#15015=VECTOR('',#15018,1.0);
#15016=VECTOR('',#15019,1.0);
#15017=DIRECTION('',(-1,0,0));
#15018=DIRECTION('',(0.9914448971865483,-0.1305259201950123,0));
#15019=DIRECTION('',(0.7933584764321566,0.6087547354010867,0));
#15020=FACE_SURFACE('',(#15025),#15021,.T.);
#15021=PLANE('',#15022);
#15022=AXIS2_PLACEMENT_3D('',#746,#15023,#15024);
#15023=DIRECTION('',(0,0,1));
#15024=DIRECTION('',(-0.9914448971865483,0.1305259201950123,0));
#15025=FACE_BOUND('',#15026,.T.);
#15026=EDGE_LOOP('',(#15027,#15028,#15029));
#15027=ORIENTED_EDGE('',*,*,#15030,.T.);
#15028=ORIENTED_EDGE('',*,*,#15031,.T.);
#15029=ORIENTED_EDGE('',*,*,#15032,.T.);
#15030=EDGE_CURVE('',#747,#727,#15033,.F.);
#15031=EDGE_CURVE('',#727,#731,#15034,.T.);
#15032=EDGE_CURVE('',#731,#747,#15035,.T.);
#15033=LINE('',#746,#15036);
#15034=LINE('',#726,#15037);
#15035=LINE('',#730,#15038);
#15036=VECTOR('',#15039,1.0);
#15037=VECTOR('',#15040,1.0);
#15038=VECTOR('',#15041,1.0);
#15039=DIRECTION('',(-0.9914448971865483,0.1305259201950123,0));
#15040=DIRECTION('',(0.7933527761333313,-0.6087621642329097,0));
#15041=DIRECTION('',(1,0,0));
#15042=FACE_SURFACE('',(#15047),#15043,.T.);
#15043=PLANE('',#15044);
#15044=AXIS2_PLACEMENT_3D('',#746,#15045,#15046);
#15045=DIRECTION('',(0,0,1));
#15046=DIRECTION('',(-1,0,0));
#15047=FACE_BOUND('',#15048,.T.);
#15048=EDGE_LOOP('',(#15049,#15050,#15051));
#15049=ORIENTED_EDGE('',*,*,#15052,.T.);
#15050=ORIENTED_EDGE('',*,*,#15053,.T.);
#15051=ORIENTED_EDGE('',*,*,#15054,.T.);
#15052=EDGE_CURVE('',#747,#731,#15055,.F.);
#15053=EDGE_CURVE('',#731,#743,#15056,.T.);
#15054=EDGE_CURVE('',#743,#747,#15057,.T.);
#15055=LINE('',#746,#15058);
#15056=LINE('',#730,#15059);
#15057=LINE('',#742,#15060);
#15058=VECTOR('',#15061,1.0);
#15059=VECTOR('',#15062,1.0);
#15060=VECTOR('',#15063,1.0);
#15061=DIRECTION('',(-1,0,0));
#15062=DIRECTION('',(0.9914447928542166,-0.13052671267698232,0));
#15063=DIRECTION('',(0.9238790386956276,0.38268462453937563,0));
#15064=FACE_SURFACE('',(#15069),#15065,.T.);
#15065=PLANE('',#15066);
#15066=AXIS2_PLACEMENT_3D('',#742,#15067,#15068);
#15067=DIRECTION('',(0,0,1));
#15068=DIRECTION('',(-0.9914447928542166,0.13052671267698232,0));
#15069=FACE_BOUND('',#15070,.T.);
#15070=EDGE_LOOP('',(#15071,#15072,#15073));
#15071=ORIENTED_EDGE('',*,*,#15074,.T.);
#15072=ORIENTED_EDGE('',*,*,#15075,.T.);
#15073=ORIENTED_EDGE('',*,*,#15076,.T.);
#15074=EDGE_CURVE('',#743,#731,#15077,.F.);
#15075=EDGE_CURVE('',#731,#735,#15078,.T.);
#15076=EDGE_CURVE('',#735,#743,#15079,.T.);
#15077=LINE('',#742,#15080);
#15078=LINE('',#730,#15081);
#15079=LINE('',#734,#15082);
#15080=VECTOR('',#15083,1.0);
#15081=VECTOR('',#15084,1.0);
#15082=VECTOR('',#15085,1.0);
#15083=DIRECTION('',(-0.9914447928542166,0.13052671267698232,0));
#15084=DIRECTION('',(0.9238790386956276,-0.38268462453937563,0));
#15085=DIRECTION('',(1,0,0));
#15086=FACE_SURFACE('',(#15091),#15087,.T.);
#15087=PLANE('',#15088);
#15088=AXIS2_PLACEMENT_3D('',#742,#15089,#15090);
#15089=DIRECTION('',(0,0,1));
#15090=DIRECTION('',(-1,0,0));
#15091=FACE_BOUND('',#15092,.T.);
#15092=EDGE_LOOP('',(#15093,#15094,#15095));
#15093=ORIENTED_EDGE('',*,*,#15096,.T.);
#15094=ORIENTED_EDGE('',*,*,#15097,.T.);
#15095=ORIENTED_EDGE('',*,*,#15098,.T.);
#15096=EDGE_CURVE('',#743,#735,#15099,.F.);
#15097=EDGE_CURVE('',#735,#739,#15100,.T.);
#15098=EDGE_CURVE('',#739,#743,#15101,.T.);
#15099=LINE('',#742,#15102);
#15100=LINE('',#734,#15103);
#15101=LINE('',#738,#15104);
#15102=VECTOR('',#15105,1.0);
#15103=VECTOR('',#15106,1.0);
#15104=VECTOR('',#15107,1.0);
#15105=DIRECTION('',(-1,0,0));
#15106=DIRECTION('',(0.9914454453585279,-0.13052175633904972,0));
#15107=DIRECTION('',(0.9914451833103016,0.13052374684632015,0));
#15108=FACE_SURFACE('',(#15113),#15109,.T.);
#15109=PLANE('',#15110);
#15110=AXIS2_PLACEMENT_3D('',#710,#15111,#15112);
#15111=DIRECTION('',(0,0,1));
#15112=DIRECTION('',(1,0,0));
#15113=FACE_BOUND('',#15114,.T.);
#15114=EDGE_LOOP('',(#15115,#15116,#15117));
#15115=ORIENTED_EDGE('',*,*,#15118,.T.);
#15116=ORIENTED_EDGE('',*,*,#15119,.T.);
#15117=ORIENTED_EDGE('',*,*,#15120,.T.);
#15118=EDGE_CURVE('',#711,#671,#15121,.F.);
#15119=EDGE_CURVE('',#671,#707,#15122,.T.);
#15120=EDGE_CURVE('',#707,#711,#15123,.T.);
#15121=LINE('',#710,#15124);
#15122=LINE('',#670,#15125);
#15123=LINE('',#706,#15126);
#15124=VECTOR('',#15127,1.0);
#15125=VECTOR('',#15128,1.0);
#15126=VECTOR('',#15129,1.0);
#15127=DIRECTION('',(1,0,0));
#15128=DIRECTION('',(-0.9914448325217726,0.13052641137284887,0));
#15129=DIRECTION('',(-0.38268462453937563,-0.9238790386956276,0));
#15130=FACE_SURFACE('',(#15135),#15131,.T.);
#15131=PLANE('',#15132);
#15132=AXIS2_PLACEMENT_3D('',#706,#15133,#15134);
#15133=DIRECTION('',(-0,0,1));
#15134=DIRECTION('',(0.9914448325217726,-0.13052641137284887,0));
#15135=FACE_BOUND('',#15136,.T.);
#15136=EDGE_LOOP('',(#15137,#15138,#15139));
#15137=ORIENTED_EDGE('',*,*,#15140,.T.);
#15138=ORIENTED_EDGE('',*,*,#15141,.T.);
#15139=ORIENTED_EDGE('',*,*,#15142,.T.);
#15140=EDGE_CURVE('',#707,#671,#15143,.F.);
#15141=EDGE_CURVE('',#671,#675,#15144,.T.);
#15142=EDGE_CURVE('',#675,#707,#15145,.T.);
#15143=LINE('',#706,#15146);
#15144=LINE('',#670,#15147);
#15145=LINE('',#674,#15148);
#15146=VECTOR('',#15149,1.0);
#15147=VECTOR('',#15150,1.0);
#15148=VECTOR('',#15151,1.0);
#15149=DIRECTION('',(0.9914448325217726,-0.13052641137284887,0));
#15150=DIRECTION('',(-0.38268462453937563,0.9238790386956276,0));
#15151=DIRECTION('',(-1,0,0));
#15152=FACE_SURFACE('',(#15157),#15153,.T.);
#15153=PLANE('',#15154);
#15154=AXIS2_PLACEMENT_3D('',#706,#15155,#15156);
#15155=DIRECTION('',(0,0,1));
#15156=DIRECTION('',(1,0,0));
#15157=FACE_BOUND('',#15158,.T.);
#15158=EDGE_LOOP('',(#15159,#15160,#15161));
#15159=ORIENTED_EDGE('',*,*,#15162,.T.);
#15160=ORIENTED_EDGE('',*,*,#15163,.T.);
#15161=ORIENTED_EDGE('',*,*,#15164,.T.);
#15162=EDGE_CURVE('',#707,#675,#15165,.F.);
#15163=EDGE_CURVE('',#675,#703,#15166,.T.);
#15164=EDGE_CURVE('',#703,#707,#15167,.T.);
#15165=LINE('',#706,#15168);
#15166=LINE('',#674,#15169);
#15167=LINE('',#702,#15170);
#15168=VECTOR('',#15171,1.0);
#15169=VECTOR('',#15172,1.0);
#15170=VECTOR('',#15173,1.0);
#15171=DIRECTION('',(1,0,0));
#15172=DIRECTION('',(-0.991444774808192,0.13052684974951892,0));
#15173=DIRECTION('',(-0.6087536090083107,-0.7933593407273636,0));
#15174=FACE_SURFACE('',(#15179),#15175,.T.);
#15175=PLANE('',#15176);
#15176=AXIS2_PLACEMENT_3D('',#702,#15177,#15178);
#15177=DIRECTION('',(-0,0,1));
#15178=DIRECTION('',(0.991444774808192,-0.13052684974951892,0));
#15179=FACE_BOUND('',#15180,.T.);
#15180=EDGE_LOOP('',(#15181,#15182,#15183));
#15181=ORIENTED_EDGE('',*,*,#15184,.T.);
#15182=ORIENTED_EDGE('',*,*,#15185,.T.);
#15183=ORIENTED_EDGE('',*,*,#15186,.T.);
#15184=EDGE_CURVE('',#703,#675,#15187,.F.);
#15185=EDGE_CURVE('',#675,#679,#15188,.T.);
#15186=EDGE_CURVE('',#679,#703,#15189,.T.);
#15187=LINE('',#702,#15190);
#15188=LINE('',#674,#15191);
#15189=LINE('',#678,#15192);
#15190=VECTOR('',#15193,1.0);
#15191=VECTOR('',#15194,1.0);
#15192=VECTOR('',#15195,1.0);
#15193=DIRECTION('',(0.991444774808192,-0.13052684974951892,0));
#15194=DIRECTION('',(-0.6087536090083107,0.7933593407273636,0));
#15195=DIRECTION('',(-1,0,0));
#15196=FACE_SURFACE('',(#15201),#15197,.T.);
#15197=PLANE('',#15198);
#15198=AXIS2_PLACEMENT_3D('',#702,#15199,#15200);
#15199=DIRECTION('',(0,0,1));
#15200=DIRECTION('',(1,0,0));
#15201=FACE_BOUND('',#15202,.T.);
#15202=EDGE_LOOP('',(#15203,#15204,#15205));
#15203=ORIENTED_EDGE('',*,*,#15206,.T.);
#15204=ORIENTED_EDGE('',*,*,#15207,.T.);
#15205=ORIENTED_EDGE('',*,*,#15208,.T.);
#15206=EDGE_CURVE('',#703,#679,#15209,.F.);
#15207=EDGE_CURVE('',#679,#699,#15210,.T.);
#15208=EDGE_CURVE('',#699,#703,#15211,.T.);
#15209=LINE('',#702,#15212);
#15210=LINE('',#678,#15213);
#15211=LINE('',#698,#15214);
#15212=VECTOR('',#15215,1.0);
#15213=VECTOR('',#15216,1.0);
#15214=VECTOR('',#15217,1.0);
#15215=DIRECTION('',(1,0,0));
#15216=DIRECTION('',(-0.9914449533754802,0.130525493396087,0));
#15217=DIRECTION('',(-0.7933527761333313,-0.6087621642329097,0));
#15218=FACE_SURFACE('',(#15223),#15219,.T.);
#15219=PLANE('',#15220);
#15220=AXIS2_PLACEMENT_3D('',#698,#15221,#15222);
#15221=DIRECTION('',(-0,0,1));
#15222=DIRECTION('',(0.9914449533754802,-0.130525493396087,0));
#15223=FACE_BOUND('',#15224,.T.);
#15224=EDGE_LOOP('',(#15225,#15226,#15227));
#15225=ORIENTED_EDGE('',*,*,#15228,.T.);
#15226=ORIENTED_EDGE('',*,*,#15229,.T.);
#15227=ORIENTED_EDGE('',*,*,#15230,.T.);
#15228=EDGE_CURVE('',#699,#679,#15231,.F.);
#15229=EDGE_CURVE('',#679,#683,#15232,.T.);
#15230=EDGE_CURVE('',#683,#699,#15233,.T.);
#15231=LINE('',#698,#15234);
#15232=LINE('',#678,#15235);
#15233=LINE('',#682,#15236);
#15234=VECTOR('',#15237,1.0);
#15235=VECTOR('',#15238,1.0);
#15236=VECTOR('',#15239,1.0);
#15237=DIRECTION('',(0.9914449533754802,-0.130525493396087,0));
#15238=DIRECTION('',(-0.7933584764321566,0.6087547354010867,0));
#15239=DIRECTION('',(-1,0,0));
#15240=FACE_SURFACE('',(#15245),#15241,.T.);
#15241=PLANE('',#15242);
#15242=AXIS2_PLACEMENT_3D('',#698,#15243,#15244);
#15243=DIRECTION('',(0,0,1));
#15244=DIRECTION('',(1,0,0));
#15245=FACE_BOUND('',#15246,.T.);
#15246=EDGE_LOOP('',(#15247,#15248,#15249));
#15247=ORIENTED_EDGE('',*,*,#15250,.T.);
#15248=ORIENTED_EDGE('',*,*,#15251,.T.);
#15249=ORIENTED_EDGE('',*,*,#15252,.T.);
#15250=EDGE_CURVE('',#699,#683,#15253,.F.);
#15251=EDGE_CURVE('',#683,#695,#15254,.T.);
#15252=EDGE_CURVE('',#695,#699,#15255,.T.);
#15253=LINE('',#698,#15256);
#15254=LINE('',#682,#15257);
#15255=LINE('',#694,#15258);
#15256=VECTOR('',#15259,1.0);
#15257=VECTOR('',#15260,1.0);
#15258=VECTOR('',#15261,1.0);
#15259=DIRECTION('',(1,0,0));
#15260=DIRECTION('',(-0.9914447928542166,0.13052671267698232,0));
#15261=DIRECTION('',(-0.9238790386956276,-0.38268462453937563,0));
#15262=FACE_SURFACE('',(#15267),#15263,.T.);
#15263=PLANE('',#15264);
#15264=AXIS2_PLACEMENT_3D('',#694,#15265,#15266);
#15265=DIRECTION('',(-0,0,1));
#15266=DIRECTION('',(0.9914447928542166,-0.13052671267698232,0));
#15267=FACE_BOUND('',#15268,.T.);
#15268=EDGE_LOOP('',(#15269,#15270,#15271));
#15269=ORIENTED_EDGE('',*,*,#15272,.T.);
#15270=ORIENTED_EDGE('',*,*,#15273,.T.);
#15271=ORIENTED_EDGE('',*,*,#15274,.T.);
#15272=EDGE_CURVE('',#695,#683,#15275,.F.);
#15273=EDGE_CURVE('',#683,#687,#15276,.T.);
#15274=EDGE_CURVE('',#687,#695,#15277,.T.);
#15275=LINE('',#694,#15278);
#15276=LINE('',#682,#15279);
#15277=LINE('',#686,#15280);
#15278=VECTOR('',#15281,1.0);
#15279=VECTOR('',#15282,1.0);
#15280=VECTOR('',#15283,1.0);
#15281=DIRECTION('',(0.9914447928542166,-0.13052671267698232,0));
#15282=DIRECTION('',(-0.9238790386956276,0.38268462453937563,0));
#15283=DIRECTION('',(-1,0,0));
#15284=FACE_SURFACE('',(#15289),#15285,.T.);
#15285=PLANE('',#15286);
#15286=AXIS2_PLACEMENT_3D('',#694,#15287,#15288);
#15287=DIRECTION('',(0,0,1));
#15288=DIRECTION('',(1,0,0));
#15289=FACE_BOUND('',#15290,.T.);
#15290=EDGE_LOOP('',(#15291,#15292,#15293));
#15291=ORIENTED_EDGE('',*,*,#15294,.T.);
#15292=ORIENTED_EDGE('',*,*,#15295,.T.);
#15293=ORIENTED_EDGE('',*,*,#15296,.T.);
#15294=EDGE_CURVE('',#695,#687,#15297,.F.);
#15295=EDGE_CURVE('',#687,#691,#15298,.T.);
#15296=EDGE_CURVE('',#691,#695,#15299,.T.);
#15297=LINE('',#694,#15300);
#15298=LINE('',#686,#15301);
#15299=LINE('',#690,#15302);
#15300=VECTOR('',#15303,1.0);
#15301=VECTOR('',#15304,1.0);
#15302=VECTOR('',#15305,1.0);
#15303=DIRECTION('',(1,0,0));
#15304=DIRECTION('',(-0.9914451833103016,0.13052374684632015,0));
#15305=DIRECTION('',(-0.9914454453585279,-0.13052175633904972,0));
#15306=FACE_SURFACE('',(#15311),#15307,.T.);
#15307=PLANE('',#15308);
#15308=AXIS2_PLACEMENT_3D('',#762,#15309,#15310);
#15309=DIRECTION('',(-0.9914449212500862,-0.13052573741377738,0));
#15310=DIRECTION('',(0,0,1));
#15311=FACE_BOUND('',#15312,.T.);
#15312=EDGE_LOOP('',(#15313,#15314,#15315));
#15313=ORIENTED_EDGE('',*,*,#15316,.T.);
#15314=ORIENTED_EDGE('',*,*,#15317,.T.);
#15315=ORIENTED_EDGE('',*,*,#15318,.T.);
#15316=EDGE_CURVE('',#763,#765,#15319,.F.);
#15317=EDGE_CURVE('',#765,#767,#15320,.T.);
#15318=EDGE_CURVE('',#767,#763,#15321,.T.);
#15319=LINE('',#762,#15322);
#15320=LINE('',#764,#15323);
#15321=LINE('',#766,#15324);
#15322=VECTOR('',#15325,1.0);
#15323=VECTOR('',#15326,1.0);
#15324=VECTOR('',#15327,1.0);
#15325=DIRECTION('',(0,0,1));
#15326=DIRECTION('',(-0.016061800579529578,0.12200192028201041,-0.9923998942007428));
#15327=DIRECTION('',(0.13052573741377738,-0.9914449212500862,0));
#15328=FACE_SURFACE('',(#15333),#15329,.T.);
#15329=PLANE('',#15330);
#15330=AXIS2_PLACEMENT_3D('',#766,#15331,#15332);
#15331=DIRECTION('',(-0.9914449212500862,-0.13052573741377738,0));
#15332=DIRECTION('',(0.016061800579529578,-0.12200192028201041,0.9923998942007428));
#15333=FACE_BOUND('',#15334,.T.);
#15334=EDGE_LOOP('',(#15335,#15336,#15337));
#15335=ORIENTED_EDGE('',*,*,#15338,.T.);
#15336=ORIENTED_EDGE('',*,*,#15339,.T.);
#15337=ORIENTED_EDGE('',*,*,#15340,.T.);
#15338=EDGE_CURVE('',#767,#765,#15341,.F.);
#15339=EDGE_CURVE('',#765,#769,#15342,.T.);
#15340=EDGE_CURVE('',#769,#767,#15343,.T.);
#15341=LINE('',#766,#15344);
#15342=LINE('',#764,#15345);
#15343=LINE('',#768,#15346);
#15344=VECTOR('',#15347,1.0);
#15345=VECTOR('',#15348,1.0);
#15346=VECTOR('',#15349,1.0);
#15347=DIRECTION('',(0.016061800579529578,-0.12200192028201041,0.9923998942007428));
#15348=DIRECTION('',(-0.13052573741377738,0.9914449212500862,0));
#15349=DIRECTION('',(0,0,-1));
#15350=FACE_SURFACE('',(#15355),#15351,.T.);
#15351=PLANE('',#15352);
#15352=AXIS2_PLACEMENT_3D('',#766,#15353,#15354);
#15353=DIRECTION('',(-0.9238812912789428,-0.3826791862967638,0));
#15354=DIRECTION('',(0,0,1));
#15355=FACE_BOUND('',#15356,.T.);
#15356=EDGE_LOOP('',(#15357,#15358,#15359));
#15357=ORIENTED_EDGE('',*,*,#15360,.T.);
#15358=ORIENTED_EDGE('',*,*,#15361,.T.);
#15359=ORIENTED_EDGE('',*,*,#15362,.T.);
#15360=EDGE_CURVE('',#767,#769,#15363,.F.);
#15361=EDGE_CURVE('',#769,#771,#15364,.T.);
#15362=EDGE_CURVE('',#771,#767,#15365,.T.);
#15363=LINE('',#766,#15366);
#15364=LINE('',#768,#15367);
#15365=LINE('',#770,#15368);
#15366=VECTOR('',#15369,1.0);
#15367=VECTOR('',#15370,1.0);
#15368=VECTOR('',#15371,1.0);
#15369=DIRECTION('',(0,0,1));
#15370=DIRECTION('',(-0.04709225179359722,0.11369223086661936,-0.9923993130094255));
#15371=DIRECTION('',(0.3826791862967638,-0.9238812912789428,0));
#15372=FACE_SURFACE('',(#15377),#15373,.T.);
#15373=PLANE('',#15374);
#15374=AXIS2_PLACEMENT_3D('',#770,#15375,#15376);
#15375=DIRECTION('',(-0.9238812912789428,-0.3826791862967638,0));
#15376=DIRECTION('',(0.04709225179359722,-0.11369223086661936,0.9923993130094255));
#15377=FACE_BOUND('',#15378,.T.);
#15378=EDGE_LOOP('',(#15379,#15380,#15381));
#15379=ORIENTED_EDGE('',*,*,#15382,.T.);
#15380=ORIENTED_EDGE('',*,*,#15383,.T.);
#15381=ORIENTED_EDGE('',*,*,#15384,.T.);
#15382=EDGE_CURVE('',#771,#769,#15385,.F.);
#15383=EDGE_CURVE('',#769,#773,#15386,.T.);
#15384=EDGE_CURVE('',#773,#771,#15387,.T.);
#15385=LINE('',#770,#15388);
#15386=LINE('',#768,#15389);
#15387=LINE('',#772,#15390);
#15388=VECTOR('',#15391,1.0);
#15389=VECTOR('',#15392,1.0);
#15390=VECTOR('',#15393,1.0);
#15391=DIRECTION('',(0.04709225179359722,-0.11369223086661936,0.9923993130094255));
#15392=DIRECTION('',(-0.3826791862967638,0.9238812912789428,0));
#15393=DIRECTION('',(0,0,-1));
#15394=FACE_SURFACE('',(#15399),#15395,.T.);
#15395=PLANE('',#15396);
#15396=AXIS2_PLACEMENT_3D('',#770,#15397,#15398);
#15397=DIRECTION('',(-0.7933470756258152,-0.6087695931926685,0));
#15398=DIRECTION('',(0,0,1));
#15399=FACE_BOUND('',#15400,.T.);
#15400=EDGE_LOOP('',(#15401,#15402,#15403));
#15401=ORIENTED_EDGE('',*,*,#15404,.T.);
#15402=ORIENTED_EDGE('',*,*,#15405,.T.);
#15403=ORIENTED_EDGE('',*,*,#15406,.T.);
#15404=EDGE_CURVE('',#771,#773,#15407,.F.);
#15405=EDGE_CURVE('',#773,#775,#15408,.T.);
#15406=EDGE_CURVE('',#775,#771,#15409,.T.);
#15407=LINE('',#770,#15410);
#15408=LINE('',#772,#15411);
#15409=LINE('',#774,#15412);
#15410=VECTOR('',#15413,1.0);
#15411=VECTOR('',#15414,1.0);
#15412=VECTOR('',#15415,1.0);
#15413=DIRECTION('',(0,0,1));
#15414=DIRECTION('',(-0.07491247196122992,0.09762575401746981,-0.9923997852162094));
#15415=DIRECTION('',(0.6087695931926685,-0.7933470756258152,0));
#15416=FACE_SURFACE('',(#15421),#15417,.T.);
#15417=PLANE('',#15418);
#15418=AXIS2_PLACEMENT_3D('',#774,#15419,#15420);
#15419=DIRECTION('',(-0.7933470756258152,-0.6087695931926685,0));
#15420=DIRECTION('',(0.07491247196122992,-0.09762575401746981,0.9923997852162094));
#15421=FACE_BOUND('',#15422,.T.);
#15422=EDGE_LOOP('',(#15423,#15424,#15425));
#15423=ORIENTED_EDGE('',*,*,#15426,.T.);
#15424=ORIENTED_EDGE('',*,*,#15427,.T.);
#15425=ORIENTED_EDGE('',*,*,#15428,.T.);
#15426=EDGE_CURVE('',#775,#773,#15429,.F.);
#15427=EDGE_CURVE('',#773,#777,#15430,.T.);
#15428=EDGE_CURVE('',#777,#775,#15431,.T.);
#15429=LINE('',#774,#15432);
#15430=LINE('',#772,#15433);
#15431=LINE('',#776,#15434);
#15432=VECTOR('',#15435,1.0);
#15433=VECTOR('',#15436,1.0);
#15434=VECTOR('',#15437,1.0);
#15435=DIRECTION('',(0.07491247196122992,-0.09762575401746981,0.9923997852162094));
#15436=DIRECTION('',(-0.6087695931926685,0.7933470756258152,0));
#15437=DIRECTION('',(0,0,-1));
#15438=FACE_SURFACE('',(#15443),#15439,.T.);
#15439=PLANE('',#15440);
#15440=AXIS2_PLACEMENT_3D('',#774,#15441,#15442);
#15441=DIRECTION('',(-0.608772971771145,-0.7933444830846993,0));
#15442=DIRECTION('',(0,0,1));
#15443=FACE_BOUND('',#15444,.T.);
#15444=EDGE_LOOP('',(#15445,#15446,#15447));
#15445=ORIENTED_EDGE('',*,*,#15448,.T.);
#15446=ORIENTED_EDGE('',*,*,#15449,.T.);
#15447=ORIENTED_EDGE('',*,*,#15450,.T.);
#15448=EDGE_CURVE('',#775,#777,#15451,.F.);
#15449=EDGE_CURVE('',#777,#779,#15452,.T.);
#15450=EDGE_CURVE('',#779,#775,#15453,.T.);
#15451=LINE('',#774,#15454);
#15452=LINE('',#776,#15455);
#15453=LINE('',#778,#15456);
#15454=VECTOR('',#15457,1.0);
#15455=VECTOR('',#15458,1.0);
#15456=VECTOR('',#15459,1.0);
#15457=DIRECTION('',(0,0,1));
#15458=DIRECTION('',(-0.09762854546858404,0.07491527453939449,-0.9923992990477049));
#15459=DIRECTION('',(0.7933444830846993,-0.608772971771145,0));
#15460=FACE_SURFACE('',(#15465),#15461,.T.);
#15461=PLANE('',#15462);
#15462=AXIS2_PLACEMENT_3D('',#778,#15463,#15464);
#15463=DIRECTION('',(-0.608772971771145,-0.7933444830846993,0));
#15464=DIRECTION('',(0.09762854546858404,-0.07491527453939449,0.9923992990477049));
#15465=FACE_BOUND('',#15466,.T.);
#15466=EDGE_LOOP('',(#15467,#15468,#15469));
#15467=ORIENTED_EDGE('',*,*,#15470,.T.);
#15468=ORIENTED_EDGE('',*,*,#15471,.T.);
#15469=ORIENTED_EDGE('',*,*,#15472,.T.);
#15470=EDGE_CURVE('',#779,#777,#15473,.F.);
#15471=EDGE_CURVE('',#777,#781,#15474,.T.);
#15472=EDGE_CURVE('',#781,#779,#15475,.T.);
#15473=LINE('',#778,#15476);
#15474=LINE('',#776,#15477);
#15475=LINE('',#780,#15478);
#15476=VECTOR('',#15479,1.0);
#15477=VECTOR('',#15480,1.0);
#15478=VECTOR('',#15481,1.0);
#15479=DIRECTION('',(0.09762854546858404,-0.07491527453939449,0.9923992990477049));
#15480=DIRECTION('',(-0.7933444830846993,0.608772971771145,0));
#15481=DIRECTION('',(0,0,-1));
#15482=FACE_SURFACE('',(#15487),#15483,.T.);
#15483=PLANE('',#15484);
#15484=AXIS2_PLACEMENT_3D('',#778,#15485,#15486);
#15485=DIRECTION('',(-0.38267149522172944,-0.9238844769476138,0));
#15486=DIRECTION('',(0,0,1));
#15487=FACE_BOUND('',#15488,.T.);
#15488=EDGE_LOOP('',(#15489,#15490,#15491));
#15489=ORIENTED_EDGE('',*,*,#15492,.T.);
#15490=ORIENTED_EDGE('',*,*,#15493,.T.);
#15491=ORIENTED_EDGE('',*,*,#15494,.T.);
#15492=EDGE_CURVE('',#779,#781,#15495,.F.);
#15493=EDGE_CURVE('',#781,#783,#15496,.T.);
#15494=EDGE_CURVE('',#783,#779,#15497,.T.);
#15495=LINE('',#778,#15498);
#15496=LINE('',#780,#15499);
#15497=LINE('',#782,#15500);
#15498=VECTOR('',#15501,1.0);
#15499=VECTOR('',#15502,1.0);
#15500=VECTOR('',#15503,1.0);
#15501=DIRECTION('',(0,0,1));
#15502=DIRECTION('',(-0.11369037261540257,0.04709037327349592,-0.9923996150339507));
#15503=DIRECTION('',(0.9238844769476138,-0.38267149522172944,0));
#15504=FACE_SURFACE('',(#15509),#15505,.T.);
#15505=PLANE('',#15506);
#15506=AXIS2_PLACEMENT_3D('',#782,#15507,#15508);
#15507=DIRECTION('',(-0.38267149522172944,-0.9238844769476138,0));
#15508=DIRECTION('',(0.11369037261540257,-0.04709037327349592,0.9923996150339507));
#15509=FACE_BOUND('',#15510,.T.);
#15510=EDGE_LOOP('',(#15511,#15512,#15513));
#15511=ORIENTED_EDGE('',*,*,#15514,.T.);
#15512=ORIENTED_EDGE('',*,*,#15515,.T.);
#15513=ORIENTED_EDGE('',*,*,#15516,.T.);
#15514=EDGE_CURVE('',#783,#781,#15517,.F.);
#15515=EDGE_CURVE('',#781,#785,#15518,.T.);
#15516=EDGE_CURVE('',#785,#783,#15519,.T.);
#15517=LINE('',#782,#15520);
#15518=LINE('',#780,#15521);
#15519=LINE('',#784,#15522);
#15520=VECTOR('',#15523,1.0);
#15521=VECTOR('',#15524,1.0);
#15522=VECTOR('',#15525,1.0);
#15523=DIRECTION('',(0.11369037261540257,-0.04709037327349592,0.9923996150339507));
#15524=DIRECTION('',(-0.9238844769476138,0.38267149522172944,0));
#15525=DIRECTION('',(0,0,-1));
#15526=FACE_SURFACE('',(#15531),#15527,.T.);
#15527=PLANE('',#15528);
#15528=AXIS2_PLACEMENT_3D('',#782,#15529,#15530);
#15529=DIRECTION('',(-0.1305303114784014,-0.9914443190544547,0));
#15530=DIRECTION('',(0,0,1));
#15531=FACE_BOUND('',#15532,.T.);
#15532=EDGE_LOOP('',(#15533,#15534,#15535));
#15533=ORIENTED_EDGE('',*,*,#15536,.T.);
#15534=ORIENTED_EDGE('',*,*,#15537,.T.);
#15535=ORIENTED_EDGE('',*,*,#15538,.T.);
#15536=EDGE_CURVE('',#783,#785,#15539,.F.);
#15537=EDGE_CURVE('',#785,#787,#15540,.T.);
#15538=EDGE_CURVE('',#787,#783,#15541,.T.);
#15539=LINE('',#782,#15542);
#15540=LINE('',#784,#15543);
#15541=LINE('',#786,#15544);
#15542=VECTOR('',#15545,1.0);
#15543=VECTOR('',#15546,1.0);
#15544=VECTOR('',#15547,1.0);
#15545=DIRECTION('',(0,0,1));
#15546=DIRECTION('',(-0.12200471544358722,0.016062741197481693,-0.9923995353458969));
#15547=DIRECTION('',(0.9914443190544547,-0.1305303114784014,0));
#15548=FACE_SURFACE('',(#15553),#15549,.T.);
#15549=PLANE('',#15550);
#15550=AXIS2_PLACEMENT_3D('',#786,#15551,#15552);
#15551=DIRECTION('',(-0.1305303114784014,-0.9914443190544547,0));
#15552=DIRECTION('',(0.12200471544358722,-0.016062741197481693,0.9923995353458969));
#15553=FACE_BOUND('',#15554,.T.);
#15554=EDGE_LOOP('',(#15555,#15556,#15557));
#15555=ORIENTED_EDGE('',*,*,#15558,.T.);
#15556=ORIENTED_EDGE('',*,*,#15559,.T.);
#15557=ORIENTED_EDGE('',*,*,#15560,.T.);
#15558=EDGE_CURVE('',#787,#785,#15561,.F.);
#15559=EDGE_CURVE('',#785,#789,#15562,.T.);
#15560=EDGE_CURVE('',#789,#787,#15563,.T.);
#15561=LINE('',#786,#15564);
#15562=LINE('',#784,#15565);
#15563=LINE('',#788,#15566);
#15564=VECTOR('',#15567,1.0);
#15565=VECTOR('',#15568,1.0);
#15566=VECTOR('',#15569,1.0);
#15567=DIRECTION('',(0.12200471544358722,-0.016062741197481693,0.9923995353458969));
#15568=DIRECTION('',(-0.9914443190544547,0.1305303114784014,0));
#15569=DIRECTION('',(0,0,-1));
#15570=FACE_SURFACE('',(#15575),#15571,.T.);
#15571=PLANE('',#15572);
#15572=AXIS2_PLACEMENT_3D('',#786,#15573,#15574);
#15573=DIRECTION('',(0.1305303114784014,-0.9914443190544547,0));
#15574=DIRECTION('',(0,0,1));
#15575=FACE_BOUND('',#15576,.T.);
#15576=EDGE_LOOP('',(#15577,#15578,#15579));
#15577=ORIENTED_EDGE('',*,*,#15580,.T.);
#15578=ORIENTED_EDGE('',*,*,#15581,.T.);
#15579=ORIENTED_EDGE('',*,*,#15582,.T.);
#15580=EDGE_CURVE('',#787,#789,#15583,.F.);
#15581=EDGE_CURVE('',#789,#791,#15584,.T.);
#15582=EDGE_CURVE('',#791,#787,#15585,.T.);
#15583=LINE('',#786,#15586);
#15584=LINE('',#788,#15587);
#15585=LINE('',#790,#15588);
#15586=VECTOR('',#15589,1.0);
#15587=VECTOR('',#15590,1.0);
#15588=VECTOR('',#15591,1.0);
#15589=DIRECTION('',(0,0,1));
#15590=DIRECTION('',(-0.12200471544358722,-0.016062741197481693,-0.9923995353458969));
#15591=DIRECTION('',(0.9914443190544547,0.1305303114784014,0));
#15592=FACE_SURFACE('',(#15597),#15593,.T.);
#15593=PLANE('',#15594);
#15594=AXIS2_PLACEMENT_3D('',#790,#15595,#15596);
#15595=DIRECTION('',(0.1305303114784014,-0.9914443190544547,0));
#15596=DIRECTION('',(0.12200471544358722,0.016062741197481693,0.9923995353458969));
#15597=FACE_BOUND('',#15598,.T.);
#15598=EDGE_LOOP('',(#15599,#15600,#15601));
#15599=ORIENTED_EDGE('',*,*,#15602,.T.);
#15600=ORIENTED_EDGE('',*,*,#15603,.T.);
#15601=ORIENTED_EDGE('',*,*,#15604,.T.);
#15602=EDGE_CURVE('',#791,#789,#15605,.F.);
#15603=EDGE_CURVE('',#789,#793,#15606,.T.);
#15604=EDGE_CURVE('',#793,#791,#15607,.T.);
#15605=LINE('',#790,#15608);
#15606=LINE('',#788,#15609);
#15607=LINE('',#792,#15610);
#15608=VECTOR('',#15611,1.0);
#15609=VECTOR('',#15612,1.0);
#15610=VECTOR('',#15613,1.0);
#15611=DIRECTION('',(0.12200471544358722,0.016062741197481693,0.9923995353458969));
#15612=DIRECTION('',(-0.9914443190544547,-0.1305303114784014,0));
#15613=DIRECTION('',(0,0,-1));
#15614=FACE_SURFACE('',(#15619),#15615,.T.);
#15615=PLANE('',#15616);
#15616=AXIS2_PLACEMENT_3D('',#790,#15617,#15618);
#15617=DIRECTION('',(0.3826742143347459,-0.9238833506905971,0));
#15618=DIRECTION('',(0,0,1));
#15619=FACE_BOUND('',#15620,.T.);
#15620=EDGE_LOOP('',(#15621,#15622,#15623));
#15621=ORIENTED_EDGE('',*,*,#15624,.T.);
#15622=ORIENTED_EDGE('',*,*,#15625,.T.);
#15623=ORIENTED_EDGE('',*,*,#15626,.T.);
#15624=EDGE_CURVE('',#791,#793,#15627,.F.);
#15625=EDGE_CURVE('',#793,#795,#15628,.T.);
#15626=EDGE_CURVE('',#795,#791,#15629,.T.);
#15627=LINE('',#790,#15630);
#15628=LINE('',#792,#15631);
#15629=LINE('',#794,#15632);
#15630=VECTOR('',#15633,1.0);
#15631=VECTOR('',#15634,1.0);
#15632=VECTOR('',#15635,1.0);
#15633=DIRECTION('',(0,0,1));
#15634=DIRECTION('',(-0.11368943842225768,-0.04709037834037755,-0.992399721815253));
#15635=DIRECTION('',(0.9238833506905971,0.3826742143347459,0));
#15636=FACE_SURFACE('',(#15641),#15637,.T.);
#15637=PLANE('',#15638);
#15638=AXIS2_PLACEMENT_3D('',#794,#15639,#15640);
#15639=DIRECTION('',(0.3826742143347459,-0.9238833506905971,0));
#15640=DIRECTION('',(0.11368943842225768,0.04709037834037755,0.992399721815253));
#15641=FACE_BOUND('',#15642,.T.);
#15642=EDGE_LOOP('',(#15643,#15644,#15645));
#15643=ORIENTED_EDGE('',*,*,#15646,.T.);
#15644=ORIENTED_EDGE('',*,*,#15647,.T.);
#15645=ORIENTED_EDGE('',*,*,#15648,.T.);
#15646=EDGE_CURVE('',#795,#793,#15649,.F.);
#15647=EDGE_CURVE('',#793,#797,#15650,.T.);
#15648=EDGE_CURVE('',#797,#795,#15651,.T.);
#15649=LINE('',#794,#15652);
#15650=LINE('',#792,#15653);
#15651=LINE('',#796,#15654);
#15652=VECTOR('',#15655,1.0);
#15653=VECTOR('',#15656,1.0);
#15654=VECTOR('',#15657,1.0);
#15655=DIRECTION('',(0.11368943842225768,0.04709037834037755,0.992399721815253));
#15656=DIRECTION('',(-0.9238833506905971,-0.3826742143347459,0));
#15657=DIRECTION('',(0,0,-1));
#15658=FACE_SURFACE('',(#15663),#15659,.T.);
#15659=PLANE('',#15660);
#15660=AXIS2_PLACEMENT_3D('',#794,#15661,#15662);
#15661=DIRECTION('',(0.608772971771145,-0.7933444830846993,0));
#15662=DIRECTION('',(0,0,1));
#15663=FACE_BOUND('',#15664,.T.);
#15664=EDGE_LOOP('',(#15665,#15666,#15667));
#15665=ORIENTED_EDGE('',*,*,#15668,.T.);
#15666=ORIENTED_EDGE('',*,*,#15669,.T.);
#15667=ORIENTED_EDGE('',*,*,#15670,.T.);
#15668=EDGE_CURVE('',#795,#797,#15671,.F.);
#15669=EDGE_CURVE('',#797,#799,#15672,.T.);
#15670=EDGE_CURVE('',#799,#795,#15673,.T.);
#15671=LINE('',#794,#15674);
#15672=LINE('',#796,#15675);
#15673=LINE('',#798,#15676);
#15674=VECTOR('',#15677,1.0);
#15675=VECTOR('',#15678,1.0);
#15676=VECTOR('',#15679,1.0);
#15677=DIRECTION('',(0,0,1));
#15678=DIRECTION('',(-0.09762854546858404,-0.07491527453939449,-0.9923992990477049));
#15679=DIRECTION('',(0.7933444830846993,0.608772971771145,0));
#15680=FACE_SURFACE('',(#15685),#15681,.T.);
#15681=PLANE('',#15682);
#15682=AXIS2_PLACEMENT_3D('',#798,#15683,#15684);
#15683=DIRECTION('',(0.608772971771145,-0.7933444830846993,0));
#15684=DIRECTION('',(0.09762854546858404,0.07491527453939449,0.9923992990477049));
#15685=FACE_BOUND('',#15686,.T.);
#15686=EDGE_LOOP('',(#15687,#15688,#15689));
#15687=ORIENTED_EDGE('',*,*,#15690,.T.);
#15688=ORIENTED_EDGE('',*,*,#15691,.T.);
#15689=ORIENTED_EDGE('',*,*,#15692,.T.);
#15690=EDGE_CURVE('',#799,#797,#15693,.F.);
#15691=EDGE_CURVE('',#797,#801,#15694,.T.);
#15692=EDGE_CURVE('',#801,#799,#15695,.T.);
#15693=LINE('',#798,#15696);
#15694=LINE('',#796,#15697);
#15695=LINE('',#800,#15698);
#15696=VECTOR('',#15699,1.0);
#15697=VECTOR('',#15700,1.0);
#15698=VECTOR('',#15701,1.0);
#15699=DIRECTION('',(0.09762854546858404,0.07491527453939449,0.9923992990477049));
#15700=DIRECTION('',(-0.7933444830846993,-0.608772971771145,0));
#15701=DIRECTION('',(0,0,-1));
#15702=FACE_SURFACE('',(#15707),#15703,.T.);
#15703=PLANE('',#15704);
#15704=AXIS2_PLACEMENT_3D('',#798,#15705,#15706);
#15705=DIRECTION('',(0.7933470756258152,-0.6087695931926685,0));
#15706=DIRECTION('',(0,0,1));
#15707=FACE_BOUND('',#15708,.T.);
#15708=EDGE_LOOP('',(#15709,#15710,#15711));
#15709=ORIENTED_EDGE('',*,*,#15712,.T.);
#15710=ORIENTED_EDGE('',*,*,#15713,.T.);
#15711=ORIENTED_EDGE('',*,*,#15714,.T.);
#15712=EDGE_CURVE('',#799,#801,#15715,.F.);
#15713=EDGE_CURVE('',#801,#803,#15716,.T.);
#15714=EDGE_CURVE('',#803,#799,#15717,.T.);
#15715=LINE('',#798,#15718);
#15716=LINE('',#800,#15719);
#15717=LINE('',#802,#15720);
#15718=VECTOR('',#15721,1.0);
#15719=VECTOR('',#15722,1.0);
#15720=VECTOR('',#15723,1.0);
#15721=DIRECTION('',(0,0,1));
#15722=DIRECTION('',(-0.07491247196122992,-0.09762575401746981,-0.9923997852162094));
#15723=DIRECTION('',(0.6087695931926685,0.7933470756258152,0));
#15724=FACE_SURFACE('',(#15729),#15725,.T.);
#15725=PLANE('',#15726);
#15726=AXIS2_PLACEMENT_3D('',#802,#15727,#15728);
#15727=DIRECTION('',(0.7933470756258152,-0.6087695931926685,0));
#15728=DIRECTION('',(0.07491247196122992,0.09762575401746981,0.9923997852162094));
#15729=FACE_BOUND('',#15730,.T.);
#15730=EDGE_LOOP('',(#15731,#15732,#15733));
#15731=ORIENTED_EDGE('',*,*,#15734,.T.);
#15732=ORIENTED_EDGE('',*,*,#15735,.T.);
#15733=ORIENTED_EDGE('',*,*,#15736,.T.);
#15734=EDGE_CURVE('',#803,#801,#15737,.F.);
#15735=EDGE_CURVE('',#801,#805,#15738,.T.);
#15736=EDGE_CURVE('',#805,#803,#15739,.T.);
#15737=LINE('',#802,#15740);
#15738=LINE('',#800,#15741);
#15739=LINE('',#804,#15742);
#15740=VECTOR('',#15743,1.0);
#15741=VECTOR('',#15744,1.0);
#15742=VECTOR('',#15745,1.0);
#15743=DIRECTION('',(0.07491247196122992,0.09762575401746981,0.9923997852162094));
#15744=DIRECTION('',(-0.6087695931926685,-0.7933470756258152,0));
#15745=DIRECTION('',(0,0,-1));
#15746=FACE_SURFACE('',(#15751),#15747,.T.);
#15747=PLANE('',#15748);
#15748=AXIS2_PLACEMENT_3D('',#802,#15749,#15750);
#15749=DIRECTION('',(0.9238812912789428,-0.3826791862967638,0));
#15750=DIRECTION('',(0,0,1));
#15751=FACE_BOUND('',#15752,.T.);
#15752=EDGE_LOOP('',(#15753,#15754,#15755));
#15753=ORIENTED_EDGE('',*,*,#15756,.T.);
#15754=ORIENTED_EDGE('',*,*,#15757,.T.);
#15755=ORIENTED_EDGE('',*,*,#15758,.T.);
#15756=EDGE_CURVE('',#803,#805,#15759,.F.);
#15757=EDGE_CURVE('',#805,#807,#15760,.T.);
#15758=EDGE_CURVE('',#807,#803,#15761,.T.);
#15759=LINE('',#802,#15762);
#15760=LINE('',#804,#15763);
#15761=LINE('',#806,#15764);
#15762=VECTOR('',#15765,1.0);
#15763=VECTOR('',#15766,1.0);
#15764=VECTOR('',#15767,1.0);
#15765=DIRECTION('',(0,0,1));
#15766=DIRECTION('',(-0.04709225179359722,-0.11369223086661936,-0.9923993130094255));
#15767=DIRECTION('',(0.3826791862967638,0.9238812912789428,0));
#15768=FACE_SURFACE('',(#15773),#15769,.T.);
#15769=PLANE('',#15770);
#15770=AXIS2_PLACEMENT_3D('',#806,#15771,#15772);
#15771=DIRECTION('',(0.9238812912789428,-0.3826791862967638,0));
#15772=DIRECTION('',(0.04709225179359722,0.11369223086661936,0.9923993130094255));
#15773=FACE_BOUND('',#15774,.T.);
#15774=EDGE_LOOP('',(#15775,#15776,#15777));
#15775=ORIENTED_EDGE('',*,*,#15778,.T.);
#15776=ORIENTED_EDGE('',*,*,#15779,.T.);
#15777=ORIENTED_EDGE('',*,*,#15780,.T.);
#15778=EDGE_CURVE('',#807,#805,#15781,.F.);
#15779=EDGE_CURVE('',#805,#809,#15782,.T.);
#15780=EDGE_CURVE('',#809,#807,#15783,.T.);
#15781=LINE('',#806,#15784);
#15782=LINE('',#804,#15785);
#15783=LINE('',#808,#15786);
#15784=VECTOR('',#15787,1.0);
#15785=VECTOR('',#15788,1.0);
#15786=VECTOR('',#15789,1.0);
#15787=DIRECTION('',(0.04709225179359722,0.11369223086661936,0.9923993130094255));
#15788=DIRECTION('',(-0.3826791862967638,-0.9238812912789428,0));
#15789=DIRECTION('',(0,0,-1));
#15790=FACE_SURFACE('',(#15795),#15791,.T.);
#15791=PLANE('',#15792);
#15792=AXIS2_PLACEMENT_3D('',#806,#15793,#15794);
#15793=DIRECTION('',(0.9914449212500862,-0.13052573741377738,0));
#15794=DIRECTION('',(0,0,1));
#15795=FACE_BOUND('',#15796,.T.);
#15796=EDGE_LOOP('',(#15797,#15798,#15799));
#15797=ORIENTED_EDGE('',*,*,#15800,.T.);
#15798=ORIENTED_EDGE('',*,*,#15801,.T.);
#15799=ORIENTED_EDGE('',*,*,#15802,.T.);
#15800=EDGE_CURVE('',#807,#809,#15803,.F.);
#15801=EDGE_CURVE('',#809,#811,#15804,.T.);
#15802=EDGE_CURVE('',#811,#807,#15805,.T.);
#15803=LINE('',#806,#15806);
#15804=LINE('',#808,#15807);
#15805=LINE('',#810,#15808);
#15806=VECTOR('',#15809,1.0);
#15807=VECTOR('',#15810,1.0);
#15808=VECTOR('',#15811,1.0);
#15809=DIRECTION('',(0,0,1));
#15810=DIRECTION('',(-0.016061800579529578,-0.12200192028201041,-0.9923998942007428));
#15811=DIRECTION('',(0.13052573741377738,0.9914449212500862,0));
#15812=FACE_SURFACE('',(#15817),#15813,.T.);
#15813=PLANE('',#15814);
#15814=AXIS2_PLACEMENT_3D('',#810,#15815,#15816);
#15815=DIRECTION('',(0.9914449212500862,-0.13052573741377738,0));
#15816=DIRECTION('',(0.016061800579529578,0.12200192028201041,0.9923998942007428));
#15817=FACE_BOUND('',#15818,.T.);
#15818=EDGE_LOOP('',(#15819,#15820,#15821));
#15819=ORIENTED_EDGE('',*,*,#15822,.T.);
#15820=ORIENTED_EDGE('',*,*,#15823,.T.);
#15821=ORIENTED_EDGE('',*,*,#15824,.T.);
#15822=EDGE_CURVE('',#811,#809,#15825,.F.);
#15823=EDGE_CURVE('',#809,#813,#15826,.T.);
#15824=EDGE_CURVE('',#813,#811,#15827,.T.);
#15825=LINE('',#810,#15828);
#15826=LINE('',#808,#15829);
#15827=LINE('',#812,#15830);
#15828=VECTOR('',#15831,1.0);
#15829=VECTOR('',#15832,1.0);
#15830=VECTOR('',#15833,1.0);
#15831=DIRECTION('',(0.016061800579529578,0.12200192028201041,0.9923998942007428));
#15832=DIRECTION('',(-0.13052573741377738,-0.9914449212500862,0));
#15833=DIRECTION('',(0,0,-1));
#15834=FACE_SURFACE('',(#15839),#15835,.T.);
#15835=PLANE('',#15836);
#15836=AXIS2_PLACEMENT_3D('',#810,#15837,#15838);
#15837=DIRECTION('',(0.9914454453585279,0.13052175633904972,-0));
#15838=DIRECTION('',(0,0,1));
#15839=FACE_BOUND('',#15840,.T.);
#15840=EDGE_LOOP('',(#15841,#15842,#15843));
#15841=ORIENTED_EDGE('',*,*,#15844,.T.);
#15842=ORIENTED_EDGE('',*,*,#15845,.T.);
#15843=ORIENTED_EDGE('',*,*,#15846,.T.);
#15844=EDGE_CURVE('',#811,#813,#15847,.F.);
#15845=EDGE_CURVE('',#813,#815,#15848,.T.);
#15846=EDGE_CURVE('',#815,#811,#15849,.T.);
#15847=LINE('',#810,#15850);
#15848=LINE('',#812,#15851);
#15849=LINE('',#814,#15852);
#15850=VECTOR('',#15853,1.0);
#15851=VECTOR('',#15854,1.0);
#15852=VECTOR('',#15855,1.0);
#15853=DIRECTION('',(0,0,1));
#15854=DIRECTION('',(0.016061793161063407,-0.12200564963638007,-0.9923994358408594));
#15855=DIRECTION('',(-0.13052175633904972,0.9914454453585279,0));
#15856=FACE_SURFACE('',(#15861),#15857,.T.);
#15857=PLANE('',#15858);
#15858=AXIS2_PLACEMENT_3D('',#814,#15859,#15860);
#15859=DIRECTION('',(0.9914454453585279,0.13052175633904972,-0));
#15860=DIRECTION('',(-0.016061793161063407,0.12200564963638007,0.9923994358408594));
#15861=FACE_BOUND('',#15862,.T.);
#15862=EDGE_LOOP('',(#15863,#15864,#15865));
#15863=ORIENTED_EDGE('',*,*,#15866,.T.);
#15864=ORIENTED_EDGE('',*,*,#15867,.T.);
#15865=ORIENTED_EDGE('',*,*,#15868,.T.);
#15866=EDGE_CURVE('',#815,#813,#15869,.F.);
#15867=EDGE_CURVE('',#813,#817,#15870,.T.);
#15868=EDGE_CURVE('',#817,#815,#15871,.T.);
#15869=LINE('',#814,#15872);
#15870=LINE('',#812,#15873);
#15871=LINE('',#816,#15874);
#15872=VECTOR('',#15875,1.0);
#15873=VECTOR('',#15876,1.0);
#15874=VECTOR('',#15877,1.0);
#15875=DIRECTION('',(-0.016061793161063407,0.12200564963638007,0.9923994358408594));
#15876=DIRECTION('',(0.13052175633904972,-0.9914454453585279,0));
#15877=DIRECTION('',(0,0,-1));
#15878=FACE_SURFACE('',(#15883),#15879,.T.);
#15879=PLANE('',#15880);
#15880=AXIS2_PLACEMENT_3D('',#814,#15881,#15882);
#15881=DIRECTION('',(0.9238812912789428,0.3826791862967638,-0));
#15882=DIRECTION('',(0,0,1));
#15883=FACE_BOUND('',#15884,.T.);
#15884=EDGE_LOOP('',(#15885,#15886,#15887));
#15885=ORIENTED_EDGE('',*,*,#15888,.T.);
#15886=ORIENTED_EDGE('',*,*,#15889,.T.);
#15887=ORIENTED_EDGE('',*,*,#15890,.T.);
#15888=EDGE_CURVE('',#815,#817,#15891,.F.);
#15889=EDGE_CURVE('',#817,#819,#15892,.T.);
#15890=EDGE_CURVE('',#819,#815,#15893,.T.);
#15891=LINE('',#814,#15894);
#15892=LINE('',#816,#15895);
#15893=LINE('',#818,#15896);
#15894=VECTOR('',#15897,1.0);
#15895=VECTOR('',#15898,1.0);
#15896=VECTOR('',#15899,1.0);
#15897=DIRECTION('',(0,0,1));
#15898=DIRECTION('',(0.04709225179359722,-0.11369223086661936,-0.9923993130094255));
#15899=DIRECTION('',(-0.3826791862967638,0.9238812912789428,0));
#15900=FACE_SURFACE('',(#15905),#15901,.T.);
#15901=PLANE('',#15902);
#15902=AXIS2_PLACEMENT_3D('',#818,#15903,#15904);
#15903=DIRECTION('',(0.9238812912789428,0.3826791862967638,-0));
#15904=DIRECTION('',(-0.04709225179359722,0.11369223086661936,0.9923993130094255));
#15905=FACE_BOUND('',#15906,.T.);
#15906=EDGE_LOOP('',(#15907,#15908,#15909));
#15907=ORIENTED_EDGE('',*,*,#15910,.T.);
#15908=ORIENTED_EDGE('',*,*,#15911,.T.);
#15909=ORIENTED_EDGE('',*,*,#15912,.T.);
#15910=EDGE_CURVE('',#819,#817,#15913,.F.);
#15911=EDGE_CURVE('',#817,#821,#15914,.T.);
#15912=EDGE_CURVE('',#821,#819,#15915,.T.);
#15913=LINE('',#818,#15916);
#15914=LINE('',#816,#15917);
#15915=LINE('',#820,#15918);
#15916=VECTOR('',#15919,1.0);
#15917=VECTOR('',#15920,1.0);
#15918=VECTOR('',#15921,1.0);
#15919=DIRECTION('',(-0.04709225179359722,0.11369223086661936,0.9923993130094255));
#15920=DIRECTION('',(0.3826791862967638,-0.9238812912789428,0));
#15921=DIRECTION('',(0,0,-1));
#15922=FACE_SURFACE('',(#15927),#15923,.T.);
#15923=PLANE('',#15924);
#15924=AXIS2_PLACEMENT_3D('',#818,#15925,#15926);
#15925=DIRECTION('',(0.7933470756258152,0.6087695931926685,-0));
#15926=DIRECTION('',(0,0,1));
#15927=FACE_BOUND('',#15928,.T.);
#15928=EDGE_LOOP('',(#15929,#15930,#15931));
#15929=ORIENTED_EDGE('',*,*,#15932,.T.);
#15930=ORIENTED_EDGE('',*,*,#15933,.T.);
#15931=ORIENTED_EDGE('',*,*,#15934,.T.);
#15932=EDGE_CURVE('',#819,#821,#15935,.F.);
#15933=EDGE_CURVE('',#821,#823,#15936,.T.);
#15934=EDGE_CURVE('',#823,#819,#15937,.T.);
#15935=LINE('',#818,#15938);
#15936=LINE('',#820,#15939);
#15937=LINE('',#822,#15940);
#15938=VECTOR('',#15941,1.0);
#15939=VECTOR('',#15942,1.0);
#15940=VECTOR('',#15943,1.0);
#15941=DIRECTION('',(0,0,1));
#15942=DIRECTION('',(0.07491247196122992,-0.09762575401746981,-0.9923997852162094));
#15943=DIRECTION('',(-0.6087695931926685,0.7933470756258152,0));
#15944=FACE_SURFACE('',(#15949),#15945,.T.);
#15945=PLANE('',#15946);
#15946=AXIS2_PLACEMENT_3D('',#822,#15947,#15948);
#15947=DIRECTION('',(0.7933470756258152,0.6087695931926685,-0));
#15948=DIRECTION('',(-0.07491247196122992,0.09762575401746981,0.9923997852162094));
#15949=FACE_BOUND('',#15950,.T.);
#15950=EDGE_LOOP('',(#15951,#15952,#15953));
#15951=ORIENTED_EDGE('',*,*,#15954,.T.);
#15952=ORIENTED_EDGE('',*,*,#15955,.T.);
#15953=ORIENTED_EDGE('',*,*,#15956,.T.);
#15954=EDGE_CURVE('',#823,#821,#15957,.F.);
#15955=EDGE_CURVE('',#821,#825,#15958,.T.);
#15956=EDGE_CURVE('',#825,#823,#15959,.T.);
#15957=LINE('',#822,#15960);
#15958=LINE('',#820,#15961);
#15959=LINE('',#824,#15962);
#15960=VECTOR('',#15963,1.0);
#15961=VECTOR('',#15964,1.0);
#15962=VECTOR('',#15965,1.0);
#15963=DIRECTION('',(-0.07491247196122992,0.09762575401746981,0.9923997852162094));
#15964=DIRECTION('',(0.6087695931926685,-0.7933470756258152,0));
#15965=DIRECTION('',(0,0,-1));
#15966=FACE_SURFACE('',(#15971),#15967,.T.);
#15967=PLANE('',#15968);
#15968=AXIS2_PLACEMENT_3D('',#822,#15969,#15970);
#15969=DIRECTION('',(0.6087536090083107,0.7933593407273636,-0));
#15970=DIRECTION('',(0,0,1));
#15971=FACE_BOUND('',#15972,.T.);
#15972=EDGE_LOOP('',(#15973,#15974,#15975));
#15973=ORIENTED_EDGE('',*,*,#15976,.T.);
#15974=ORIENTED_EDGE('',*,*,#15977,.T.);
#15975=ORIENTED_EDGE('',*,*,#15978,.T.);
#15976=EDGE_CURVE('',#823,#825,#15979,.F.);
#15977=EDGE_CURVE('',#825,#827,#15980,.T.);
#15978=EDGE_CURVE('',#827,#823,#15981,.T.);
#15979=LINE('',#822,#15982);
#15980=LINE('',#824,#15983);
#15981=LINE('',#826,#15984);
#15982=VECTOR('',#15985,1.0);
#15983=VECTOR('',#15986,1.0);
#15984=VECTOR('',#15987,1.0);
#15985=DIRECTION('',(0,0,1));
#15986=DIRECTION('',(0.09762857315603236,-0.07491151008139472,-0.992399580492073));
#15987=DIRECTION('',(-0.7933593407273636,0.6087536090083107,0));
#15988=FACE_SURFACE('',(#15993),#15989,.T.);
#15989=PLANE('',#15990);
#15990=AXIS2_PLACEMENT_3D('',#826,#15991,#15992);
#15991=DIRECTION('',(0.6087536090083107,0.7933593407273636,-0));
#15992=DIRECTION('',(-0.09762857315603236,0.07491151008139472,0.992399580492073));
#15993=FACE_BOUND('',#15994,.T.);
#15994=EDGE_LOOP('',(#15995,#15996,#15997));
#15995=ORIENTED_EDGE('',*,*,#15998,.T.);
#15996=ORIENTED_EDGE('',*,*,#15999,.T.);
#15997=ORIENTED_EDGE('',*,*,#16000,.T.);
#15998=EDGE_CURVE('',#827,#825,#16001,.F.);
#15999=EDGE_CURVE('',#825,#829,#16002,.T.);
#16000=EDGE_CURVE('',#829,#827,#16003,.T.);
#16001=LINE('',#826,#16004);
#16002=LINE('',#824,#16005);
#16003=LINE('',#828,#16006);
#16004=VECTOR('',#16007,1.0);
#16005=VECTOR('',#16008,1.0);
#16006=VECTOR('',#16009,1.0);
#16007=DIRECTION('',(-0.09762857315603236,0.07491151008139472,0.992399580492073));
#16008=DIRECTION('',(0.7933593407273636,-0.6087536090083107,0));
#16009=DIRECTION('',(0,0,-1));
#16010=FACE_SURFACE('',(#16015),#16011,.T.);
#16011=PLANE('',#16012);
#16012=AXIS2_PLACEMENT_3D('',#826,#16013,#16014);
#16013=DIRECTION('',(0.38270047286074205,0.923872473922762,-0));
#16014=DIRECTION('',(0,0,1));
#16015=FACE_BOUND('',#16016,.T.);
#16016=EDGE_LOOP('',(#16017,#16018,#16019));
#16017=ORIENTED_EDGE('',*,*,#16020,.T.);
#16018=ORIENTED_EDGE('',*,*,#16021,.T.);
#16019=ORIENTED_EDGE('',*,*,#16022,.T.);
#16020=EDGE_CURVE('',#827,#829,#16023,.F.);
#16021=EDGE_CURVE('',#829,#831,#16024,.T.);
#16022=EDGE_CURVE('',#831,#827,#16025,.T.);
#16023=LINE('',#826,#16026);
#16024=LINE('',#828,#16027);
#16025=LINE('',#830,#16028);
#16026=VECTOR('',#16029,1.0);
#16027=VECTOR('',#16030,1.0);
#16028=VECTOR('',#16031,1.0);
#16029=DIRECTION('',(0,0,1));
#16030=DIRECTION('',(0.11368941815400299,-0.047094155649058805,-0.9923995448928352));
#16031=DIRECTION('',(-0.923872473922762,0.38270047286074205,0));
#16032=FACE_SURFACE('',(#16037),#16033,.T.);
#16033=PLANE('',#16034);
#16034=AXIS2_PLACEMENT_3D('',#830,#16035,#16036);
#16035=DIRECTION('',(0.38270047286074205,0.923872473922762,-0));
#16036=DIRECTION('',(-0.11368941815400299,0.047094155649058805,0.9923995448928352));
#16037=FACE_BOUND('',#16038,.T.);
#16038=EDGE_LOOP('',(#16039,#16040,#16041));
#16039=ORIENTED_EDGE('',*,*,#16042,.T.);
#16040=ORIENTED_EDGE('',*,*,#16043,.T.);
#16041=ORIENTED_EDGE('',*,*,#16044,.T.);
#16042=EDGE_CURVE('',#831,#829,#16045,.F.);
#16043=EDGE_CURVE('',#829,#833,#16046,.T.);
#16044=EDGE_CURVE('',#833,#831,#16047,.T.);
#16045=LINE('',#830,#16048);
#16046=LINE('',#828,#16049);
#16047=LINE('',#832,#16050);
#16048=VECTOR('',#16051,1.0);
#16049=VECTOR('',#16052,1.0);
#16050=VECTOR('',#16053,1.0);
#16051=DIRECTION('',(-0.11368941815400299,0.047094155649058805,0.9923995448928352));
#16052=DIRECTION('',(0.923872473922762,-0.38270047286074205,0));
#16053=DIRECTION('',(0,0,-1));
#16054=FACE_SURFACE('',(#16059),#16055,.T.);
#16055=PLANE('',#16056);
#16056=AXIS2_PLACEMENT_3D('',#830,#16057,#16058);
#16057=DIRECTION('',(0.1305303114784014,0.9914443190544547,-0));
#16058=DIRECTION('',(0,0,1));
#16059=FACE_BOUND('',#16060,.T.);
#16060=EDGE_LOOP('',(#16061,#16062,#16063));
#16061=ORIENTED_EDGE('',*,*,#16064,.T.);
#16062=ORIENTED_EDGE('',*,*,#16065,.T.);
#16063=ORIENTED_EDGE('',*,*,#16066,.T.);
#16064=EDGE_CURVE('',#831,#833,#16067,.F.);
#16065=EDGE_CURVE('',#833,#835,#16068,.T.);
#16066=EDGE_CURVE('',#835,#831,#16069,.T.);
#16067=LINE('',#830,#16070);
#16068=LINE('',#832,#16071);
#16069=LINE('',#834,#16072);
#16070=VECTOR('',#16073,1.0);
#16071=VECTOR('',#16074,1.0);
#16072=VECTOR('',#16075,1.0);
#16073=DIRECTION('',(0,0,1));
#16074=DIRECTION('',(0.12200471544358722,-0.016062741197481693,-0.9923995353458969));
#16075=DIRECTION('',(-0.9914443190544547,0.1305303114784014,0));
#16076=FACE_SURFACE('',(#16081),#16077,.T.);
#16077=PLANE('',#16078);
#16078=AXIS2_PLACEMENT_3D('',#834,#16079,#16080);
#16079=DIRECTION('',(0.1305303114784014,0.9914443190544547,-0));
#16080=DIRECTION('',(-0.12200471544358722,0.016062741197481693,0.9923995353458969));
#16081=FACE_BOUND('',#16082,.T.);
#16082=EDGE_LOOP('',(#16083,#16084,#16085));
#16083=ORIENTED_EDGE('',*,*,#16086,.T.);
#16084=ORIENTED_EDGE('',*,*,#16087,.T.);
#16085=ORIENTED_EDGE('',*,*,#16088,.T.);
#16086=EDGE_CURVE('',#835,#833,#16089,.F.);
#16087=EDGE_CURVE('',#833,#837,#16090,.T.);
#16088=EDGE_CURVE('',#837,#835,#16091,.T.);
#16089=LINE('',#834,#16092);
#16090=LINE('',#832,#16093);
#16091=LINE('',#836,#16094);
#16092=VECTOR('',#16095,1.0);
#16093=VECTOR('',#16096,1.0);
#16094=VECTOR('',#16097,1.0);
#16095=DIRECTION('',(-0.12200471544358722,0.016062741197481693,0.9923995353458969));
#16096=DIRECTION('',(0.9914443190544547,-0.1305303114784014,0));
#16097=DIRECTION('',(0,0,-1));
#16098=FACE_SURFACE('',(#16103),#16099,.T.);
#16099=PLANE('',#16100);
#16100=AXIS2_PLACEMENT_3D('',#834,#16101,#16102);
#16101=DIRECTION('',(-0.1305303114784014,0.9914443190544547,0));
#16102=DIRECTION('',(0,0,1));
#16103=FACE_BOUND('',#16104,.T.);
#16104=EDGE_LOOP('',(#16105,#16106,#16107));
#16105=ORIENTED_EDGE('',*,*,#16108,.T.);
#16106=ORIENTED_EDGE('',*,*,#16109,.T.);
#16107=ORIENTED_EDGE('',*,*,#16110,.T.);
#16108=EDGE_CURVE('',#835,#837,#16111,.F.);
#16109=EDGE_CURVE('',#837,#839,#16112,.T.);
#16110=EDGE_CURVE('',#839,#835,#16113,.T.);
#16111=LINE('',#834,#16114);
#16112=LINE('',#836,#16115);
#16113=LINE('',#838,#16116);
#16114=VECTOR('',#16117,1.0);
#16115=VECTOR('',#16118,1.0);
#16116=VECTOR('',#16119,1.0);
#16117=DIRECTION('',(0,0,1));
#16118=DIRECTION('',(0.12200471544358722,0.016062741197481693,-0.9923995353458969));
#16119=DIRECTION('',(-0.9914443190544547,-0.1305303114784014,0));
#16120=FACE_SURFACE('',(#16125),#16121,.T.);
#16121=PLANE('',#16122);
#16122=AXIS2_PLACEMENT_3D('',#838,#16123,#16124);
#16123=DIRECTION('',(-0.1305303114784014,0.9914443190544547,0));
#16124=DIRECTION('',(-0.12200471544358722,-0.016062741197481693,0.9923995353458969));
#16125=FACE_BOUND('',#16126,.T.);
#16126=EDGE_LOOP('',(#16127,#16128,#16129));
#16127=ORIENTED_EDGE('',*,*,#16130,.T.);
#16128=ORIENTED_EDGE('',*,*,#16131,.T.);
#16129=ORIENTED_EDGE('',*,*,#16132,.T.);
#16130=EDGE_CURVE('',#839,#837,#16133,.F.);
#16131=EDGE_CURVE('',#837,#841,#16134,.T.);
#16132=EDGE_CURVE('',#841,#839,#16135,.T.);
#16133=LINE('',#838,#16136);
#16134=LINE('',#836,#16137);
#16135=LINE('',#840,#16138);
#16136=VECTOR('',#16139,1.0);
#16137=VECTOR('',#16140,1.0);
#16138=VECTOR('',#16141,1.0);
#16139=DIRECTION('',(-0.12200471544358722,-0.016062741197481693,0.9923995353458969));
#16140=DIRECTION('',(0.9914443190544547,0.1305303114784014,0));
#16141=DIRECTION('',(0,0,-1));
#16142=FACE_SURFACE('',(#16147),#16143,.T.);
#16143=PLANE('',#16144);
#16144=AXIS2_PLACEMENT_3D('',#838,#16145,#16146);
#16145=DIRECTION('',(-0.38269775362517106,0.9238736003210871,0));
#16146=DIRECTION('',(0,0,1));
#16147=FACE_BOUND('',#16148,.T.);
#16148=EDGE_LOOP('',(#16149,#16150,#16151));
#16149=ORIENTED_EDGE('',*,*,#16152,.T.);
#16150=ORIENTED_EDGE('',*,*,#16153,.T.);
#16151=ORIENTED_EDGE('',*,*,#16154,.T.);
#16152=EDGE_CURVE('',#839,#841,#16155,.F.);
#16153=EDGE_CURVE('',#841,#843,#16156,.T.);
#16154=EDGE_CURVE('',#843,#839,#16157,.T.);
#16155=LINE('',#838,#16158);
#16156=LINE('',#840,#16159);
#16157=LINE('',#842,#16160);
#16158=VECTOR('',#16161,1.0);
#16159=VECTOR('',#16162,1.0);
#16160=VECTOR('',#16163,1.0);
#16161=DIRECTION('',(0,0,1));
#16162=DIRECTION('',(0.11369035234698568,0.04709415058177254,-0.99239943811159));
#16163=DIRECTION('',(-0.9238736003210871,-0.38269775362517106,0));
#16164=FACE_SURFACE('',(#16169),#16165,.T.);
#16165=PLANE('',#16166);
#16166=AXIS2_PLACEMENT_3D('',#842,#16167,#16168);
#16167=DIRECTION('',(-0.38269775362517106,0.9238736003210871,0));
#16168=DIRECTION('',(-0.11369035234698568,-0.04709415058177254,0.99239943811159));
#16169=FACE_BOUND('',#16170,.T.);
#16170=EDGE_LOOP('',(#16171,#16172,#16173));
#16171=ORIENTED_EDGE('',*,*,#16174,.T.);
#16172=ORIENTED_EDGE('',*,*,#16175,.T.);
#16173=ORIENTED_EDGE('',*,*,#16176,.T.);
#16174=EDGE_CURVE('',#843,#841,#16177,.F.);
#16175=EDGE_CURVE('',#841,#845,#16178,.T.);
#16176=EDGE_CURVE('',#845,#843,#16179,.T.);
#16177=LINE('',#842,#16180);
#16178=LINE('',#840,#16181);
#16179=LINE('',#844,#16182);
#16180=VECTOR('',#16183,1.0);
#16181=VECTOR('',#16184,1.0);
#16182=VECTOR('',#16185,1.0);
#16183=DIRECTION('',(-0.11369035234698568,-0.04709415058177254,0.99239943811159));
#16184=DIRECTION('',(0.9238736003210871,0.38269775362517106,0));
#16185=DIRECTION('',(0,0,-1));
#16186=FACE_SURFACE('',(#16191),#16187,.T.);
#16187=PLANE('',#16188);
#16188=AXIS2_PLACEMENT_3D('',#842,#16189,#16190);
#16189=DIRECTION('',(-0.6087536090083107,0.7933593407273636,0));
#16190=DIRECTION('',(0,0,1));
#16191=FACE_BOUND('',#16192,.T.);
#16192=EDGE_LOOP('',(#16193,#16194,#16195));
#16193=ORIENTED_EDGE('',*,*,#16196,.T.);
#16194=ORIENTED_EDGE('',*,*,#16197,.T.);
#16195=ORIENTED_EDGE('',*,*,#16198,.T.);
#16196=EDGE_CURVE('',#843,#845,#16199,.F.);
#16197=EDGE_CURVE('',#845,#847,#16200,.T.);
#16198=EDGE_CURVE('',#847,#843,#16201,.T.);
#16199=LINE('',#842,#16202);
#16200=LINE('',#844,#16203);
#16201=LINE('',#846,#16204);
#16202=VECTOR('',#16205,1.0);
#16203=VECTOR('',#16206,1.0);
#16204=VECTOR('',#16207,1.0);
#16205=DIRECTION('',(0,0,1));
#16206=DIRECTION('',(0.09762857315603236,0.07491151008139472,-0.992399580492073));
#16207=DIRECTION('',(-0.7933593407273636,-0.6087536090083107,0));
#16208=FACE_SURFACE('',(#16213),#16209,.T.);
#16209=PLANE('',#16210);
#16210=AXIS2_PLACEMENT_3D('',#846,#16211,#16212);
#16211=DIRECTION('',(-0.6087536090083107,0.7933593407273636,0));
#16212=DIRECTION('',(-0.09762857315603236,-0.07491151008139472,0.992399580492073));
#16213=FACE_BOUND('',#16214,.T.);
#16214=EDGE_LOOP('',(#16215,#16216,#16217));
#16215=ORIENTED_EDGE('',*,*,#16218,.T.);
#16216=ORIENTED_EDGE('',*,*,#16219,.T.);
#16217=ORIENTED_EDGE('',*,*,#16220,.T.);
#16218=EDGE_CURVE('',#847,#845,#16221,.F.);
#16219=EDGE_CURVE('',#845,#849,#16222,.T.);
#16220=EDGE_CURVE('',#849,#847,#16223,.T.);
#16221=LINE('',#846,#16224);
#16222=LINE('',#844,#16225);
#16223=LINE('',#848,#16226);
#16224=VECTOR('',#16227,1.0);
#16225=VECTOR('',#16228,1.0);
#16226=VECTOR('',#16229,1.0);
#16227=DIRECTION('',(-0.09762857315603236,-0.07491151008139472,0.992399580492073));
#16228=DIRECTION('',(0.7933593407273636,0.6087536090083107,0));
#16229=DIRECTION('',(0,0,-1));
#16230=FACE_SURFACE('',(#16235),#16231,.T.);
#16231=PLANE('',#16232);
#16232=AXIS2_PLACEMENT_3D('',#846,#16233,#16234);
#16233=DIRECTION('',(-0.7933470756258152,0.6087695931926685,0));
#16234=DIRECTION('',(0,0,1));
#16235=FACE_BOUND('',#16236,.T.);
#16236=EDGE_LOOP('',(#16237,#16238,#16239));
#16237=ORIENTED_EDGE('',*,*,#16240,.T.);
#16238=ORIENTED_EDGE('',*,*,#16241,.T.);
#16239=ORIENTED_EDGE('',*,*,#16242,.T.);
#16240=EDGE_CURVE('',#847,#849,#16243,.F.);
#16241=EDGE_CURVE('',#849,#851,#16244,.T.);
#16242=EDGE_CURVE('',#851,#847,#16245,.T.);
#16243=LINE('',#846,#16246);
#16244=LINE('',#848,#16247);
#16245=LINE('',#850,#16248);
#16246=VECTOR('',#16249,1.0);
#16247=VECTOR('',#16250,1.0);
#16248=VECTOR('',#16251,1.0);
#16249=DIRECTION('',(0,0,1));
#16250=DIRECTION('',(0.07491247196122992,0.09762575401746981,-0.9923997852162094));
#16251=DIRECTION('',(-0.6087695931926685,-0.7933470756258152,0));
#16252=FACE_SURFACE('',(#16257),#16253,.T.);
#16253=PLANE('',#16254);
#16254=AXIS2_PLACEMENT_3D('',#850,#16255,#16256);
#16255=DIRECTION('',(-0.7933470756258152,0.6087695931926685,0));
#16256=DIRECTION('',(-0.07491247196122992,-0.09762575401746981,0.9923997852162094));
#16257=FACE_BOUND('',#16258,.T.);
#16258=EDGE_LOOP('',(#16259,#16260,#16261));
#16259=ORIENTED_EDGE('',*,*,#16262,.T.);
#16260=ORIENTED_EDGE('',*,*,#16263,.T.);
#16261=ORIENTED_EDGE('',*,*,#16264,.T.);
#16262=EDGE_CURVE('',#851,#849,#16265,.F.);
#16263=EDGE_CURVE('',#849,#853,#16266,.T.);
#16264=EDGE_CURVE('',#853,#851,#16267,.T.);
#16265=LINE('',#850,#16268);
#16266=LINE('',#848,#16269);
#16267=LINE('',#852,#16270);
#16268=VECTOR('',#16271,1.0);
#16269=VECTOR('',#16272,1.0);
#16270=VECTOR('',#16273,1.0);
#16271=DIRECTION('',(-0.07491247196122992,-0.09762575401746981,0.9923997852162094));
#16272=DIRECTION('',(0.6087695931926685,0.7933470756258152,0));
#16273=DIRECTION('',(0,0,-1));
#16274=FACE_SURFACE('',(#16279),#16275,.T.);
#16275=PLANE('',#16276);
#16276=AXIS2_PLACEMENT_3D('',#850,#16277,#16278);
#16277=DIRECTION('',(-0.9238812912789428,0.3826791862967638,0));
#16278=DIRECTION('',(0,0,1));
#16279=FACE_BOUND('',#16280,.T.);
#16280=EDGE_LOOP('',(#16281,#16282,#16283));
#16281=ORIENTED_EDGE('',*,*,#16284,.T.);
#16282=ORIENTED_EDGE('',*,*,#16285,.T.);
#16283=ORIENTED_EDGE('',*,*,#16286,.T.);
#16284=EDGE_CURVE('',#851,#853,#16287,.F.);
#16285=EDGE_CURVE('',#853,#855,#16288,.T.);
#16286=EDGE_CURVE('',#855,#851,#16289,.T.);
#16287=LINE('',#850,#16290);
#16288=LINE('',#852,#16291);
#16289=LINE('',#854,#16292);
#16290=VECTOR('',#16293,1.0);
#16291=VECTOR('',#16294,1.0);
#16292=VECTOR('',#16295,1.0);
#16293=DIRECTION('',(0,0,1));
#16294=DIRECTION('',(0.04709225179359722,0.11369223086661936,-0.9923993130094255));
#16295=DIRECTION('',(-0.3826791862967638,-0.9238812912789428,0));
#16296=FACE_SURFACE('',(#16301),#16297,.T.);
#16297=PLANE('',#16298);
#16298=AXIS2_PLACEMENT_3D('',#854,#16299,#16300);
#16299=DIRECTION('',(-0.9238812912789428,0.3826791862967638,0));
#16300=DIRECTION('',(-0.04709225179359722,-0.11369223086661936,0.9923993130094255));
#16301=FACE_BOUND('',#16302,.T.);
#16302=EDGE_LOOP('',(#16303,#16304,#16305));
#16303=ORIENTED_EDGE('',*,*,#16306,.T.);
#16304=ORIENTED_EDGE('',*,*,#16307,.T.);
#16305=ORIENTED_EDGE('',*,*,#16308,.T.);
#16306=EDGE_CURVE('',#855,#853,#16309,.F.);
#16307=EDGE_CURVE('',#853,#857,#16310,.T.);
#16308=EDGE_CURVE('',#857,#855,#16311,.T.);
#16309=LINE('',#854,#16312);
#16310=LINE('',#852,#16313);
#16311=LINE('',#856,#16314);
#16312=VECTOR('',#16315,1.0);
#16313=VECTOR('',#16316,1.0);
#16314=VECTOR('',#16317,1.0);
#16315=DIRECTION('',(-0.04709225179359722,-0.11369223086661936,0.9923993130094255));
#16316=DIRECTION('',(0.3826791862967638,0.9238812912789428,0));
#16317=DIRECTION('',(0,0,-1));
#16318=FACE_SURFACE('',(#16323),#16319,.T.);
#16319=PLANE('',#16320);
#16320=AXIS2_PLACEMENT_3D('',#854,#16321,#16322);
#16321=DIRECTION('',(-0.9914454453585279,0.13052175633904972,0));
#16322=DIRECTION('',(0,0,1));
#16323=FACE_BOUND('',#16324,.T.);
#16324=EDGE_LOOP('',(#16325,#16326,#16327));
#16325=ORIENTED_EDGE('',*,*,#16328,.T.);
#16326=ORIENTED_EDGE('',*,*,#16329,.T.);
#16327=ORIENTED_EDGE('',*,*,#16330,.T.);
#16328=EDGE_CURVE('',#855,#857,#16331,.F.);
#16329=EDGE_CURVE('',#857,#763,#16332,.T.);
#16330=EDGE_CURVE('',#763,#855,#16333,.T.);
#16331=LINE('',#854,#16334);
#16332=LINE('',#856,#16335);
#16333=LINE('',#762,#16336);
#16334=VECTOR('',#16337,1.0);
#16335=VECTOR('',#16338,1.0);
#16336=VECTOR('',#16339,1.0);
#16337=DIRECTION('',(0,0,1));
#16338=DIRECTION('',(0.016061793161063407,0.12200564963638007,-0.9923994358408594));
#16339=DIRECTION('',(-0.13052175633904972,-0.9914454453585279,0));
#16340=FACE_SURFACE('',(#16345),#16341,.T.);
#16341=PLANE('',#16342);
#16342=AXIS2_PLACEMENT_3D('',#762,#16343,#16344);
#16343=DIRECTION('',(-0.9914454453585279,0.13052175633904972,0));
#16344=DIRECTION('',(-0.016061793161063407,-0.12200564963638007,0.9923994358408594));
#16345=FACE_BOUND('',#16346,.T.);
#16346=EDGE_LOOP('',(#16347,#16348,#16349));
#16347=ORIENTED_EDGE('',*,*,#16350,.T.);
#16348=ORIENTED_EDGE('',*,*,#16351,.T.);
#16349=ORIENTED_EDGE('',*,*,#16352,.T.);
#16350=EDGE_CURVE('',#763,#857,#16353,.F.);
#16351=EDGE_CURVE('',#857,#765,#16354,.T.);
#16352=EDGE_CURVE('',#765,#763,#16355,.T.);
#16353=LINE('',#762,#16356);
#16354=LINE('',#856,#16357);
#16355=LINE('',#764,#16358);
#16356=VECTOR('',#16359,1.0);
#16357=VECTOR('',#16360,1.0);
#16358=VECTOR('',#16361,1.0);
#16359=DIRECTION('',(-0.016061793161063407,-0.12200564963638007,0.9923994358408594));
#16360=DIRECTION('',(0.13052175633904972,0.9914454453585279,0));
#16361=DIRECTION('',(0,0,-1));
#16362=FACE_SURFACE('',(#16367),#16363,.T.);
#16363=PLANE('',#16364);
#16364=AXIS2_PLACEMENT_3D('',#766,#16365,#16366);
#16365=DIRECTION('',(0,0,1));
#16366=DIRECTION('',(-1,0,0));
#16367=FACE_BOUND('',#16368,.T.);
#16368=EDGE_LOOP('',(#16369,#16370,#16371));
#16369=ORIENTED_EDGE('',*,*,#16372,.T.);
#16370=ORIENTED_EDGE('',*,*,#16373,.T.);
#16371=ORIENTED_EDGE('',*,*,#16374,.T.);
#16372=EDGE_CURVE('',#767,#807,#16375,.F.);
#16373=EDGE_CURVE('',#807,#763,#16376,.T.);
#16374=EDGE_CURVE('',#763,#767,#16377,.T.);
#16375=LINE('',#766,#16378);
#16376=LINE('',#806,#16379);
#16377=LINE('',#762,#16380);
#16378=VECTOR('',#16381,1.0);
#16379=VECTOR('',#16382,1.0);
#16380=VECTOR('',#16383,1.0);
#16381=DIRECTION('',(-1,0,0));
#16382=DIRECTION('',(0.9914452500045706,-0.13052324024239687,0));
#16383=DIRECTION('',(-0.13052573741377738,0.9914449212500862,0));
#16384=FACE_SURFACE('',(#16389),#16385,.T.);
#16385=PLANE('',#16386);
#16386=AXIS2_PLACEMENT_3D('',#762,#16387,#16388);
#16387=DIRECTION('',(0,0,1));
#16388=DIRECTION('',(-0.9914452500045706,0.13052324024239687,0));
#16389=FACE_BOUND('',#16390,.T.);
#16390=EDGE_LOOP('',(#16391,#16392,#16393));
#16391=ORIENTED_EDGE('',*,*,#16394,.T.);
#16392=ORIENTED_EDGE('',*,*,#16395,.T.);
#16393=ORIENTED_EDGE('',*,*,#16396,.T.);
#16394=EDGE_CURVE('',#763,#807,#16397,.F.);
#16395=EDGE_CURVE('',#807,#811,#16398,.T.);
#16396=EDGE_CURVE('',#811,#763,#16399,.T.);
#16397=LINE('',#762,#16400);
#16398=LINE('',#806,#16401);
#16399=LINE('',#810,#16402);
#16400=VECTOR('',#16403,1.0);
#16401=VECTOR('',#16404,1.0);
#16402=VECTOR('',#16405,1.0);
#16403=DIRECTION('',(-0.9914452500045706,0.13052324024239687,0));
#16404=DIRECTION('',(-0.13052573741377738,-0.9914449212500862,0));
#16405=DIRECTION('',(1,0,0));
#16406=FACE_SURFACE('',(#16411),#16407,.T.);
#16407=PLANE('',#16408);
#16408=AXIS2_PLACEMENT_3D('',#762,#16409,#16410);
#16409=DIRECTION('',(0,0,1));
#16410=DIRECTION('',(-1,0,0));
#16411=FACE_BOUND('',#16412,.T.);
#16412=EDGE_LOOP('',(#16413,#16414,#16415));
#16413=ORIENTED_EDGE('',*,*,#16416,.T.);
#16414=ORIENTED_EDGE('',*,*,#16417,.T.);
#16415=ORIENTED_EDGE('',*,*,#16418,.T.);
#16416=EDGE_CURVE('',#763,#811,#16419,.F.);
#16417=EDGE_CURVE('',#811,#855,#16420,.T.);
#16418=EDGE_CURVE('',#855,#763,#16421,.T.);
#16419=LINE('',#762,#16422);
#16420=LINE('',#810,#16423);
#16421=LINE('',#854,#16424);
#16422=VECTOR('',#16425,1.0);
#16423=VECTOR('',#16426,1.0);
#16424=VECTOR('',#16427,1.0);
#16425=DIRECTION('',(-1,0,0));
#16426=DIRECTION('',(0.9914447258843149,-0.13052722136081646,0));
#16427=DIRECTION('',(0.13052175633904972,0.9914454453585279,0));
#16428=FACE_SURFACE('',(#16433),#16429,.T.);
#16429=PLANE('',#16430);
#16430=AXIS2_PLACEMENT_3D('',#854,#16431,#16432);
#16431=DIRECTION('',(0,0,1));
#16432=DIRECTION('',(-0.9914447258843149,0.13052722136081646,0));
#16433=FACE_BOUND('',#16434,.T.);
#16434=EDGE_LOOP('',(#16435,#16436,#16437));
#16435=ORIENTED_EDGE('',*,*,#16438,.T.);
#16436=ORIENTED_EDGE('',*,*,#16439,.T.);
#16437=ORIENTED_EDGE('',*,*,#16440,.T.);
#16438=EDGE_CURVE('',#855,#811,#16441,.F.);
#16439=EDGE_CURVE('',#811,#815,#16442,.T.);
#16440=EDGE_CURVE('',#815,#855,#16443,.T.);
#16441=LINE('',#854,#16444);
#16442=LINE('',#810,#16445);
#16443=LINE('',#814,#16446);
#16444=VECTOR('',#16447,1.0);
#16445=VECTOR('',#16448,1.0);
#16446=VECTOR('',#16449,1.0);
#16447=DIRECTION('',(-0.9914447258843149,0.13052722136081646,0));
#16448=DIRECTION('',(0.13052175633904972,-0.9914454453585279,0));
#16449=DIRECTION('',(1,0,0));
#16450=FACE_SURFACE('',(#16455),#16451,.T.);
#16451=PLANE('',#16452);
#16452=AXIS2_PLACEMENT_3D('',#854,#16453,#16454);
#16453=DIRECTION('',(0,0,1));
#16454=DIRECTION('',(-1,0,0));
#16455=FACE_BOUND('',#16456,.T.);
#16456=EDGE_LOOP('',(#16457,#16458,#16459));
#16457=ORIENTED_EDGE('',*,*,#16460,.T.);
#16458=ORIENTED_EDGE('',*,*,#16461,.T.);
#16459=ORIENTED_EDGE('',*,*,#16462,.T.);
#16460=EDGE_CURVE('',#855,#815,#16463,.F.);
#16461=EDGE_CURVE('',#815,#851,#16464,.T.);
#16462=EDGE_CURVE('',#851,#855,#16465,.T.);
#16463=LINE('',#854,#16466);
#16464=LINE('',#814,#16467);
#16465=LINE('',#850,#16468);
#16466=VECTOR('',#16469,1.0);
#16467=VECTOR('',#16470,1.0);
#16468=VECTOR('',#16471,1.0);
#16469=DIRECTION('',(-1,0,0));
#16470=DIRECTION('',(0.9914445698044766,-0.13052840688990391,0));
#16471=DIRECTION('',(0.3826791862967638,0.9238812912789428,0));
#16472=FACE_SURFACE('',(#16477),#16473,.T.);
#16473=PLANE('',#16474);
#16474=AXIS2_PLACEMENT_3D('',#850,#16475,#16476);
#16475=DIRECTION('',(0,0,1));
#16476=DIRECTION('',(-0.9914445698044766,0.13052840688990391,0));
#16477=FACE_BOUND('',#16478,.T.);
#16478=EDGE_LOOP('',(#16479,#16480,#16481));
#16479=ORIENTED_EDGE('',*,*,#16482,.T.);
#16480=ORIENTED_EDGE('',*,*,#16483,.T.);
#16481=ORIENTED_EDGE('',*,*,#16484,.T.);
#16482=EDGE_CURVE('',#851,#815,#16485,.F.);
#16483=EDGE_CURVE('',#815,#819,#16486,.T.);
#16484=EDGE_CURVE('',#819,#851,#16487,.T.);
#16485=LINE('',#850,#16488);
#16486=LINE('',#814,#16489);
#16487=LINE('',#818,#16490);
#16488=VECTOR('',#16491,1.0);
#16489=VECTOR('',#16492,1.0);
#16490=VECTOR('',#16493,1.0);
#16491=DIRECTION('',(-0.9914445698044766,0.13052840688990391,0));
#16492=DIRECTION('',(0.3826791862967638,-0.9238812912789428,0));
#16493=DIRECTION('',(1,0,0));
#16494=FACE_SURFACE('',(#16499),#16495,.T.);
#16495=PLANE('',#16496);
#16496=AXIS2_PLACEMENT_3D('',#850,#16497,#16498);
#16497=DIRECTION('',(0,0,1));
#16498=DIRECTION('',(-1,0,0));
#16499=FACE_BOUND('',#16500,.T.);
#16500=EDGE_LOOP('',(#16501,#16502,#16503));
#16501=ORIENTED_EDGE('',*,*,#16504,.T.);
#16502=ORIENTED_EDGE('',*,*,#16505,.T.);
#16503=ORIENTED_EDGE('',*,*,#16506,.T.);
#16504=EDGE_CURVE('',#851,#819,#16507,.F.);
#16505=EDGE_CURVE('',#819,#847,#16508,.T.);
#16506=EDGE_CURVE('',#847,#851,#16509,.T.);
#16507=LINE('',#850,#16510);
#16508=LINE('',#818,#16511);
#16509=LINE('',#846,#16512);
#16510=VECTOR('',#16513,1.0);
#16511=VECTOR('',#16514,1.0);
#16512=VECTOR('',#16515,1.0);
#16513=DIRECTION('',(-1,0,0));
#16514=DIRECTION('',(0.9914452660476235,-0.13052311838045025,0));
#16515=DIRECTION('',(0.6087695931926685,0.7933470756258152,0));
#16516=FACE_SURFACE('',(#16521),#16517,.T.);
#16517=PLANE('',#16518);
#16518=AXIS2_PLACEMENT_3D('',#846,#16519,#16520);
#16519=DIRECTION('',(0,0,1));
#16520=DIRECTION('',(-0.9914452660476235,0.13052311838045025,0));
#16521=FACE_BOUND('',#16522,.T.);
#16522=EDGE_LOOP('',(#16523,#16524,#16525));
#16523=ORIENTED_EDGE('',*,*,#16526,.T.);
#16524=ORIENTED_EDGE('',*,*,#16527,.T.);
#16525=ORIENTED_EDGE('',*,*,#16528,.T.);
#16526=EDGE_CURVE('',#847,#819,#16529,.F.);
#16527=EDGE_CURVE('',#819,#823,#16530,.T.);
#16528=EDGE_CURVE('',#823,#847,#16531,.T.);
#16529=LINE('',#846,#16532);
#16530=LINE('',#818,#16533);
#16531=LINE('',#822,#16534);
#16532=VECTOR('',#16535,1.0);
#16533=VECTOR('',#16536,1.0);
#16534=VECTOR('',#16537,1.0);
#16535=DIRECTION('',(-0.9914452660476235,0.13052311838045025,0));
#16536=DIRECTION('',(0.6087695931926685,-0.7933470756258152,0));
#16537=DIRECTION('',(1,0,0));
#16538=FACE_SURFACE('',(#16543),#16539,.T.);
#16539=PLANE('',#16540);
#16540=AXIS2_PLACEMENT_3D('',#846,#16541,#16542);
#16541=DIRECTION('',(0,0,1));
#16542=DIRECTION('',(-1,0,0));
#16543=FACE_BOUND('',#16544,.T.);
#16544=EDGE_LOOP('',(#16545,#16546,#16547));
#16545=ORIENTED_EDGE('',*,*,#16548,.T.);
#16546=ORIENTED_EDGE('',*,*,#16549,.T.);
#16547=ORIENTED_EDGE('',*,*,#16550,.T.);
#16548=EDGE_CURVE('',#847,#823,#16551,.F.);
#16549=EDGE_CURVE('',#823,#843,#16552,.T.);
#16550=EDGE_CURVE('',#843,#847,#16553,.T.);
#16551=LINE('',#846,#16554);
#16552=LINE('',#822,#16555);
#16553=LINE('',#842,#16556);
#16554=VECTOR('',#16557,1.0);
#16555=VECTOR('',#16558,1.0);
#16556=VECTOR('',#16559,1.0);
#16557=DIRECTION('',(-1,0,0));
#16558=DIRECTION('',(0.9914451105854235,-0.13052429925595188,0));
#16559=DIRECTION('',(0.7933593407273636,0.6087536090083107,0));
#16560=FACE_SURFACE('',(#16565),#16561,.T.);
#16561=PLANE('',#16562);
#16562=AXIS2_PLACEMENT_3D('',#842,#16563,#16564);
#16563=DIRECTION('',(0,0,1));
#16564=DIRECTION('',(-0.9914451105854235,0.13052429925595188,0));
#16565=FACE_BOUND('',#16566,.T.);
#16566=EDGE_LOOP('',(#16567,#16568,#16569));
#16567=ORIENTED_EDGE('',*,*,#16570,.T.);
#16568=ORIENTED_EDGE('',*,*,#16571,.T.);
#16569=ORIENTED_EDGE('',*,*,#16572,.T.);
#16570=EDGE_CURVE('',#843,#823,#16573,.F.);
#16571=EDGE_CURVE('',#823,#827,#16574,.T.);
#16572=EDGE_CURVE('',#827,#843,#16575,.T.);
#16573=LINE('',#842,#16576);
#16574=LINE('',#822,#16577);
#16575=LINE('',#826,#16578);
#16576=VECTOR('',#16579,1.0);
#16577=VECTOR('',#16580,1.0);
#16578=VECTOR('',#16581,1.0);
#16579=DIRECTION('',(-0.9914451105854235,0.13052429925595188,0));
#16580=DIRECTION('',(0.7933593407273636,-0.6087536090083107,0));
#16581=DIRECTION('',(1,0,0));
#16582=FACE_SURFACE('',(#16587),#16583,.T.);
#16583=PLANE('',#16584);
#16584=AXIS2_PLACEMENT_3D('',#842,#16585,#16586);
#16585=DIRECTION('',(0,0,1));
#16586=DIRECTION('',(-1,0,0));
#16587=FACE_BOUND('',#16588,.T.);
#16588=EDGE_LOOP('',(#16589,#16590,#16591));
#16589=ORIENTED_EDGE('',*,*,#16592,.T.);
#16590=ORIENTED_EDGE('',*,*,#16593,.T.);
#16591=ORIENTED_EDGE('',*,*,#16594,.T.);
#16592=EDGE_CURVE('',#843,#827,#16595,.F.);
#16593=EDGE_CURVE('',#827,#839,#16596,.T.);
#16594=EDGE_CURVE('',#839,#843,#16597,.T.);
#16595=LINE('',#842,#16598);
#16596=LINE('',#826,#16599);
#16597=LINE('',#838,#16600);
#16598=VECTOR('',#16601,1.0);
#16599=VECTOR('',#16602,1.0);
#16600=VECTOR('',#16603,1.0);
#16601=DIRECTION('',(-1,0,0));
#16602=DIRECTION('',(0.9914440692003057,-0.13053220923411804,0));
#16603=DIRECTION('',(0.9238736003210871,0.38269775362517106,0));
#16604=FACE_SURFACE('',(#16609),#16605,.T.);
#16605=PLANE('',#16606);
#16606=AXIS2_PLACEMENT_3D('',#838,#16607,#16608);
#16607=DIRECTION('',(0,0,1));
#16608=DIRECTION('',(-0.9914440692003057,0.13053220923411804,0));
#16609=FACE_BOUND('',#16610,.T.);
#16610=EDGE_LOOP('',(#16611,#16612,#16613));
#16611=ORIENTED_EDGE('',*,*,#16614,.T.);
#16612=ORIENTED_EDGE('',*,*,#16615,.T.);
#16613=ORIENTED_EDGE('',*,*,#16616,.T.);
#16614=EDGE_CURVE('',#839,#827,#16617,.F.);
#16615=EDGE_CURVE('',#827,#831,#16618,.T.);
#16616=EDGE_CURVE('',#831,#839,#16619,.T.);
#16617=LINE('',#838,#16620);
#16618=LINE('',#826,#16621);
#16619=LINE('',#830,#16622);
#16620=VECTOR('',#16623,1.0);
#16621=VECTOR('',#16624,1.0);
#16622=VECTOR('',#16625,1.0);
#16623=DIRECTION('',(-0.9914440692003057,0.13053220923411804,0));
#16624=DIRECTION('',(0.923872473922762,-0.38270047286074205,0));
#16625=DIRECTION('',(1,0,0));
#16626=FACE_SURFACE('',(#16631),#16627,.T.);
#16627=PLANE('',#16628);
#16628=AXIS2_PLACEMENT_3D('',#838,#16629,#16630);
#16629=DIRECTION('',(0,0,1));
#16630=DIRECTION('',(-1,0,0));
#16631=FACE_BOUND('',#16632,.T.);
#16632=EDGE_LOOP('',(#16633,#16634,#16635));
#16633=ORIENTED_EDGE('',*,*,#16636,.T.);
#16634=ORIENTED_EDGE('',*,*,#16637,.T.);
#16635=ORIENTED_EDGE('',*,*,#16638,.T.);
#16636=EDGE_CURVE('',#839,#831,#16639,.F.);
#16637=EDGE_CURVE('',#831,#835,#16640,.T.);
#16638=EDGE_CURVE('',#835,#839,#16641,.T.);
#16639=LINE('',#838,#16642);
#16640=LINE('',#830,#16643);
#16641=LINE('',#834,#16644);
#16642=VECTOR('',#16645,1.0);
#16643=VECTOR('',#16646,1.0);
#16644=VECTOR('',#16647,1.0);
#16645=DIRECTION('',(-1,0,0));
#16646=DIRECTION('',(0.9914443190544547,-0.1305303114784014,0));
#16647=DIRECTION('',(0.9914443190544547,0.1305303114784014,0));
#16648=FACE_SURFACE('',(#16653),#16649,.T.);
#16649=PLANE('',#16650);
#16650=AXIS2_PLACEMENT_3D('',#806,#16651,#16652);
#16651=DIRECTION('',(0,0,1));
#16652=DIRECTION('',(1,0,0));
#16653=FACE_BOUND('',#16654,.T.);
#16654=EDGE_LOOP('',(#16655,#16656,#16657));
#16655=ORIENTED_EDGE('',*,*,#16658,.T.);
#16656=ORIENTED_EDGE('',*,*,#16659,.T.);
#16657=ORIENTED_EDGE('',*,*,#16660,.T.);
#16658=EDGE_CURVE('',#807,#767,#16661,.F.);
#16659=EDGE_CURVE('',#767,#803,#16662,.T.);
#16660=EDGE_CURVE('',#803,#807,#16663,.T.);
#16661=LINE('',#806,#16664);
#16662=LINE('',#766,#16665);
#16663=LINE('',#802,#16666);
#16664=VECTOR('',#16667,1.0);
#16665=VECTOR('',#16668,1.0);
#16666=VECTOR('',#16669,1.0);
#16667=DIRECTION('',(1,0,0));
#16668=DIRECTION('',(-0.9914445698044766,0.13052840688990391,0));
#16669=DIRECTION('',(-0.3826791862967638,-0.9238812912789428,0));
#16670=FACE_SURFACE('',(#16675),#16671,.T.);
#16671=PLANE('',#16672);
#16672=AXIS2_PLACEMENT_3D('',#802,#16673,#16674);
#16673=DIRECTION('',(-0,0,1));
#16674=DIRECTION('',(0.9914445698044766,-0.13052840688990391,0));
#16675=FACE_BOUND('',#16676,.T.);
#16676=EDGE_LOOP('',(#16677,#16678,#16679));
#16677=ORIENTED_EDGE('',*,*,#16680,.T.);
#16678=ORIENTED_EDGE('',*,*,#16681,.T.);
#16679=ORIENTED_EDGE('',*,*,#16682,.T.);
#16680=EDGE_CURVE('',#803,#767,#16683,.F.);
#16681=EDGE_CURVE('',#767,#771,#16684,.T.);
#16682=EDGE_CURVE('',#771,#803,#16685,.T.);
#16683=LINE('',#802,#16686);
#16684=LINE('',#766,#16687);
#16685=LINE('',#770,#16688);
#16686=VECTOR('',#16689,1.0);
#16687=VECTOR('',#16690,1.0);
#16688=VECTOR('',#16691,1.0);
#16689=DIRECTION('',(0.9914445698044766,-0.13052840688990391,0));
#16690=DIRECTION('',(-0.3826791862967638,0.9238812912789428,0));
#16691=DIRECTION('',(-1,0,0));
#16692=FACE_SURFACE('',(#16697),#16693,.T.);
#16693=PLANE('',#16694);
#16694=AXIS2_PLACEMENT_3D('',#802,#16695,#16696);
#16695=DIRECTION('',(0,0,1));
#16696=DIRECTION('',(1,0,0));
#16697=FACE_BOUND('',#16698,.T.);
#16698=EDGE_LOOP('',(#16699,#16700,#16701));
#16699=ORIENTED_EDGE('',*,*,#16702,.T.);
#16700=ORIENTED_EDGE('',*,*,#16703,.T.);
#16701=ORIENTED_EDGE('',*,*,#16704,.T.);
#16702=EDGE_CURVE('',#803,#771,#16705,.F.);
#16703=EDGE_CURVE('',#771,#799,#16706,.T.);
#16704=EDGE_CURVE('',#799,#803,#16707,.T.);
#16705=LINE('',#802,#16708);
#16706=LINE('',#770,#16709);
#16707=LINE('',#798,#16710);
#16708=VECTOR('',#16711,1.0);
#16709=VECTOR('',#16712,1.0);
#16710=VECTOR('',#16713,1.0);
#16711=DIRECTION('',(1,0,0));
#16712=DIRECTION('',(-0.9914452660476235,0.13052311838045025,0));
#16713=DIRECTION('',(-0.6087695931926685,-0.7933470756258152,0));
#16714=FACE_SURFACE('',(#16719),#16715,.T.);
#16715=PLANE('',#16716);
#16716=AXIS2_PLACEMENT_3D('',#798,#16717,#16718);
#16717=DIRECTION('',(-0,0,1));
#16718=DIRECTION('',(0.9914452660476235,-0.13052311838045025,0));
#16719=FACE_BOUND('',#16720,.T.);
#16720=EDGE_LOOP('',(#16721,#16722,#16723));
#16721=ORIENTED_EDGE('',*,*,#16724,.T.);
#16722=ORIENTED_EDGE('',*,*,#16725,.T.);
#16723=ORIENTED_EDGE('',*,*,#16726,.T.);
#16724=EDGE_CURVE('',#799,#771,#16727,.F.);
#16725=EDGE_CURVE('',#771,#775,#16728,.T.);
#16726=EDGE_CURVE('',#775,#799,#16729,.T.);
#16727=LINE('',#798,#16730);
#16728=LINE('',#770,#16731);
#16729=LINE('',#774,#16732);
#16730=VECTOR('',#16733,1.0);
#16731=VECTOR('',#16734,1.0);
#16732=VECTOR('',#16735,1.0);
#16733=DIRECTION('',(0.9914452660476235,-0.13052311838045025,0));
#16734=DIRECTION('',(-0.6087695931926685,0.7933470756258152,0));
#16735=DIRECTION('',(-1,0,0));
#16736=FACE_SURFACE('',(#16741),#16737,.T.);
#16737=PLANE('',#16738);
#16738=AXIS2_PLACEMENT_3D('',#798,#16739,#16740);
#16739=DIRECTION('',(0,0,1));
#16740=DIRECTION('',(1,0,0));
#16741=FACE_BOUND('',#16742,.T.);
#16742=EDGE_LOOP('',(#16743,#16744,#16745));
#16743=ORIENTED_EDGE('',*,*,#16746,.T.);
#16744=ORIENTED_EDGE('',*,*,#16747,.T.);
#16745=ORIENTED_EDGE('',*,*,#16748,.T.);
#16746=EDGE_CURVE('',#799,#775,#16749,.F.);
#16747=EDGE_CURVE('',#775,#795,#16750,.T.);
#16748=EDGE_CURVE('',#795,#799,#16751,.T.);
#16749=LINE('',#798,#16752);
#16750=LINE('',#774,#16753);
#16751=LINE('',#794,#16754);
#16752=VECTOR('',#16755,1.0);
#16753=VECTOR('',#16756,1.0);
#16754=VECTOR('',#16757,1.0);
#16755=DIRECTION('',(1,0,0));
#16756=DIRECTION('',(-0.991444256974573,0.1305307830059134,0));
#16757=DIRECTION('',(-0.7933444830846993,-0.608772971771145,0));
#16758=FACE_SURFACE('',(#16763),#16759,.T.);
#16759=PLANE('',#16760);
#16760=AXIS2_PLACEMENT_3D('',#794,#16761,#16762);
#16761=DIRECTION('',(-0,0,1));
#16762=DIRECTION('',(0.991444256974573,-0.1305307830059134,0));
#16763=FACE_BOUND('',#16764,.T.);
#16764=EDGE_LOOP('',(#16765,#16766,#16767));
#16765=ORIENTED_EDGE('',*,*,#16768,.T.);
#16766=ORIENTED_EDGE('',*,*,#16769,.T.);
#16767=ORIENTED_EDGE('',*,*,#16770,.T.);
#16768=EDGE_CURVE('',#795,#775,#16771,.F.);
#16769=EDGE_CURVE('',#775,#779,#16772,.T.);
#16770=EDGE_CURVE('',#779,#795,#16773,.T.);
#16771=LINE('',#794,#16774);
#16772=LINE('',#774,#16775);
#16773=LINE('',#778,#16776);
#16774=VECTOR('',#16777,1.0);
#16775=VECTOR('',#16778,1.0);
#16776=VECTOR('',#16779,1.0);
#16777=DIRECTION('',(0.991444256974573,-0.1305307830059134,0));
#16778=DIRECTION('',(-0.7933444830846993,0.608772971771145,0));
#16779=DIRECTION('',(-1,0,0));
#16780=FACE_SURFACE('',(#16785),#16781,.T.);
#16781=PLANE('',#16782);
#16782=AXIS2_PLACEMENT_3D('',#794,#16783,#16784);
#16783=DIRECTION('',(0,0,1));
#16784=DIRECTION('',(1,0,0));
#16785=FACE_BOUND('',#16786,.T.);
#16786=EDGE_LOOP('',(#16787,#16788,#16789));
#16787=ORIENTED_EDGE('',*,*,#16790,.T.);
#16788=ORIENTED_EDGE('',*,*,#16791,.T.);
#16789=ORIENTED_EDGE('',*,*,#16792,.T.);
#16790=EDGE_CURVE('',#795,#779,#16793,.F.);
#16791=EDGE_CURVE('',#779,#791,#16794,.T.);
#16792=EDGE_CURVE('',#791,#795,#16795,.T.);
#16793=LINE('',#794,#16796);
#16794=LINE('',#778,#16797);
#16795=LINE('',#790,#16798);
#16796=VECTOR('',#16799,1.0);
#16797=VECTOR('',#16800,1.0);
#16798=VECTOR('',#16801,1.0);
#16799=DIRECTION('',(1,0,0));
#16800=DIRECTION('',(-0.9914454717859917,0.13052155559543588,0));
#16801=DIRECTION('',(-0.9238833506905971,-0.3826742143347459,0));
#16802=FACE_SURFACE('',(#16807),#16803,.T.);
#16803=PLANE('',#16804);
#16804=AXIS2_PLACEMENT_3D('',#790,#16805,#16806);
#16805=DIRECTION('',(-0,0,1));
#16806=DIRECTION('',(0.9914454717859917,-0.13052155559543588,0));
#16807=FACE_BOUND('',#16808,.T.);
#16808=EDGE_LOOP('',(#16809,#16810,#16811));
#16809=ORIENTED_EDGE('',*,*,#16812,.T.);
#16810=ORIENTED_EDGE('',*,*,#16813,.T.);
#16811=ORIENTED_EDGE('',*,*,#16814,.T.);
#16812=EDGE_CURVE('',#791,#779,#16815,.F.);
#16813=EDGE_CURVE('',#779,#783,#16816,.T.);
#16814=EDGE_CURVE('',#783,#791,#16817,.T.);
#16815=LINE('',#790,#16818);
#16816=LINE('',#778,#16819);
#16817=LINE('',#782,#16820);
#16818=VECTOR('',#16821,1.0);
#16819=VECTOR('',#16822,1.0);
#16820=VECTOR('',#16823,1.0);
#16821=DIRECTION('',(0.9914454717859917,-0.13052155559543588,0));
#16822=DIRECTION('',(-0.9238844769476138,0.38267149522172944,0));
#16823=DIRECTION('',(-1,0,0));
#16824=FACE_SURFACE('',(#16829),#16825,.T.);
#16825=PLANE('',#16826);
#16826=AXIS2_PLACEMENT_3D('',#790,#16827,#16828);
#16827=DIRECTION('',(0,0,1));
#16828=DIRECTION('',(1,0,0));
#16829=FACE_BOUND('',#16830,.T.);
#16830=EDGE_LOOP('',(#16831,#16832,#16833));
#16831=ORIENTED_EDGE('',*,*,#16834,.T.);
#16832=ORIENTED_EDGE('',*,*,#16835,.T.);
#16833=ORIENTED_EDGE('',*,*,#16836,.T.);
#16834=EDGE_CURVE('',#791,#783,#16837,.F.);
#16835=EDGE_CURVE('',#783,#787,#16838,.T.);
#16836=EDGE_CURVE('',#787,#791,#16839,.T.);
#16837=LINE('',#790,#16840);
#16838=LINE('',#782,#16841);
#16839=LINE('',#786,#16842);
#16840=VECTOR('',#16843,1.0);
#16841=VECTOR('',#16844,1.0);
#16842=VECTOR('',#16845,1.0);
#16843=DIRECTION('',(1,0,0));
#16844=DIRECTION('',(-0.9914443190544547,0.1305303114784014,0));
#16845=DIRECTION('',(-0.9914443190544547,-0.1305303114784014,0));
#16846=FACE_SURFACE('',(#16851),#16847,.T.);
#16847=PLANE('',#16848);
#16848=AXIS2_PLACEMENT_3D('',#858,#16849,#16850);
#16849=DIRECTION('',(-0.9914453143359134,-0.13052275158516174,0));
#16850=DIRECTION('',(0,0,1));
#16851=FACE_BOUND('',#16852,.T.);
#16852=EDGE_LOOP('',(#16853,#16854,#16855));
#16853=ORIENTED_EDGE('',*,*,#16856,.T.);
#16854=ORIENTED_EDGE('',*,*,#16857,.T.);
#16855=ORIENTED_EDGE('',*,*,#16858,.T.);
#16856=EDGE_CURVE('',#859,#861,#16859,.F.);
#16857=EDGE_CURVE('',#861,#863,#16860,.T.);
#16858=EDGE_CURVE('',#863,#859,#16861,.T.);
#16859=LINE('',#858,#16862);
#16860=LINE('',#860,#16863);
#16861=LINE('',#862,#16864);
#16862=VECTOR('',#16865,1.0);
#16863=VECTOR('',#16866,1.0);
#16864=VECTOR('',#16867,1.0);
#16865=DIRECTION('',(0,0,1));
#16866=DIRECTION('',(-0.016061795015700566,0.1220047172982721,-0.992399550432104));
#16867=DIRECTION('',(0.13052275158516174,-0.9914453143359134,0));
#16868=FACE_SURFACE('',(#16873),#16869,.T.);
#16869=PLANE('',#16870);
#16870=AXIS2_PLACEMENT_3D('',#862,#16871,#16872);
#16871=DIRECTION('',(-0.9914453143359134,-0.13052275158516174,0));
#16872=DIRECTION('',(0.016061795015700566,-0.1220047172982721,0.992399550432104));
#16873=FACE_BOUND('',#16874,.T.);
#16874=EDGE_LOOP('',(#16875,#16876,#16877));
#16875=ORIENTED_EDGE('',*,*,#16878,.T.);
#16876=ORIENTED_EDGE('',*,*,#16879,.T.);
#16877=ORIENTED_EDGE('',*,*,#16880,.T.);
#16878=EDGE_CURVE('',#863,#861,#16881,.F.);
#16879=EDGE_CURVE('',#861,#865,#16882,.T.);
#16880=EDGE_CURVE('',#865,#863,#16883,.T.);
#16881=LINE('',#862,#16884);
#16882=LINE('',#860,#16885);
#16883=LINE('',#864,#16886);
#16884=VECTOR('',#16887,1.0);
#16885=VECTOR('',#16888,1.0);
#16886=VECTOR('',#16889,1.0);
#16887=DIRECTION('',(0.016061795015700566,-0.1220047172982721,0.992399550432104));
#16888=DIRECTION('',(-0.13052275158516174,0.9914453143359134,0));
#16889=DIRECTION('',(0,0,-1));
#16890=FACE_SURFACE('',(#16895),#16891,.T.);
#16891=PLANE('',#16892);
#16892=AXIS2_PLACEMENT_3D('',#862,#16893,#16894);
#16893=DIRECTION('',(-0.9238790386956276,-0.38268462453937563,0));
#16894=DIRECTION('',(0,0,1));
#16895=FACE_BOUND('',#16896,.T.);
#16896=EDGE_LOOP('',(#16897,#16898,#16899));
#16897=ORIENTED_EDGE('',*,*,#16900,.T.);
#16898=ORIENTED_EDGE('',*,*,#16901,.T.);
#16899=ORIENTED_EDGE('',*,*,#16902,.T.);
#16900=EDGE_CURVE('',#863,#865,#16903,.F.);
#16901=EDGE_CURVE('',#865,#867,#16904,.T.);
#16902=EDGE_CURVE('',#867,#863,#16905,.T.);
#16903=LINE('',#862,#16906);
#16904=LINE('',#864,#16907);
#16905=LINE('',#866,#16908);
#16906=VECTOR('',#16909,1.0);
#16907=VECTOR('',#16910,1.0);
#16908=VECTOR('',#16911,1.0);
#16909=DIRECTION('',(0,0,1));
#16910=DIRECTION('',(-0.04709226192788675,0.11369036248139644,-0.9923995265745363));
#16911=DIRECTION('',(0.38268462453937563,-0.9238790386956276,0));
#16912=FACE_SURFACE('',(#16917),#16913,.T.);
#16913=PLANE('',#16914);
#16914=AXIS2_PLACEMENT_3D('',#866,#16915,#16916);
#16915=DIRECTION('',(-0.9238790386956276,-0.38268462453937563,0));
#16916=DIRECTION('',(0.04709226192788675,-0.11369036248139644,0.9923995265745363));
#16917=FACE_BOUND('',#16918,.T.);
#16918=EDGE_LOOP('',(#16919,#16920,#16921));
#16919=ORIENTED_EDGE('',*,*,#16922,.T.);
#16920=ORIENTED_EDGE('',*,*,#16923,.T.);
#16921=ORIENTED_EDGE('',*,*,#16924,.T.);
#16922=EDGE_CURVE('',#867,#865,#16925,.F.);
#16923=EDGE_CURVE('',#865,#869,#16926,.T.);
#16924=EDGE_CURVE('',#869,#867,#16927,.T.);
#16925=LINE('',#866,#16928);
#16926=LINE('',#864,#16929);
#16927=LINE('',#868,#16930);
#16928=VECTOR('',#16931,1.0);
#16929=VECTOR('',#16932,1.0);
#16930=VECTOR('',#16933,1.0);
#16931=DIRECTION('',(0.04709226192788675,-0.11369036248139644,0.9923995265745363));
#16932=DIRECTION('',(-0.38268462453937563,0.9238790386956276,0));
#16933=DIRECTION('',(0,0,-1));
#16934=FACE_SURFACE('',(#16939),#16935,.T.);
#16935=PLANE('',#16936);
#16936=AXIS2_PLACEMENT_3D('',#866,#16937,#16938);
#16937=DIRECTION('',(-0.7933556263088298,-0.6087584498010064,0));
#16938=DIRECTION('',(0,0,1));
#16939=FACE_BOUND('',#16940,.T.);
#16940=EDGE_LOOP('',(#16941,#16942,#16943));
#16941=ORIENTED_EDGE('',*,*,#16944,.T.);
#16942=ORIENTED_EDGE('',*,*,#16945,.T.);
#16943=ORIENTED_EDGE('',*,*,#16946,.T.);
#16944=EDGE_CURVE('',#867,#869,#16947,.F.);
#16945=EDGE_CURVE('',#869,#871,#16948,.T.);
#16946=EDGE_CURVE('',#871,#867,#16949,.T.);
#16947=LINE('',#866,#16950);
#16948=LINE('',#868,#16951);
#16949=LINE('',#870,#16952);
#16950=VECTOR('',#16953,1.0);
#16951=VECTOR('',#16954,1.0);
#16952=VECTOR('',#16955,1.0);
#16953=DIRECTION('',(0,0,1));
#16954=DIRECTION('',(-0.07491245119619493,0.09762856623429925,-0.9923995101322918));
#16955=DIRECTION('',(0.6087584498010064,-0.7933556263088298,0));
#16956=FACE_SURFACE('',(#16961),#16957,.T.);
#16957=PLANE('',#16958);
#16958=AXIS2_PLACEMENT_3D('',#870,#16959,#16960);
#16959=DIRECTION('',(-0.7933556263088298,-0.6087584498010064,0));
#16960=DIRECTION('',(0.07491245119619493,-0.09762856623429925,0.9923995101322918));
#16961=FACE_BOUND('',#16962,.T.);
#16962=EDGE_LOOP('',(#16963,#16964,#16965));
#16963=ORIENTED_EDGE('',*,*,#16966,.T.);
#16964=ORIENTED_EDGE('',*,*,#16967,.T.);
#16965=ORIENTED_EDGE('',*,*,#16968,.T.);
#16966=EDGE_CURVE('',#871,#869,#16969,.F.);
#16967=EDGE_CURVE('',#869,#873,#16970,.T.);
#16968=EDGE_CURVE('',#873,#871,#16971,.T.);
#16969=LINE('',#870,#16972);
#16970=LINE('',#868,#16973);
#16971=LINE('',#872,#16974);
#16972=VECTOR('',#16975,1.0);
#16973=VECTOR('',#16976,1.0);
#16974=VECTOR('',#16977,1.0);
#16975=DIRECTION('',(0.07491245119619493,-0.09762856623429925,0.9923995101322918));
#16976=DIRECTION('',(-0.6087584498010064,0.7933556263088298,0));
#16977=DIRECTION('',(0,0,-1));
#16978=FACE_SURFACE('',(#16983),#16979,.T.);
#16979=PLANE('',#16980);
#16980=AXIS2_PLACEMENT_3D('',#870,#16981,#16982);
#16981=DIRECTION('',(-0.6087584498010064,-0.7933556263088298,0));
#16982=DIRECTION('',(0,0,1));
#16983=FACE_BOUND('',#16984,.T.);
#16984=EDGE_LOOP('',(#16985,#16986,#16987));
#16985=ORIENTED_EDGE('',*,*,#16988,.T.);
#16986=ORIENTED_EDGE('',*,*,#16989,.T.);
#16987=ORIENTED_EDGE('',*,*,#16990,.T.);
#16988=EDGE_CURVE('',#871,#873,#16991,.F.);
#16989=EDGE_CURVE('',#873,#875,#16992,.T.);
#16990=EDGE_CURVE('',#875,#871,#16993,.T.);
#16991=LINE('',#870,#16994);
#16992=LINE('',#872,#16995);
#16993=LINE('',#874,#16996);
#16994=VECTOR('',#16997,1.0);
#16995=VECTOR('',#16998,1.0);
#16996=VECTOR('',#16999,1.0);
#16997=DIRECTION('',(0,0,1));
#16998=DIRECTION('',(-0.09762856623429925,0.07491245119619493,-0.9923995101322918));
#16999=DIRECTION('',(0.7933556263088298,-0.6087584498010064,0));
#17000=FACE_SURFACE('',(#17005),#17001,.T.);
#17001=PLANE('',#17002);
#17002=AXIS2_PLACEMENT_3D('',#874,#17003,#17004);
#17003=DIRECTION('',(-0.6087584498010064,-0.7933556263088298,0));
#17004=DIRECTION('',(0.09762856623429925,-0.07491245119619493,0.9923995101322918));
#17005=FACE_BOUND('',#17006,.T.);
#17006=EDGE_LOOP('',(#17007,#17008,#17009));
#17007=ORIENTED_EDGE('',*,*,#17010,.T.);
#17008=ORIENTED_EDGE('',*,*,#17011,.T.);
#17009=ORIENTED_EDGE('',*,*,#17012,.T.);
#17010=EDGE_CURVE('',#875,#873,#17013,.F.);
#17011=EDGE_CURVE('',#873,#877,#17014,.T.);
#17012=EDGE_CURVE('',#877,#875,#17015,.T.);
#17013=LINE('',#874,#17016);
#17014=LINE('',#872,#17017);
#17015=LINE('',#876,#17018);
#17016=VECTOR('',#17019,1.0);
#17017=VECTOR('',#17020,1.0);
#17018=VECTOR('',#17021,1.0);
#17019=DIRECTION('',(0.09762856623429925,-0.07491245119619493,0.9923995101322918));
#17020=DIRECTION('',(-0.7933556263088298,0.6087584498010064,0));
#17021=DIRECTION('',(0,0,-1));
#17022=FACE_SURFACE('',(#17027),#17023,.T.);
#17023=PLANE('',#17024);
#17024=AXIS2_PLACEMENT_3D('',#874,#17025,#17026);
#17025=DIRECTION('',(-0.38268462453937563,-0.9238790386956276,0));
#17026=DIRECTION('',(0,0,1));
#17027=FACE_BOUND('',#17028,.T.);
#17028=EDGE_LOOP('',(#17029,#17030,#17031));
#17029=ORIENTED_EDGE('',*,*,#17032,.T.);
#17030=ORIENTED_EDGE('',*,*,#17033,.T.);
#17031=ORIENTED_EDGE('',*,*,#17034,.T.);
#17032=EDGE_CURVE('',#875,#877,#17035,.F.);
#17033=EDGE_CURVE('',#877,#879,#17036,.T.);
#17034=EDGE_CURVE('',#879,#875,#17037,.T.);
#17035=LINE('',#874,#17038);
#17036=LINE('',#876,#17039);
#17037=LINE('',#878,#17040);
#17038=VECTOR('',#17041,1.0);
#17039=VECTOR('',#17042,1.0);
#17040=VECTOR('',#17043,1.0);
#17041=DIRECTION('',(0,0,1));
#17042=DIRECTION('',(-0.11369036248139644,0.04709226192788675,-0.9923995265745363));
#17043=DIRECTION('',(0.9238790386956276,-0.38268462453937563,0));
#17044=FACE_SURFACE('',(#17049),#17045,.T.);
#17045=PLANE('',#17046);
#17046=AXIS2_PLACEMENT_3D('',#878,#17047,#17048);
#17047=DIRECTION('',(-0.38268462453937563,-0.9238790386956276,0));
#17048=DIRECTION('',(0.11369036248139644,-0.04709226192788675,0.9923995265745363));
#17049=FACE_BOUND('',#17050,.T.);
#17050=EDGE_LOOP('',(#17051,#17052,#17053));
#17051=ORIENTED_EDGE('',*,*,#17054,.T.);
#17052=ORIENTED_EDGE('',*,*,#17055,.T.);
#17053=ORIENTED_EDGE('',*,*,#17056,.T.);
#17054=EDGE_CURVE('',#879,#877,#17057,.F.);
#17055=EDGE_CURVE('',#877,#881,#17058,.T.);
#17056=EDGE_CURVE('',#881,#879,#17059,.T.);
#17057=LINE('',#878,#17060);
#17058=LINE('',#876,#17061);
#17059=LINE('',#880,#17062);
#17060=VECTOR('',#17063,1.0);
#17061=VECTOR('',#17064,1.0);
#17062=VECTOR('',#17065,1.0);
#17063=DIRECTION('',(0.11369036248139644,-0.04709226192788675,0.9923995265745363));
#17064=DIRECTION('',(-0.9238790386956276,0.38268462453937563,0));
#17065=DIRECTION('',(0,0,-1));
#17066=FACE_SURFACE('',(#17071),#17067,.T.);
#17067=PLANE('',#17068);
#17068=AXIS2_PLACEMENT_3D('',#878,#17069,#17070);
#17069=DIRECTION('',(-0.13052275158516174,-0.9914453143359134,0));
#17070=DIRECTION('',(0,0,1));
#17071=FACE_BOUND('',#17072,.T.);
#17072=EDGE_LOOP('',(#17073,#17074,#17075));
#17073=ORIENTED_EDGE('',*,*,#17076,.T.);
#17074=ORIENTED_EDGE('',*,*,#17077,.T.);
#17075=ORIENTED_EDGE('',*,*,#17078,.T.);
#17076=EDGE_CURVE('',#879,#881,#17079,.F.);
#17077=EDGE_CURVE('',#881,#883,#17080,.T.);
#17078=EDGE_CURVE('',#883,#879,#17081,.T.);
#17079=LINE('',#878,#17082);
#17080=LINE('',#880,#17083);
#17081=LINE('',#882,#17084);
#17082=VECTOR('',#17085,1.0);
#17083=VECTOR('',#17086,1.0);
#17084=VECTOR('',#17087,1.0);
#17085=DIRECTION('',(0,0,1));
#17086=DIRECTION('',(-0.1220047172982721,0.016061795015700566,-0.992399550432104));
#17087=DIRECTION('',(0.9914453143359134,-0.13052275158516174,0));
#17088=FACE_SURFACE('',(#17093),#17089,.T.);
#17089=PLANE('',#17090);
#17090=AXIS2_PLACEMENT_3D('',#882,#17091,#17092);
#17091=DIRECTION('',(-0.13052275158516174,-0.9914453143359134,0));
#17092=DIRECTION('',(0.1220047172982721,-0.016061795015700566,0.992399550432104));
#17093=FACE_BOUND('',#17094,.T.);
#17094=EDGE_LOOP('',(#17095,#17096,#17097));
#17095=ORIENTED_EDGE('',*,*,#17098,.T.);
#17096=ORIENTED_EDGE('',*,*,#17099,.T.);
#17097=ORIENTED_EDGE('',*,*,#17100,.T.);
#17098=EDGE_CURVE('',#883,#881,#17101,.F.);
#17099=EDGE_CURVE('',#881,#885,#17102,.T.);
#17100=EDGE_CURVE('',#885,#883,#17103,.T.);
#17101=LINE('',#882,#17104);
#17102=LINE('',#880,#17105);
#17103=LINE('',#884,#17106);
#17104=VECTOR('',#17107,1.0);
#17105=VECTOR('',#17108,1.0);
#17106=VECTOR('',#17109,1.0);
#17107=DIRECTION('',(0.1220047172982721,-0.016061795015700566,0.992399550432104));
#17108=DIRECTION('',(-0.9914453143359134,0.13052275158516174,0));
#17109=DIRECTION('',(0,0,-1));
#17110=FACE_SURFACE('',(#17115),#17111,.T.);
#17111=PLANE('',#17112);
#17112=AXIS2_PLACEMENT_3D('',#882,#17113,#17114);
#17113=DIRECTION('',(0.13052275158516174,-0.9914453143359134,0));
#17114=DIRECTION('',(0,0,1));
#17115=FACE_BOUND('',#17116,.T.);
#17116=EDGE_LOOP('',(#17117,#17118,#17119));
#17117=ORIENTED_EDGE('',*,*,#17120,.T.);
#17118=ORIENTED_EDGE('',*,*,#17121,.T.);
#17119=ORIENTED_EDGE('',*,*,#17122,.T.);
#17120=EDGE_CURVE('',#883,#885,#17123,.F.);
#17121=EDGE_CURVE('',#885,#887,#17124,.T.);
#17122=EDGE_CURVE('',#887,#883,#17125,.T.);
#17123=LINE('',#882,#17126);
#17124=LINE('',#884,#17127);
#17125=LINE('',#886,#17128);
#17126=VECTOR('',#17129,1.0);
#17127=VECTOR('',#17130,1.0);
#17128=VECTOR('',#17131,1.0);
#17129=DIRECTION('',(0,0,1));
#17130=DIRECTION('',(-0.1220047172982721,-0.016061795015700566,-0.992399550432104));
#17131=DIRECTION('',(0.9914453143359134,0.13052275158516174,0));
#17132=FACE_SURFACE('',(#17137),#17133,.T.);
#17133=PLANE('',#17134);
#17134=AXIS2_PLACEMENT_3D('',#886,#17135,#17136);
#17135=DIRECTION('',(0.13052275158516174,-0.9914453143359134,0));
#17136=DIRECTION('',(0.1220047172982721,0.016061795015700566,0.992399550432104));
#17137=FACE_BOUND('',#17138,.T.);
#17138=EDGE_LOOP('',(#17139,#17140,#17141));
#17139=ORIENTED_EDGE('',*,*,#17142,.T.);
#17140=ORIENTED_EDGE('',*,*,#17143,.T.);
#17141=ORIENTED_EDGE('',*,*,#17144,.T.);
#17142=EDGE_CURVE('',#887,#885,#17145,.F.);
#17143=EDGE_CURVE('',#885,#889,#17146,.T.);
#17144=EDGE_CURVE('',#889,#887,#17147,.T.);
#17145=LINE('',#886,#17148);
#17146=LINE('',#884,#17149);
#17147=LINE('',#888,#17150);
#17148=VECTOR('',#17151,1.0);
#17149=VECTOR('',#17152,1.0);
#17150=VECTOR('',#17153,1.0);
#17151=DIRECTION('',(0.1220047172982721,0.016061795015700566,0.992399550432104));
#17152=DIRECTION('',(-0.9914453143359134,-0.13052275158516174,0));
#17153=DIRECTION('',(0,0,-1));
#17154=FACE_SURFACE('',(#17159),#17155,.T.);
#17155=PLANE('',#17156);
#17156=AXIS2_PLACEMENT_3D('',#886,#17157,#17158);
#17157=DIRECTION('',(0.3826873437136716,-0.9238779123679569,0));
#17158=DIRECTION('',(0,0,1));
#17159=FACE_BOUND('',#17160,.T.);
#17160=EDGE_LOOP('',(#17161,#17162,#17163));
#17161=ORIENTED_EDGE('',*,*,#17164,.T.);
#17162=ORIENTED_EDGE('',*,*,#17165,.T.);
#17163=ORIENTED_EDGE('',*,*,#17166,.T.);
#17164=EDGE_CURVE('',#887,#889,#17167,.F.);
#17165=EDGE_CURVE('',#889,#891,#17168,.T.);
#17166=EDGE_CURVE('',#891,#887,#17169,.T.);
#17167=LINE('',#886,#17170);
#17168=LINE('',#888,#17171);
#17169=LINE('',#890,#17172);
#17170=VECTOR('',#17173,1.0);
#17171=VECTOR('',#17174,1.0);
#17172=VECTOR('',#17175,1.0);
#17173=DIRECTION('',(0,0,1));
#17174=DIRECTION('',(-0.11368942828833266,-0.04709226699497071,-0.9923996333558102));
#17175=DIRECTION('',(0.9238779123679569,0.3826873437136716,0));
#17176=FACE_SURFACE('',(#17181),#17177,.T.);
#17177=PLANE('',#17178);
#17178=AXIS2_PLACEMENT_3D('',#890,#17179,#17180);
#17179=DIRECTION('',(0.3826873437136716,-0.9238779123679569,0));
#17180=DIRECTION('',(0.11368942828833266,0.04709226699497071,0.9923996333558102));
#17181=FACE_BOUND('',#17182,.T.);
#17182=EDGE_LOOP('',(#17183,#17184,#17185));
#17183=ORIENTED_EDGE('',*,*,#17186,.T.);
#17184=ORIENTED_EDGE('',*,*,#17187,.T.);
#17185=ORIENTED_EDGE('',*,*,#17188,.T.);
#17186=EDGE_CURVE('',#891,#889,#17189,.F.);
#17187=EDGE_CURVE('',#889,#893,#17190,.T.);
#17188=EDGE_CURVE('',#893,#891,#17191,.T.);
#17189=LINE('',#890,#17192);
#17190=LINE('',#888,#17193);
#17191=LINE('',#892,#17194);
#17192=VECTOR('',#17195,1.0);
#17193=VECTOR('',#17196,1.0);
#17194=VECTOR('',#17197,1.0);
#17195=DIRECTION('',(0.11368942828833266,0.04709226699497071,0.9923996333558102));
#17196=DIRECTION('',(-0.9238779123679569,-0.3826873437136716,0));
#17197=DIRECTION('',(0,0,-1));
#17198=FACE_SURFACE('',(#17203),#17199,.T.);
#17199=PLANE('',#17200);
#17200=AXIS2_PLACEMENT_3D('',#890,#17201,#17202);
#17201=DIRECTION('',(0.6087584498010064,-0.7933556263088298,0));
#17202=DIRECTION('',(0,0,1));
#17203=FACE_BOUND('',#17204,.T.);
#17204=EDGE_LOOP('',(#17205,#17206,#17207));
#17205=ORIENTED_EDGE('',*,*,#17208,.T.);
#17206=ORIENTED_EDGE('',*,*,#17209,.T.);
#17207=ORIENTED_EDGE('',*,*,#17210,.T.);
#17208=EDGE_CURVE('',#891,#893,#17211,.F.);
#17209=EDGE_CURVE('',#893,#895,#17212,.T.);
#17210=EDGE_CURVE('',#895,#891,#17213,.T.);
#17211=LINE('',#890,#17214);
#17212=LINE('',#892,#17215);
#17213=LINE('',#894,#17216);
#17214=VECTOR('',#17217,1.0);
#17215=VECTOR('',#17218,1.0);
#17216=VECTOR('',#17219,1.0);
#17217=DIRECTION('',(0,0,1));
#17218=DIRECTION('',(-0.09762856623429925,-0.07491245119619493,-0.9923995101322918));
#17219=DIRECTION('',(0.7933556263088298,0.6087584498010064,0));
#17220=FACE_SURFACE('',(#17225),#17221,.T.);
#17221=PLANE('',#17222);
#17222=AXIS2_PLACEMENT_3D('',#894,#17223,#17224);
#17223=DIRECTION('',(0.6087584498010064,-0.7933556263088298,0));
#17224=DIRECTION('',(0.09762856623429925,0.07491245119619493,0.9923995101322918));
#17225=FACE_BOUND('',#17226,.T.);
#17226=EDGE_LOOP('',(#17227,#17228,#17229));
#17227=ORIENTED_EDGE('',*,*,#17230,.T.);
#17228=ORIENTED_EDGE('',*,*,#17231,.T.);
#17229=ORIENTED_EDGE('',*,*,#17232,.T.);
#17230=EDGE_CURVE('',#895,#893,#17233,.F.);
#17231=EDGE_CURVE('',#893,#897,#17234,.T.);
#17232=EDGE_CURVE('',#897,#895,#17235,.T.);
#17233=LINE('',#894,#17236);
#17234=LINE('',#892,#17237);
#17235=LINE('',#896,#17238);
#17236=VECTOR('',#17239,1.0);
#17237=VECTOR('',#17240,1.0);
#17238=VECTOR('',#17241,1.0);
#17239=DIRECTION('',(0.09762856623429925,0.07491245119619493,0.9923995101322918));
#17240=DIRECTION('',(-0.7933556263088298,-0.6087584498010064,0));
#17241=DIRECTION('',(0,0,-1));
#17242=FACE_SURFACE('',(#17247),#17243,.T.);
#17243=PLANE('',#17244);
#17244=AXIS2_PLACEMENT_3D('',#894,#17245,#17246);
#17245=DIRECTION('',(0.7933556263088298,-0.6087584498010064,0));
#17246=DIRECTION('',(0,0,1));
#17247=FACE_BOUND('',#17248,.T.);
#17248=EDGE_LOOP('',(#17249,#17250,#17251));
#17249=ORIENTED_EDGE('',*,*,#17252,.T.);
#17250=ORIENTED_EDGE('',*,*,#17253,.T.);
#17251=ORIENTED_EDGE('',*,*,#17254,.T.);
#17252=EDGE_CURVE('',#895,#897,#17255,.F.);
#17253=EDGE_CURVE('',#897,#899,#17256,.T.);
#17254=EDGE_CURVE('',#899,#895,#17257,.T.);
#17255=LINE('',#894,#17258);
#17256=LINE('',#896,#17259);
#17257=LINE('',#898,#17260);
#17258=VECTOR('',#17261,1.0);
#17259=VECTOR('',#17262,1.0);
#17260=VECTOR('',#17263,1.0);
#17261=DIRECTION('',(0,0,1));
#17262=DIRECTION('',(-0.07491245119619493,-0.09762856623429925,-0.9923995101322918));
#17263=DIRECTION('',(0.6087584498010064,0.7933556263088298,0));
#17264=FACE_SURFACE('',(#17269),#17265,.T.);
#17265=PLANE('',#17266);
#17266=AXIS2_PLACEMENT_3D('',#898,#17267,#17268);
#17267=DIRECTION('',(0.7933556263088298,-0.6087584498010064,0));
#17268=DIRECTION('',(0.07491245119619493,0.09762856623429925,0.9923995101322918));
#17269=FACE_BOUND('',#17270,.T.);
#17270=EDGE_LOOP('',(#17271,#17272,#17273));
#17271=ORIENTED_EDGE('',*,*,#17274,.T.);
#17272=ORIENTED_EDGE('',*,*,#17275,.T.);
#17273=ORIENTED_EDGE('',*,*,#17276,.T.);
#17274=EDGE_CURVE('',#899,#897,#17277,.F.);
#17275=EDGE_CURVE('',#897,#901,#17278,.T.);
#17276=EDGE_CURVE('',#901,#899,#17279,.T.);
#17277=LINE('',#898,#17280);
#17278=LINE('',#896,#17281);
#17279=LINE('',#900,#17282);
#17280=VECTOR('',#17283,1.0);
#17281=VECTOR('',#17284,1.0);
#17282=VECTOR('',#17285,1.0);
#17283=DIRECTION('',(0.07491245119619493,0.09762856623429925,0.9923995101322918));
#17284=DIRECTION('',(-0.6087584498010064,-0.7933556263088298,0));
#17285=DIRECTION('',(0,0,-1));
#17286=FACE_SURFACE('',(#17291),#17287,.T.);
#17287=PLANE('',#17288);
#17288=AXIS2_PLACEMENT_3D('',#898,#17289,#17290);
#17289=DIRECTION('',(0.9238790386956276,-0.38268462453937563,0));
#17290=DIRECTION('',(0,0,1));
#17291=FACE_BOUND('',#17292,.T.);
#17292=EDGE_LOOP('',(#17293,#17294,#17295));
#17293=ORIENTED_EDGE('',*,*,#17296,.T.);
#17294=ORIENTED_EDGE('',*,*,#17297,.T.);
#17295=ORIENTED_EDGE('',*,*,#17298,.T.);
#17296=EDGE_CURVE('',#899,#901,#17299,.F.);
#17297=EDGE_CURVE('',#901,#903,#17300,.T.);
#17298=EDGE_CURVE('',#903,#899,#17301,.T.);
#17299=LINE('',#898,#17302);
#17300=LINE('',#900,#17303);
#17301=LINE('',#902,#17304);
#17302=VECTOR('',#17305,1.0);
#17303=VECTOR('',#17306,1.0);
#17304=VECTOR('',#17307,1.0);
#17305=DIRECTION('',(0,0,1));
#17306=DIRECTION('',(-0.04709226192788675,-0.11369036248139644,-0.9923995265745363));
#17307=DIRECTION('',(0.38268462453937563,0.9238790386956276,0));
#17308=FACE_SURFACE('',(#17313),#17309,.T.);
#17309=PLANE('',#17310);
#17310=AXIS2_PLACEMENT_3D('',#902,#17311,#17312);
#17311=DIRECTION('',(0.9238790386956276,-0.38268462453937563,0));
#17312=DIRECTION('',(0.04709226192788675,0.11369036248139644,0.9923995265745363));
#17313=FACE_BOUND('',#17314,.T.);
#17314=EDGE_LOOP('',(#17315,#17316,#17317));
#17315=ORIENTED_EDGE('',*,*,#17318,.T.);
#17316=ORIENTED_EDGE('',*,*,#17319,.T.);
#17317=ORIENTED_EDGE('',*,*,#17320,.T.);
#17318=EDGE_CURVE('',#903,#901,#17321,.F.);
#17319=EDGE_CURVE('',#901,#905,#17322,.T.);
#17320=EDGE_CURVE('',#905,#903,#17323,.T.);
#17321=LINE('',#902,#17324);
#17322=LINE('',#900,#17325);
#17323=LINE('',#904,#17326);
#17324=VECTOR('',#17327,1.0);
#17325=VECTOR('',#17328,1.0);
#17326=VECTOR('',#17329,1.0);
#17327=DIRECTION('',(0.04709226192788675,0.11369036248139644,0.9923995265745363));
#17328=DIRECTION('',(-0.38268462453937563,-0.9238790386956276,0));
#17329=DIRECTION('',(0,0,-1));
#17330=FACE_SURFACE('',(#17335),#17331,.T.);
#17331=PLANE('',#17332);
#17332=AXIS2_PLACEMENT_3D('',#902,#17333,#17334);
#17333=DIRECTION('',(0.9914453143359134,-0.13052275158516174,0));
#17334=DIRECTION('',(0,0,1));
#17335=FACE_BOUND('',#17336,.T.);
#17336=EDGE_LOOP('',(#17337,#17338,#17339));
#17337=ORIENTED_EDGE('',*,*,#17340,.T.);
#17338=ORIENTED_EDGE('',*,*,#17341,.T.);
#17339=ORIENTED_EDGE('',*,*,#17342,.T.);
#17340=EDGE_CURVE('',#903,#905,#17343,.F.);
#17341=EDGE_CURVE('',#905,#907,#17344,.T.);
#17342=EDGE_CURVE('',#907,#903,#17345,.T.);
#17343=LINE('',#902,#17346);
#17344=LINE('',#904,#17347);
#17345=LINE('',#906,#17348);
#17346=VECTOR('',#17349,1.0);
#17347=VECTOR('',#17350,1.0);
#17348=VECTOR('',#17351,1.0);
#17349=DIRECTION('',(0,0,1));
#17350=DIRECTION('',(-0.016061795015700566,-0.1220047172982721,-0.992399550432104));
#17351=DIRECTION('',(0.13052275158516174,0.9914453143359134,0));
#17352=FACE_SURFACE('',(#17357),#17353,.T.);
#17353=PLANE('',#17354);
#17354=AXIS2_PLACEMENT_3D('',#906,#17355,#17356);
#17355=DIRECTION('',(0.9914453143359134,-0.13052275158516174,0));
#17356=DIRECTION('',(0.016061795015700566,0.1220047172982721,0.992399550432104));
#17357=FACE_BOUND('',#17358,.T.);
#17358=EDGE_LOOP('',(#17359,#17360,#17361));
#17359=ORIENTED_EDGE('',*,*,#17362,.T.);
#17360=ORIENTED_EDGE('',*,*,#17363,.T.);
#17361=ORIENTED_EDGE('',*,*,#17364,.T.);
#17362=EDGE_CURVE('',#907,#905,#17365,.F.);
#17363=EDGE_CURVE('',#905,#909,#17366,.T.);
#17364=EDGE_CURVE('',#909,#907,#17367,.T.);
#17365=LINE('',#906,#17368);
#17366=LINE('',#904,#17369);
#17367=LINE('',#908,#17370);
#17368=VECTOR('',#17371,1.0);
#17369=VECTOR('',#17372,1.0);
#17370=VECTOR('',#17373,1.0);
#17371=DIRECTION('',(0.016061795015700566,0.1220047172982721,0.992399550432104));
#17372=DIRECTION('',(-0.13052275158516174,-0.9914453143359134,0));
#17373=DIRECTION('',(0,0,-1));
#17374=FACE_SURFACE('',(#17379),#17375,.T.);
#17375=PLANE('',#17376);
#17376=AXIS2_PLACEMENT_3D('',#906,#17377,#17378);
#17377=DIRECTION('',(0.9914453143359134,0.13052275158516174,-0));
#17378=DIRECTION('',(0,0,1));
#17379=FACE_BOUND('',#17380,.T.);
#17380=EDGE_LOOP('',(#17381,#17382,#17383));
#17381=ORIENTED_EDGE('',*,*,#17384,.T.);
#17382=ORIENTED_EDGE('',*,*,#17385,.T.);
#17383=ORIENTED_EDGE('',*,*,#17386,.T.);
#17384=EDGE_CURVE('',#907,#909,#17387,.F.);
#17385=EDGE_CURVE('',#909,#911,#17388,.T.);
#17386=EDGE_CURVE('',#911,#907,#17389,.T.);
#17387=LINE('',#906,#17390);
#17388=LINE('',#908,#17391);
#17389=LINE('',#910,#17392);
#17390=VECTOR('',#17393,1.0);
#17391=VECTOR('',#17394,1.0);
#17392=VECTOR('',#17395,1.0);
#17393=DIRECTION('',(0,0,1));
#17394=DIRECTION('',(0.016061795015700566,-0.1220047172982721,-0.992399550432104));
#17395=DIRECTION('',(-0.13052275158516174,0.9914453143359134,0));
#17396=FACE_SURFACE('',(#17401),#17397,.T.);
#17397=PLANE('',#17398);
#17398=AXIS2_PLACEMENT_3D('',#910,#17399,#17400);
#17399=DIRECTION('',(0.9914453143359134,0.13052275158516174,-0));
#17400=DIRECTION('',(-0.016061795015700566,0.1220047172982721,0.992399550432104));
#17401=FACE_BOUND('',#17402,.T.);
#17402=EDGE_LOOP('',(#17403,#17404,#17405));
#17403=ORIENTED_EDGE('',*,*,#17406,.T.);
#17404=ORIENTED_EDGE('',*,*,#17407,.T.);
#17405=ORIENTED_EDGE('',*,*,#17408,.T.);
#17406=EDGE_CURVE('',#911,#909,#17409,.F.);
#17407=EDGE_CURVE('',#909,#913,#17410,.T.);
#17408=EDGE_CURVE('',#913,#911,#17411,.T.);
#17409=LINE('',#910,#17412);
#17410=LINE('',#908,#17413);
#17411=LINE('',#912,#17414);
#17412=VECTOR('',#17415,1.0);
#17413=VECTOR('',#17416,1.0);
#17414=VECTOR('',#17417,1.0);
#17415=DIRECTION('',(-0.016061795015700566,0.1220047172982721,0.992399550432104));
#17416=DIRECTION('',(0.13052275158516174,-0.9914453143359134,0));
#17417=DIRECTION('',(0,0,-1));
#17418=FACE_SURFACE('',(#17423),#17419,.T.);
#17419=PLANE('',#17420);
#17420=AXIS2_PLACEMENT_3D('',#910,#17421,#17422);
#17421=DIRECTION('',(0.9238779123679569,0.3826873437136716,-0));
#17422=DIRECTION('',(0,0,1));
#17423=FACE_BOUND('',#17424,.T.);
#17424=EDGE_LOOP('',(#17425,#17426,#17427));
#17425=ORIENTED_EDGE('',*,*,#17428,.T.);
#17426=ORIENTED_EDGE('',*,*,#17429,.T.);
#17427=ORIENTED_EDGE('',*,*,#17430,.T.);
#17428=EDGE_CURVE('',#911,#913,#17431,.F.);
#17429=EDGE_CURVE('',#913,#915,#17432,.T.);
#17430=EDGE_CURVE('',#915,#911,#17433,.T.);
#17431=LINE('',#910,#17434);
#17432=LINE('',#912,#17435);
#17433=LINE('',#914,#17436);
#17434=VECTOR('',#17437,1.0);
#17435=VECTOR('',#17438,1.0);
#17436=VECTOR('',#17439,1.0);
#17437=DIRECTION('',(0,0,1));
#17438=DIRECTION('',(0.04709226699497071,-0.11368942828833266,-0.9923996333558102));
#17439=DIRECTION('',(-0.3826873437136716,0.9238779123679569,0));
#17440=FACE_SURFACE('',(#17445),#17441,.T.);
#17441=PLANE('',#17442);
#17442=AXIS2_PLACEMENT_3D('',#914,#17443,#17444);
#17443=DIRECTION('',(0.9238779123679569,0.3826873437136716,-0));
#17444=DIRECTION('',(-0.04709226699497071,0.11368942828833266,0.9923996333558102));
#17445=FACE_BOUND('',#17446,.T.);
#17446=EDGE_LOOP('',(#17447,#17448,#17449));
#17447=ORIENTED_EDGE('',*,*,#17450,.T.);
#17448=ORIENTED_EDGE('',*,*,#17451,.T.);
#17449=ORIENTED_EDGE('',*,*,#17452,.T.);
#17450=EDGE_CURVE('',#915,#913,#17453,.F.);
#17451=EDGE_CURVE('',#913,#917,#17454,.T.);
#17452=EDGE_CURVE('',#917,#915,#17455,.T.);
#17453=LINE('',#914,#17456);
#17454=LINE('',#912,#17457);
#17455=LINE('',#916,#17458);
#17456=VECTOR('',#17459,1.0);
#17457=VECTOR('',#17460,1.0);
#17458=VECTOR('',#17461,1.0);
#17459=DIRECTION('',(-0.04709226699497071,0.11368942828833266,0.9923996333558102));
#17460=DIRECTION('',(0.3826873437136716,-0.9238779123679569,0));
#17461=DIRECTION('',(0,0,-1));
#17462=FACE_SURFACE('',(#17467),#17463,.T.);
#17463=PLANE('',#17464);
#17464=AXIS2_PLACEMENT_3D('',#914,#17465,#17466);
#17465=DIRECTION('',(0.7933556263088298,0.6087584498010064,-0));
#17466=DIRECTION('',(0,0,1));
#17467=FACE_BOUND('',#17468,.T.);
#17468=EDGE_LOOP('',(#17469,#17470,#17471));
#17469=ORIENTED_EDGE('',*,*,#17472,.T.);
#17470=ORIENTED_EDGE('',*,*,#17473,.T.);
#17471=ORIENTED_EDGE('',*,*,#17474,.T.);
#17472=EDGE_CURVE('',#915,#917,#17475,.F.);
#17473=EDGE_CURVE('',#917,#919,#17476,.T.);
#17474=EDGE_CURVE('',#919,#915,#17477,.T.);
#17475=LINE('',#914,#17478);
#17476=LINE('',#916,#17479);
#17477=LINE('',#918,#17480);
#17478=VECTOR('',#17481,1.0);
#17479=VECTOR('',#17482,1.0);
#17480=VECTOR('',#17483,1.0);
#17481=DIRECTION('',(0,0,1));
#17482=DIRECTION('',(0.07491245119619493,-0.09762856623429925,-0.9923995101322918));
#17483=DIRECTION('',(-0.6087584498010064,0.7933556263088298,0));
#17484=FACE_SURFACE('',(#17489),#17485,.T.);
#17485=PLANE('',#17486);
#17486=AXIS2_PLACEMENT_3D('',#918,#17487,#17488);
#17487=DIRECTION('',(0.7933556263088298,0.6087584498010064,-0));
#17488=DIRECTION('',(-0.07491245119619493,0.09762856623429925,0.9923995101322918));
#17489=FACE_BOUND('',#17490,.T.);
#17490=EDGE_LOOP('',(#17491,#17492,#17493));
#17491=ORIENTED_EDGE('',*,*,#17494,.T.);
#17492=ORIENTED_EDGE('',*,*,#17495,.T.);
#17493=ORIENTED_EDGE('',*,*,#17496,.T.);
#17494=EDGE_CURVE('',#919,#917,#17497,.F.);
#17495=EDGE_CURVE('',#917,#921,#17498,.T.);
#17496=EDGE_CURVE('',#921,#919,#17499,.T.);
#17497=LINE('',#918,#17500);
#17498=LINE('',#916,#17501);
#17499=LINE('',#920,#17502);
#17500=VECTOR('',#17503,1.0);
#17501=VECTOR('',#17504,1.0);
#17502=VECTOR('',#17505,1.0);
#17503=DIRECTION('',(-0.07491245119619493,0.09762856623429925,0.9923995101322918));
#17504=DIRECTION('',(0.6087584498010064,-0.7933556263088298,0));
#17505=DIRECTION('',(0,0,-1));
#17506=FACE_SURFACE('',(#17511),#17507,.T.);
#17507=PLANE('',#17508);
#17508=AXIS2_PLACEMENT_3D('',#918,#17509,#17510);
#17509=DIRECTION('',(0.6087584498010064,0.7933556263088298,-0));
#17510=DIRECTION('',(0,0,1));
#17511=FACE_BOUND('',#17512,.T.);
#17512=EDGE_LOOP('',(#17513,#17514,#17515));
#17513=ORIENTED_EDGE('',*,*,#17516,.T.);
#17514=ORIENTED_EDGE('',*,*,#17517,.T.);
#17515=ORIENTED_EDGE('',*,*,#17518,.T.);
#17516=EDGE_CURVE('',#919,#921,#17519,.F.);
#17517=EDGE_CURVE('',#921,#923,#17520,.T.);
#17518=EDGE_CURVE('',#923,#919,#17521,.T.);
#17519=LINE('',#918,#17522);
#17520=LINE('',#920,#17523);
#17521=LINE('',#922,#17524);
#17522=VECTOR('',#17525,1.0);
#17523=VECTOR('',#17526,1.0);
#17524=VECTOR('',#17527,1.0);
#17525=DIRECTION('',(0,0,1));
#17526=DIRECTION('',(0.09762856623429925,-0.07491245119619493,-0.9923995101322918));
#17527=DIRECTION('',(-0.7933556263088298,0.6087584498010064,0));
#17528=FACE_SURFACE('',(#17533),#17529,.T.);
#17529=PLANE('',#17530);
#17530=AXIS2_PLACEMENT_3D('',#922,#17531,#17532);
#17531=DIRECTION('',(0.6087584498010064,0.7933556263088298,-0));
#17532=DIRECTION('',(-0.09762856623429925,0.07491245119619493,0.9923995101322918));
#17533=FACE_BOUND('',#17534,.T.);
#17534=EDGE_LOOP('',(#17535,#17536,#17537));
#17535=ORIENTED_EDGE('',*,*,#17538,.T.);
#17536=ORIENTED_EDGE('',*,*,#17539,.T.);
#17537=ORIENTED_EDGE('',*,*,#17540,.T.);
#17538=EDGE_CURVE('',#923,#921,#17541,.F.);
#17539=EDGE_CURVE('',#921,#925,#17542,.T.);
#17540=EDGE_CURVE('',#925,#923,#17543,.T.);
#17541=LINE('',#922,#17544);
#17542=LINE('',#920,#17545);
#17543=LINE('',#924,#17546);
#17544=VECTOR('',#17547,1.0);
#17545=VECTOR('',#17548,1.0);
#17546=VECTOR('',#17549,1.0);
#17547=DIRECTION('',(-0.09762856623429925,0.07491245119619493,0.9923995101322918));
#17548=DIRECTION('',(0.7933556263088298,-0.6087584498010064,0));
#17549=DIRECTION('',(0,0,-1));
#17550=FACE_SURFACE('',(#17555),#17551,.T.);
#17551=PLANE('',#17552);
#17552=AXIS2_PLACEMENT_3D('',#922,#17553,#17554);
#17553=DIRECTION('',(0.3826873437136716,0.9238779123679569,-0));
#17554=DIRECTION('',(0,0,1));
#17555=FACE_BOUND('',#17556,.T.);
#17556=EDGE_LOOP('',(#17557,#17558,#17559));
#17557=ORIENTED_EDGE('',*,*,#17560,.T.);
#17558=ORIENTED_EDGE('',*,*,#17561,.T.);
#17559=ORIENTED_EDGE('',*,*,#17562,.T.);
#17560=EDGE_CURVE('',#923,#925,#17563,.F.);
#17561=EDGE_CURVE('',#925,#927,#17564,.T.);
#17562=EDGE_CURVE('',#927,#923,#17565,.T.);
#17563=LINE('',#922,#17566);
#17564=LINE('',#924,#17567);
#17565=LINE('',#926,#17568);
#17566=VECTOR('',#17569,1.0);
#17567=VECTOR('',#17570,1.0);
#17568=VECTOR('',#17571,1.0);
#17569=DIRECTION('',(0,0,1));
#17570=DIRECTION('',(0.11368942828833266,-0.04709226699497071,-0.9923996333558102));
#17571=DIRECTION('',(-0.9238779123679569,0.3826873437136716,0));
#17572=FACE_SURFACE('',(#17577),#17573,.T.);
#17573=PLANE('',#17574);
#17574=AXIS2_PLACEMENT_3D('',#926,#17575,#17576);
#17575=DIRECTION('',(0.3826873437136716,0.9238779123679569,-0));
#17576=DIRECTION('',(-0.11368942828833266,0.04709226699497071,0.9923996333558102));
#17577=FACE_BOUND('',#17578,.T.);
#17578=EDGE_LOOP('',(#17579,#17580,#17581));
#17579=ORIENTED_EDGE('',*,*,#17582,.T.);
#17580=ORIENTED_EDGE('',*,*,#17583,.T.);
#17581=ORIENTED_EDGE('',*,*,#17584,.T.);
#17582=EDGE_CURVE('',#927,#925,#17585,.F.);
#17583=EDGE_CURVE('',#925,#929,#17586,.T.);
#17584=EDGE_CURVE('',#929,#927,#17587,.T.);
#17585=LINE('',#926,#17588);
#17586=LINE('',#924,#17589);
#17587=LINE('',#928,#17590);
#17588=VECTOR('',#17591,1.0);
#17589=VECTOR('',#17592,1.0);
#17590=VECTOR('',#17593,1.0);
#17591=DIRECTION('',(-0.11368942828833266,0.04709226699497071,0.9923996333558102));
#17592=DIRECTION('',(0.9238779123679569,-0.3826873437136716,0));
#17593=DIRECTION('',(0,0,-1));
#17594=FACE_SURFACE('',(#17599),#17595,.T.);
#17595=PLANE('',#17596);
#17596=AXIS2_PLACEMENT_3D('',#926,#17597,#17598);
#17597=DIRECTION('',(0.13052275158516174,0.9914453143359134,-0));
#17598=DIRECTION('',(0,0,1));
#17599=FACE_BOUND('',#17600,.T.);
#17600=EDGE_LOOP('',(#17601,#17602,#17603));
#17601=ORIENTED_EDGE('',*,*,#17604,.T.);
#17602=ORIENTED_EDGE('',*,*,#17605,.T.);
#17603=ORIENTED_EDGE('',*,*,#17606,.T.);
#17604=EDGE_CURVE('',#927,#929,#17607,.F.);
#17605=EDGE_CURVE('',#929,#931,#17608,.T.);
#17606=EDGE_CURVE('',#931,#927,#17609,.T.);
#17607=LINE('',#926,#17610);
#17608=LINE('',#928,#17611);
#17609=LINE('',#930,#17612);
#17610=VECTOR('',#17613,1.0);
#17611=VECTOR('',#17614,1.0);
#17612=VECTOR('',#17615,1.0);
#17613=DIRECTION('',(0,0,1));
#17614=DIRECTION('',(0.1220047172982721,-0.016061795015700566,-0.992399550432104));
#17615=DIRECTION('',(-0.9914453143359134,0.13052275158516174,0));
#17616=FACE_SURFACE('',(#17621),#17617,.T.);
#17617=PLANE('',#17618);
#17618=AXIS2_PLACEMENT_3D('',#930,#17619,#17620);
#17619=DIRECTION('',(0.13052275158516174,0.9914453143359134,-0));
#17620=DIRECTION('',(-0.1220047172982721,0.016061795015700566,0.992399550432104));
#17621=FACE_BOUND('',#17622,.T.);
#17622=EDGE_LOOP('',(#17623,#17624,#17625));
#17623=ORIENTED_EDGE('',*,*,#17626,.T.);
#17624=ORIENTED_EDGE('',*,*,#17627,.T.);
#17625=ORIENTED_EDGE('',*,*,#17628,.T.);
#17626=EDGE_CURVE('',#931,#929,#17629,.F.);
#17627=EDGE_CURVE('',#929,#933,#17630,.T.);
#17628=EDGE_CURVE('',#933,#931,#17631,.T.);
#17629=LINE('',#930,#17632);
#17630=LINE('',#928,#17633);
#17631=LINE('',#932,#17634);
#17632=VECTOR('',#17635,1.0);
#17633=VECTOR('',#17636,1.0);
#17634=VECTOR('',#17637,1.0);
#17635=DIRECTION('',(-0.1220047172982721,0.016061795015700566,0.992399550432104));
#17636=DIRECTION('',(0.9914453143359134,-0.13052275158516174,0));
#17637=DIRECTION('',(0,0,-1));
#17638=FACE_SURFACE('',(#17643),#17639,.T.);
#17639=PLANE('',#17640);
#17640=AXIS2_PLACEMENT_3D('',#930,#17641,#17642);
#17641=DIRECTION('',(-0.13052275158516174,0.9914453143359134,0));
#17642=DIRECTION('',(0,0,1));
#17643=FACE_BOUND('',#17644,.T.);
#17644=EDGE_LOOP('',(#17645,#17646,#17647));
#17645=ORIENTED_EDGE('',*,*,#17648,.T.);
#17646=ORIENTED_EDGE('',*,*,#17649,.T.);
#17647=ORIENTED_EDGE('',*,*,#17650,.T.);
#17648=EDGE_CURVE('',#931,#933,#17651,.F.);
#17649=EDGE_CURVE('',#933,#935,#17652,.T.);
#17650=EDGE_CURVE('',#935,#931,#17653,.T.);
#17651=LINE('',#930,#17654);
#17652=LINE('',#932,#17655);
#17653=LINE('',#934,#17656);
#17654=VECTOR('',#17657,1.0);
#17655=VECTOR('',#17658,1.0);
#17656=VECTOR('',#17659,1.0);
#17657=DIRECTION('',(0,0,1));
#17658=DIRECTION('',(0.1220047172982721,0.016061795015700566,-0.992399550432104));
#17659=DIRECTION('',(-0.9914453143359134,-0.13052275158516174,0));
#17660=FACE_SURFACE('',(#17665),#17661,.T.);
#17661=PLANE('',#17662);
#17662=AXIS2_PLACEMENT_3D('',#934,#17663,#17664);
#17663=DIRECTION('',(-0.13052275158516174,0.9914453143359134,0));
#17664=DIRECTION('',(-0.1220047172982721,-0.016061795015700566,0.992399550432104));
#17665=FACE_BOUND('',#17666,.T.);
#17666=EDGE_LOOP('',(#17667,#17668,#17669));
#17667=ORIENTED_EDGE('',*,*,#17670,.T.);
#17668=ORIENTED_EDGE('',*,*,#17671,.T.);
#17669=ORIENTED_EDGE('',*,*,#17672,.T.);
#17670=EDGE_CURVE('',#935,#933,#17673,.F.);
#17671=EDGE_CURVE('',#933,#937,#17674,.T.);
#17672=EDGE_CURVE('',#937,#935,#17675,.T.);
#17673=LINE('',#934,#17676);
#17674=LINE('',#932,#17677);
#17675=LINE('',#936,#17678);
#17676=VECTOR('',#17679,1.0);
#17677=VECTOR('',#17680,1.0);
#17678=VECTOR('',#17681,1.0);
#17679=DIRECTION('',(-0.1220047172982721,-0.016061795015700566,0.992399550432104));
#17680=DIRECTION('',(0.9914453143359134,0.13052275158516174,0));
#17681=DIRECTION('',(0,0,-1));
#17682=FACE_SURFACE('',(#17687),#17683,.T.);
#17683=PLANE('',#17684);
#17684=AXIS2_PLACEMENT_3D('',#934,#17685,#17686);
#17685=DIRECTION('',(-0.38268462453937563,0.9238790386956276,0));
#17686=DIRECTION('',(0,0,1));
#17687=FACE_BOUND('',#17688,.T.);
#17688=EDGE_LOOP('',(#17689,#17690,#17691));
#17689=ORIENTED_EDGE('',*,*,#17692,.T.);
#17690=ORIENTED_EDGE('',*,*,#17693,.T.);
#17691=ORIENTED_EDGE('',*,*,#17694,.T.);
#17692=EDGE_CURVE('',#935,#937,#17695,.F.);
#17693=EDGE_CURVE('',#937,#939,#17696,.T.);
#17694=EDGE_CURVE('',#939,#935,#17697,.T.);
#17695=LINE('',#934,#17698);
#17696=LINE('',#936,#17699);
#17697=LINE('',#938,#17700);
#17698=VECTOR('',#17701,1.0);
#17699=VECTOR('',#17702,1.0);
#17700=VECTOR('',#17703,1.0);
#17701=DIRECTION('',(0,0,1));
#17702=DIRECTION('',(0.11369036248139644,0.04709226192788675,-0.9923995265745363));
#17703=DIRECTION('',(-0.9238790386956276,-0.38268462453937563,0));
#17704=FACE_SURFACE('',(#17709),#17705,.T.);
#17705=PLANE('',#17706);
#17706=AXIS2_PLACEMENT_3D('',#938,#17707,#17708);
#17707=DIRECTION('',(-0.38268462453937563,0.9238790386956276,0));
#17708=DIRECTION('',(-0.11369036248139644,-0.04709226192788675,0.9923995265745363));
#17709=FACE_BOUND('',#17710,.T.);
#17710=EDGE_LOOP('',(#17711,#17712,#17713));
#17711=ORIENTED_EDGE('',*,*,#17714,.T.);
#17712=ORIENTED_EDGE('',*,*,#17715,.T.);
#17713=ORIENTED_EDGE('',*,*,#17716,.T.);
#17714=EDGE_CURVE('',#939,#937,#17717,.F.);
#17715=EDGE_CURVE('',#937,#941,#17718,.T.);
#17716=EDGE_CURVE('',#941,#939,#17719,.T.);
#17717=LINE('',#938,#17720);
#17718=LINE('',#936,#17721);
#17719=LINE('',#940,#17722);
#17720=VECTOR('',#17723,1.0);
#17721=VECTOR('',#17724,1.0);
#17722=VECTOR('',#17725,1.0);
#17723=DIRECTION('',(-0.11369036248139644,-0.04709226192788675,0.9923995265745363));
#17724=DIRECTION('',(0.9238790386956276,0.38268462453937563,0));
#17725=DIRECTION('',(0,0,-1));
#17726=FACE_SURFACE('',(#17731),#17727,.T.);
#17727=PLANE('',#17728);
#17728=AXIS2_PLACEMENT_3D('',#938,#17729,#17730);
#17729=DIRECTION('',(-0.6087584498010064,0.7933556263088298,0));
#17730=DIRECTION('',(0,0,1));
#17731=FACE_BOUND('',#17732,.T.);
#17732=EDGE_LOOP('',(#17733,#17734,#17735));
#17733=ORIENTED_EDGE('',*,*,#17736,.T.);
#17734=ORIENTED_EDGE('',*,*,#17737,.T.);
#17735=ORIENTED_EDGE('',*,*,#17738,.T.);
#17736=EDGE_CURVE('',#939,#941,#17739,.F.);
#17737=EDGE_CURVE('',#941,#943,#17740,.T.);
#17738=EDGE_CURVE('',#943,#939,#17741,.T.);
#17739=LINE('',#938,#17742);
#17740=LINE('',#940,#17743);
#17741=LINE('',#942,#17744);
#17742=VECTOR('',#17745,1.0);
#17743=VECTOR('',#17746,1.0);
#17744=VECTOR('',#17747,1.0);
#17745=DIRECTION('',(0,0,1));
#17746=DIRECTION('',(0.09762856623429925,0.07491245119619493,-0.9923995101322918));
#17747=DIRECTION('',(-0.7933556263088298,-0.6087584498010064,0));
#17748=FACE_SURFACE('',(#17753),#17749,.T.);
#17749=PLANE('',#17750);
#17750=AXIS2_PLACEMENT_3D('',#942,#17751,#17752);
#17751=DIRECTION('',(-0.6087584498010064,0.7933556263088298,0));
#17752=DIRECTION('',(-0.09762856623429925,-0.07491245119619493,0.9923995101322918));
#17753=FACE_BOUND('',#17754,.T.);
#17754=EDGE_LOOP('',(#17755,#17756,#17757));
#17755=ORIENTED_EDGE('',*,*,#17758,.T.);
#17756=ORIENTED_EDGE('',*,*,#17759,.T.);
#17757=ORIENTED_EDGE('',*,*,#17760,.T.);
#17758=EDGE_CURVE('',#943,#941,#17761,.F.);
#17759=EDGE_CURVE('',#941,#945,#17762,.T.);
#17760=EDGE_CURVE('',#945,#943,#17763,.T.);
#17761=LINE('',#942,#17764);
#17762=LINE('',#940,#17765);
#17763=LINE('',#944,#17766);
#17764=VECTOR('',#17767,1.0);
#17765=VECTOR('',#17768,1.0);
#17766=VECTOR('',#17769,1.0);
#17767=DIRECTION('',(-0.09762856623429925,-0.07491245119619493,0.9923995101322918));
#17768=DIRECTION('',(0.7933556263088298,0.6087584498010064,0));
#17769=DIRECTION('',(0,0,-1));
#17770=FACE_SURFACE('',(#17775),#17771,.T.);
#17771=PLANE('',#17772);
#17772=AXIS2_PLACEMENT_3D('',#942,#17773,#17774);
#17773=DIRECTION('',(-0.7933556263088298,0.6087584498010064,0));
#17774=DIRECTION('',(0,0,1));
#17775=FACE_BOUND('',#17776,.T.);
#17776=EDGE_LOOP('',(#17777,#17778,#17779));
#17777=ORIENTED_EDGE('',*,*,#17780,.T.);
#17778=ORIENTED_EDGE('',*,*,#17781,.T.);
#17779=ORIENTED_EDGE('',*,*,#17782,.T.);
#17780=EDGE_CURVE('',#943,#945,#17783,.F.);
#17781=EDGE_CURVE('',#945,#947,#17784,.T.);
#17782=EDGE_CURVE('',#947,#943,#17785,.T.);
#17783=LINE('',#942,#17786);
#17784=LINE('',#944,#17787);
#17785=LINE('',#946,#17788);
#17786=VECTOR('',#17789,1.0);
#17787=VECTOR('',#17790,1.0);
#17788=VECTOR('',#17791,1.0);
#17789=DIRECTION('',(0,0,1));
#17790=DIRECTION('',(0.07491245119619493,0.09762856623429925,-0.9923995101322918));
#17791=DIRECTION('',(-0.6087584498010064,-0.7933556263088298,0));
#17792=FACE_SURFACE('',(#17797),#17793,.T.);
#17793=PLANE('',#17794);
#17794=AXIS2_PLACEMENT_3D('',#946,#17795,#17796);
#17795=DIRECTION('',(-0.7933556263088298,0.6087584498010064,0));
#17796=DIRECTION('',(-0.07491245119619493,-0.09762856623429925,0.9923995101322918));
#17797=FACE_BOUND('',#17798,.T.);
#17798=EDGE_LOOP('',(#17799,#17800,#17801));
#17799=ORIENTED_EDGE('',*,*,#17802,.T.);
#17800=ORIENTED_EDGE('',*,*,#17803,.T.);
#17801=ORIENTED_EDGE('',*,*,#17804,.T.);
#17802=EDGE_CURVE('',#947,#945,#17805,.F.);
#17803=EDGE_CURVE('',#945,#949,#17806,.T.);
#17804=EDGE_CURVE('',#949,#947,#17807,.T.);
#17805=LINE('',#946,#17808);
#17806=LINE('',#944,#17809);
#17807=LINE('',#948,#17810);
#17808=VECTOR('',#17811,1.0);
#17809=VECTOR('',#17812,1.0);
#17810=VECTOR('',#17813,1.0);
#17811=DIRECTION('',(-0.07491245119619493,-0.09762856623429925,0.9923995101322918));
#17812=DIRECTION('',(0.6087584498010064,0.7933556263088298,0));
#17813=DIRECTION('',(0,0,-1));
#17814=FACE_SURFACE('',(#17819),#17815,.T.);
#17815=PLANE('',#17816);
#17816=AXIS2_PLACEMENT_3D('',#946,#17817,#17818);
#17817=DIRECTION('',(-0.9238779123679569,0.3826873437136716,0));
#17818=DIRECTION('',(0,0,1));
#17819=FACE_BOUND('',#17820,.T.);
#17820=EDGE_LOOP('',(#17821,#17822,#17823));
#17821=ORIENTED_EDGE('',*,*,#17824,.T.);
#17822=ORIENTED_EDGE('',*,*,#17825,.T.);
#17823=ORIENTED_EDGE('',*,*,#17826,.T.);
#17824=EDGE_CURVE('',#947,#949,#17827,.F.);
#17825=EDGE_CURVE('',#949,#951,#17828,.T.);
#17826=EDGE_CURVE('',#951,#947,#17829,.T.);
#17827=LINE('',#946,#17830);
#17828=LINE('',#948,#17831);
#17829=LINE('',#950,#17832);
#17830=VECTOR('',#17833,1.0);
#17831=VECTOR('',#17834,1.0);
#17832=VECTOR('',#17835,1.0);
#17833=DIRECTION('',(0,0,1));
#17834=DIRECTION('',(0.04709226699497071,0.11368942828833266,-0.9923996333558102));
#17835=DIRECTION('',(-0.3826873437136716,-0.9238779123679569,0));
#17836=FACE_SURFACE('',(#17841),#17837,.T.);
#17837=PLANE('',#17838);
#17838=AXIS2_PLACEMENT_3D('',#950,#17839,#17840);
#17839=DIRECTION('',(-0.9238779123679569,0.3826873437136716,0));
#17840=DIRECTION('',(-0.04709226699497071,-0.11368942828833266,0.9923996333558102));
#17841=FACE_BOUND('',#17842,.T.);
#17842=EDGE_LOOP('',(#17843,#17844,#17845));
#17843=ORIENTED_EDGE('',*,*,#17846,.T.);
#17844=ORIENTED_EDGE('',*,*,#17847,.T.);
#17845=ORIENTED_EDGE('',*,*,#17848,.T.);
#17846=EDGE_CURVE('',#951,#949,#17849,.F.);
#17847=EDGE_CURVE('',#949,#953,#17850,.T.);
#17848=EDGE_CURVE('',#953,#951,#17851,.T.);
#17849=LINE('',#950,#17852);
#17850=LINE('',#948,#17853);
#17851=LINE('',#952,#17854);
#17852=VECTOR('',#17855,1.0);
#17853=VECTOR('',#17856,1.0);
#17854=VECTOR('',#17857,1.0);
#17855=DIRECTION('',(-0.04709226699497071,-0.11368942828833266,0.9923996333558102));
#17856=DIRECTION('',(0.3826873437136716,0.9238779123679569,0));
#17857=DIRECTION('',(0,0,-1));
#17858=FACE_SURFACE('',(#17863),#17859,.T.);
#17859=PLANE('',#17860);
#17860=AXIS2_PLACEMENT_3D('',#950,#17861,#17862);
#17861=DIRECTION('',(-0.9914453143359134,0.13052275158516174,0));
#17862=DIRECTION('',(0,0,1));
#17863=FACE_BOUND('',#17864,.T.);
#17864=EDGE_LOOP('',(#17865,#17866,#17867));
#17865=ORIENTED_EDGE('',*,*,#17868,.T.);
#17866=ORIENTED_EDGE('',*,*,#17869,.T.);
#17867=ORIENTED_EDGE('',*,*,#17870,.T.);
#17868=EDGE_CURVE('',#951,#953,#17871,.F.);
#17869=EDGE_CURVE('',#953,#859,#17872,.T.);
#17870=EDGE_CURVE('',#859,#951,#17873,.T.);
#17871=LINE('',#950,#17874);
#17872=LINE('',#952,#17875);
#17873=LINE('',#858,#17876);
#17874=VECTOR('',#17877,1.0);
#17875=VECTOR('',#17878,1.0);
#17876=VECTOR('',#17879,1.0);
#17877=DIRECTION('',(0,0,1));
#17878=DIRECTION('',(0.016061795015700566,0.1220047172982721,-0.992399550432104));
#17879=DIRECTION('',(-0.13052275158516174,-0.9914453143359134,0));
#17880=FACE_SURFACE('',(#17885),#17881,.T.);
#17881=PLANE('',#17882);
#17882=AXIS2_PLACEMENT_3D('',#858,#17883,#17884);
#17883=DIRECTION('',(-0.9914453143359134,0.13052275158516174,0));
#17884=DIRECTION('',(-0.016061795015700566,-0.1220047172982721,0.992399550432104));
#17885=FACE_BOUND('',#17886,.T.);
#17886=EDGE_LOOP('',(#17887,#17888,#17889));
#17887=ORIENTED_EDGE('',*,*,#17890,.T.);
#17888=ORIENTED_EDGE('',*,*,#17891,.T.);
#17889=ORIENTED_EDGE('',*,*,#17892,.T.);
#17890=EDGE_CURVE('',#859,#953,#17893,.F.);
#17891=EDGE_CURVE('',#953,#861,#17894,.T.);
#17892=EDGE_CURVE('',#861,#859,#17895,.T.);
#17893=LINE('',#858,#17896);
#17894=LINE('',#952,#17897);
#17895=LINE('',#860,#17898);
#17896=VECTOR('',#17899,1.0);
#17897=VECTOR('',#17900,1.0);
#17898=VECTOR('',#17901,1.0);
#17899=DIRECTION('',(-0.016061795015700566,-0.1220047172982721,0.992399550432104));
#17900=DIRECTION('',(0.13052275158516174,0.9914453143359134,0));
#17901=DIRECTION('',(0,0,-1));
#17902=FACE_SURFACE('',(#17907),#17903,.T.);
#17903=PLANE('',#17904);
#17904=AXIS2_PLACEMENT_3D('',#862,#17905,#17906);
#17905=DIRECTION('',(0,0,1));
#17906=DIRECTION('',(-1,0,0));
#17907=FACE_BOUND('',#17908,.T.);
#17908=EDGE_LOOP('',(#17909,#17910,#17911));
#17909=ORIENTED_EDGE('',*,*,#17912,.T.);
#17910=ORIENTED_EDGE('',*,*,#17913,.T.);
#17911=ORIENTED_EDGE('',*,*,#17914,.T.);
#17912=EDGE_CURVE('',#863,#903,#17915,.F.);
#17913=EDGE_CURVE('',#903,#859,#17916,.T.);
#17914=EDGE_CURVE('',#859,#863,#17917,.T.);
#17915=LINE('',#862,#17918);
#17916=LINE('',#902,#17919);
#17917=LINE('',#858,#17920);
#17918=VECTOR('',#17921,1.0);
#17919=VECTOR('',#17922,1.0);
#17920=VECTOR('',#17923,1.0);
#17921=DIRECTION('',(-1,0,0));
#17922=DIRECTION('',(0.9914448569158256,-0.13052622608180348,0));
#17923=DIRECTION('',(-0.13052275158516174,0.9914453143359134,0));
#17924=FACE_SURFACE('',(#17929),#17925,.T.);
#17925=PLANE('',#17926);
#17926=AXIS2_PLACEMENT_3D('',#858,#17927,#17928);
#17927=DIRECTION('',(0,0,1));
#17928=DIRECTION('',(-0.9914448569158256,0.13052622608180348,0));
#17929=FACE_BOUND('',#17930,.T.);
#17930=EDGE_LOOP('',(#17931,#17932,#17933));
#17931=ORIENTED_EDGE('',*,*,#17934,.T.);
#17932=ORIENTED_EDGE('',*,*,#17935,.T.);
#17933=ORIENTED_EDGE('',*,*,#17936,.T.);
#17934=EDGE_CURVE('',#859,#903,#17937,.F.);
#17935=EDGE_CURVE('',#903,#907,#17938,.T.);
#17936=EDGE_CURVE('',#907,#859,#17939,.T.);
#17937=LINE('',#858,#17940);
#17938=LINE('',#902,#17941);
#17939=LINE('',#906,#17942);
#17940=VECTOR('',#17943,1.0);
#17941=VECTOR('',#17944,1.0);
#17942=VECTOR('',#17945,1.0);
#17943=DIRECTION('',(-0.9914448569158256,0.13052622608180348,0));
#17944=DIRECTION('',(-0.13052275158516174,-0.9914453143359134,0));
#17945=DIRECTION('',(1,0,0));
#17946=FACE_SURFACE('',(#17951),#17947,.T.);
#17947=PLANE('',#17948);
#17948=AXIS2_PLACEMENT_3D('',#858,#17949,#17950);
#17949=DIRECTION('',(0,0,1));
#17950=DIRECTION('',(-1,0,0));
#17951=FACE_BOUND('',#17952,.T.);
#17952=EDGE_LOOP('',(#17953,#17954,#17955));
#17953=ORIENTED_EDGE('',*,*,#17956,.T.);
#17954=ORIENTED_EDGE('',*,*,#17957,.T.);
#17955=ORIENTED_EDGE('',*,*,#17958,.T.);
#17956=EDGE_CURVE('',#859,#907,#17959,.F.);
#17957=EDGE_CURVE('',#907,#951,#17960,.T.);
#17958=EDGE_CURVE('',#951,#859,#17961,.T.);
#17959=LINE('',#858,#17962);
#17960=LINE('',#906,#17963);
#17961=LINE('',#950,#17964);
#17962=VECTOR('',#17965,1.0);
#17963=VECTOR('',#17966,1.0);
#17964=VECTOR('',#17967,1.0);
#17965=DIRECTION('',(-1,0,0));
#17966=DIRECTION('',(0.9914448569158256,-0.13052622608180348,0));
#17967=DIRECTION('',(0.13052275158516174,0.9914453143359134,0));
#17968=FACE_SURFACE('',(#17973),#17969,.T.);
#17969=PLANE('',#17970);
#17970=AXIS2_PLACEMENT_3D('',#950,#17971,#17972);
#17971=DIRECTION('',(0,0,1));
#17972=DIRECTION('',(-0.9914448569158256,0.13052622608180348,0));
#17973=FACE_BOUND('',#17974,.T.);
#17974=EDGE_LOOP('',(#17975,#17976,#17977));
#17975=ORIENTED_EDGE('',*,*,#17978,.T.);
#17976=ORIENTED_EDGE('',*,*,#17979,.T.);
#17977=ORIENTED_EDGE('',*,*,#17980,.T.);
#17978=EDGE_CURVE('',#951,#907,#17981,.F.);
#17979=EDGE_CURVE('',#907,#911,#17982,.T.);
#17980=EDGE_CURVE('',#911,#951,#17983,.T.);
#17981=LINE('',#950,#17984);
#17982=LINE('',#906,#17985);
#17983=LINE('',#910,#17986);
#17984=VECTOR('',#17987,1.0);
#17985=VECTOR('',#17988,1.0);
#17986=VECTOR('',#17989,1.0);
#17987=DIRECTION('',(-0.9914448569158256,0.13052622608180348,0));
#17988=DIRECTION('',(0.13052275158516174,-0.9914453143359134,0));
#17989=DIRECTION('',(1,0,0));
#17990=FACE_SURFACE('',(#17995),#17991,.T.);
#17991=PLANE('',#17992);
#17992=AXIS2_PLACEMENT_3D('',#950,#17993,#17994);
#17993=DIRECTION('',(0,0,1));
#17994=DIRECTION('',(-1,0,0));
#17995=FACE_BOUND('',#17996,.T.);
#17996=EDGE_LOOP('',(#17997,#17998,#17999));
#17997=ORIENTED_EDGE('',*,*,#18000,.T.);
#17998=ORIENTED_EDGE('',*,*,#18001,.T.);
#17999=ORIENTED_EDGE('',*,*,#18002,.T.);
#18000=EDGE_CURVE('',#951,#911,#18003,.F.);
#18001=EDGE_CURVE('',#911,#947,#18004,.T.);
#18002=EDGE_CURVE('',#947,#951,#18005,.T.);
#18003=LINE('',#950,#18006);
#18004=LINE('',#910,#18007);
#18005=LINE('',#946,#18008);
#18006=VECTOR('',#18009,1.0);
#18007=VECTOR('',#18010,1.0);
#18008=VECTOR('',#18011,1.0);
#18009=DIRECTION('',(-1,0,0));
#18010=DIRECTION('',(0.9914449916470189,-0.1305252026929763,0));
#18011=DIRECTION('',(0.3826873437136716,0.9238779123679569,0));
#18012=FACE_SURFACE('',(#18017),#18013,.T.);
#18013=PLANE('',#18014);
#18014=AXIS2_PLACEMENT_3D('',#946,#18015,#18016);
#18015=DIRECTION('',(0,0,1));
#18016=DIRECTION('',(-0.9914449916470189,0.1305252026929763,0));
#18017=FACE_BOUND('',#18018,.T.);
#18018=EDGE_LOOP('',(#18019,#18020,#18021));
#18019=ORIENTED_EDGE('',*,*,#18022,.T.);
#18020=ORIENTED_EDGE('',*,*,#18023,.T.);
#18021=ORIENTED_EDGE('',*,*,#18024,.T.);
#18022=EDGE_CURVE('',#947,#911,#18025,.F.);
#18023=EDGE_CURVE('',#911,#915,#18026,.T.);
#18024=EDGE_CURVE('',#915,#947,#18027,.T.);
#18025=LINE('',#946,#18028);
#18026=LINE('',#910,#18029);
#18027=LINE('',#914,#18030);
#18028=VECTOR('',#18031,1.0);
#18029=VECTOR('',#18032,1.0);
#18030=VECTOR('',#18033,1.0);
#18031=DIRECTION('',(-0.9914449916470189,0.1305252026929763,0));
#18032=DIRECTION('',(0.3826873437136716,-0.9238779123679569,0));
#18033=DIRECTION('',(1,0,0));
#18034=FACE_SURFACE('',(#18039),#18035,.T.);
#18035=PLANE('',#18036);
#18036=AXIS2_PLACEMENT_3D('',#946,#18037,#18038);
#18037=DIRECTION('',(0,0,1));
#18038=DIRECTION('',(-1,0,0));
#18039=FACE_BOUND('',#18040,.T.);
#18040=EDGE_LOOP('',(#18041,#18042,#18043));
#18041=ORIENTED_EDGE('',*,*,#18044,.T.);
#18042=ORIENTED_EDGE('',*,*,#18045,.T.);
#18043=ORIENTED_EDGE('',*,*,#18046,.T.);
#18044=EDGE_CURVE('',#947,#915,#18047,.F.);
#18045=EDGE_CURVE('',#915,#943,#18048,.T.);
#18046=EDGE_CURVE('',#943,#947,#18049,.T.);
#18047=LINE('',#946,#18050);
#18048=LINE('',#914,#18051);
#18049=LINE('',#942,#18052);
#18050=VECTOR('',#18053,1.0);
#18051=VECTOR('',#18054,1.0);
#18052=VECTOR('',#18055,1.0);
#18053=DIRECTION('',(-1,0,0));
#18054=DIRECTION('',(0.991444774808192,-0.13052684974951892,0));
#18055=DIRECTION('',(0.6087584498010064,0.7933556263088298,0));
#18056=FACE_SURFACE('',(#18061),#18057,.T.);
#18057=PLANE('',#18058);
#18058=AXIS2_PLACEMENT_3D('',#942,#18059,#18060);
#18059=DIRECTION('',(0,0,1));
#18060=DIRECTION('',(-0.991444774808192,0.13052684974951892,0));
#18061=FACE_BOUND('',#18062,.T.);
#18062=EDGE_LOOP('',(#18063,#18064,#18065));
#18063=ORIENTED_EDGE('',*,*,#18066,.T.);
#18064=ORIENTED_EDGE('',*,*,#18067,.T.);
#18065=ORIENTED_EDGE('',*,*,#18068,.T.);
#18066=EDGE_CURVE('',#943,#915,#18069,.F.);
#18067=EDGE_CURVE('',#915,#919,#18070,.T.);
#18068=EDGE_CURVE('',#919,#943,#18071,.T.);
#18069=LINE('',#942,#18072);
#18070=LINE('',#914,#18073);
#18071=LINE('',#918,#18074);
#18072=VECTOR('',#18075,1.0);
#18073=VECTOR('',#18076,1.0);
#18074=VECTOR('',#18077,1.0);
#18075=DIRECTION('',(-0.991444774808192,0.13052684974951892,0));
#18076=DIRECTION('',(0.6087584498010064,-0.7933556263088298,0));
#18077=DIRECTION('',(1,0,0));
#18078=FACE_SURFACE('',(#18083),#18079,.T.);
#18079=PLANE('',#18080);
#18080=AXIS2_PLACEMENT_3D('',#942,#18081,#18082);
#18081=DIRECTION('',(0,0,1));
#18082=DIRECTION('',(-1,0,0));
#18083=FACE_BOUND('',#18084,.T.);
#18084=EDGE_LOOP('',(#18085,#18086,#18087));
#18085=ORIENTED_EDGE('',*,*,#18088,.T.);
#18086=ORIENTED_EDGE('',*,*,#18089,.T.);
#18087=ORIENTED_EDGE('',*,*,#18090,.T.);
#18088=EDGE_CURVE('',#943,#919,#18091,.F.);
#18089=EDGE_CURVE('',#919,#939,#18092,.T.);
#18090=EDGE_CURVE('',#939,#943,#18093,.T.);
#18091=LINE('',#942,#18094);
#18092=LINE('',#918,#18095);
#18093=LINE('',#938,#18096);
#18094=VECTOR('',#18097,1.0);
#18095=VECTOR('',#18098,1.0);
#18096=VECTOR('',#18099,1.0);
#18097=DIRECTION('',(-1,0,0));
#18098=DIRECTION('',(0.9914448971865483,-0.1305259201950123,0));
#18099=DIRECTION('',(0.7933556263088298,0.6087584498010064,0));
#18100=FACE_SURFACE('',(#18105),#18101,.T.);
#18101=PLANE('',#18102);
#18102=AXIS2_PLACEMENT_3D('',#938,#18103,#18104);
#18103=DIRECTION('',(0,0,1));
#18104=DIRECTION('',(-0.9914448971865483,0.1305259201950123,0));
#18105=FACE_BOUND('',#18106,.T.);
#18106=EDGE_LOOP('',(#18107,#18108,#18109));
#18107=ORIENTED_EDGE('',*,*,#18110,.T.);
#18108=ORIENTED_EDGE('',*,*,#18111,.T.);
#18109=ORIENTED_EDGE('',*,*,#18112,.T.);
#18110=EDGE_CURVE('',#939,#919,#18113,.F.);
#18111=EDGE_CURVE('',#919,#923,#18114,.T.);
#18112=EDGE_CURVE('',#923,#939,#18115,.T.);
#18113=LINE('',#938,#18116);
#18114=LINE('',#918,#18117);
#18115=LINE('',#922,#18118);
#18116=VECTOR('',#18119,1.0);
#18117=VECTOR('',#18120,1.0);
#18118=VECTOR('',#18121,1.0);
#18119=DIRECTION('',(-0.9914448971865483,0.1305259201950123,0));
#18120=DIRECTION('',(0.7933556263088298,-0.6087584498010064,0));
#18121=DIRECTION('',(1,0,0));
#18122=FACE_SURFACE('',(#18127),#18123,.T.);
#18123=PLANE('',#18124);
#18124=AXIS2_PLACEMENT_3D('',#938,#18125,#18126);
#18125=DIRECTION('',(0,0,1));
#18126=DIRECTION('',(-1,0,0));
#18127=FACE_BOUND('',#18128,.T.);
#18128=EDGE_LOOP('',(#18129,#18130,#18131));
#18129=ORIENTED_EDGE('',*,*,#18132,.T.);
#18130=ORIENTED_EDGE('',*,*,#18133,.T.);
#18131=ORIENTED_EDGE('',*,*,#18134,.T.);
#18132=EDGE_CURVE('',#939,#923,#18135,.F.);
#18133=EDGE_CURVE('',#923,#935,#18136,.T.);
#18134=EDGE_CURVE('',#935,#939,#18137,.T.);
#18135=LINE('',#938,#18138);
#18136=LINE('',#922,#18139);
#18137=LINE('',#934,#18140);
#18138=VECTOR('',#18141,1.0);
#18139=VECTOR('',#18142,1.0);
#18140=VECTOR('',#18143,1.0);
#18141=DIRECTION('',(-1,0,0));
#18142=DIRECTION('',(0.9914447481614767,-0.13052705215021884,0));
#18143=DIRECTION('',(0.9238790386956276,0.38268462453937563,0));
#18144=FACE_SURFACE('',(#18149),#18145,.T.);
#18145=PLANE('',#18146);
#18146=AXIS2_PLACEMENT_3D('',#934,#18147,#18148);
#18147=DIRECTION('',(0,0,1));
#18148=DIRECTION('',(-0.9914447481614767,0.13052705215021884,0));
#18149=FACE_BOUND('',#18150,.T.);
#18150=EDGE_LOOP('',(#18151,#18152,#18153));
#18151=ORIENTED_EDGE('',*,*,#18154,.T.);
#18152=ORIENTED_EDGE('',*,*,#18155,.T.);
#18153=ORIENTED_EDGE('',*,*,#18156,.T.);
#18154=EDGE_CURVE('',#935,#923,#18157,.F.);
#18155=EDGE_CURVE('',#923,#927,#18158,.T.);
#18156=EDGE_CURVE('',#927,#935,#18159,.T.);
#18157=LINE('',#934,#18160);
#18158=LINE('',#922,#18161);
#18159=LINE('',#926,#18162);
#18160=VECTOR('',#18163,1.0);
#18161=VECTOR('',#18164,1.0);
#18162=VECTOR('',#18165,1.0);
#18163=DIRECTION('',(-0.9914447481614767,0.13052705215021884,0));
#18164=DIRECTION('',(0.9238779123679569,-0.3826873437136716,0));
#18165=DIRECTION('',(1,0,0));
#18166=FACE_SURFACE('',(#18171),#18167,.T.);
#18167=PLANE('',#18168);
#18168=AXIS2_PLACEMENT_3D('',#934,#18169,#18170);
#18169=DIRECTION('',(0,0,1));
#18170=DIRECTION('',(-1,0,0));
#18171=FACE_BOUND('',#18172,.T.);
#18172=EDGE_LOOP('',(#18173,#18174,#18175));
#18173=ORIENTED_EDGE('',*,*,#18176,.T.);
#18174=ORIENTED_EDGE('',*,*,#18177,.T.);
#18175=ORIENTED_EDGE('',*,*,#18178,.T.);
#18176=EDGE_CURVE('',#935,#927,#18179,.F.);
#18177=EDGE_CURVE('',#927,#931,#18180,.T.);
#18178=EDGE_CURVE('',#931,#935,#18181,.T.);
#18179=LINE('',#934,#18182);
#18180=LINE('',#926,#18183);
#18181=LINE('',#930,#18184);
#18182=VECTOR('',#18185,1.0);
#18183=VECTOR('',#18186,1.0);
#18184=VECTOR('',#18187,1.0);
#18185=DIRECTION('',(-1,0,0));
#18186=DIRECTION('',(0.9914453143359134,-0.13052275158516174,0));
#18187=DIRECTION('',(0.9914453143359134,0.13052275158516174,0));
#18188=FACE_SURFACE('',(#18193),#18189,.T.);
#18189=PLANE('',#18190);
#18190=AXIS2_PLACEMENT_3D('',#902,#18191,#18192);
#18191=DIRECTION('',(0,0,1));
#18192=DIRECTION('',(1,0,0));
#18193=FACE_BOUND('',#18194,.T.);
#18194=EDGE_LOOP('',(#18195,#18196,#18197));
#18195=ORIENTED_EDGE('',*,*,#18198,.T.);
#18196=ORIENTED_EDGE('',*,*,#18199,.T.);
#18197=ORIENTED_EDGE('',*,*,#18200,.T.);
#18198=EDGE_CURVE('',#903,#863,#18201,.F.);
#18199=EDGE_CURVE('',#863,#899,#18202,.T.);
#18200=EDGE_CURVE('',#899,#903,#18203,.T.);
#18201=LINE('',#902,#18204);
#18202=LINE('',#862,#18205);
#18203=LINE('',#898,#18206);
#18204=VECTOR('',#18207,1.0);
#18205=VECTOR('',#18208,1.0);
#18206=VECTOR('',#18209,1.0);
#18207=DIRECTION('',(1,0,0));
#18208=DIRECTION('',(-0.9914448510339489,0.13052627075907328,0));
#18209=DIRECTION('',(-0.38268462453937563,-0.9238790386956276,0));
#18210=FACE_SURFACE('',(#18215),#18211,.T.);
#18211=PLANE('',#18212);
#18212=AXIS2_PLACEMENT_3D('',#898,#18213,#18214);
#18213=DIRECTION('',(-0,0,1));
#18214=DIRECTION('',(0.9914448510339489,-0.13052627075907328,0));
#18215=FACE_BOUND('',#18216,.T.);
#18216=EDGE_LOOP('',(#18217,#18218,#18219));
#18217=ORIENTED_EDGE('',*,*,#18220,.T.);
#18218=ORIENTED_EDGE('',*,*,#18221,.T.);
#18219=ORIENTED_EDGE('',*,*,#18222,.T.);
#18220=EDGE_CURVE('',#899,#863,#18223,.F.);
#18221=EDGE_CURVE('',#863,#867,#18224,.T.);
#18222=EDGE_CURVE('',#867,#899,#18225,.T.);
#18223=LINE('',#898,#18226);
#18224=LINE('',#862,#18227);
#18225=LINE('',#866,#18228);
#18226=VECTOR('',#18229,1.0);
#18227=VECTOR('',#18230,1.0);
#18228=VECTOR('',#18231,1.0);
#18229=DIRECTION('',(0.9914448510339489,-0.13052627075907328,0));
#18230=DIRECTION('',(-0.38268462453937563,0.9238790386956276,0));
#18231=DIRECTION('',(-1,0,0));
#18232=FACE_SURFACE('',(#18237),#18233,.T.);
#18233=PLANE('',#18234);
#18234=AXIS2_PLACEMENT_3D('',#898,#18235,#18236);
#18235=DIRECTION('',(0,0,1));
#18236=DIRECTION('',(1,0,0));
#18237=FACE_BOUND('',#18238,.T.);
#18238=EDGE_LOOP('',(#18239,#18240,#18241));
#18239=ORIENTED_EDGE('',*,*,#18242,.T.);
#18240=ORIENTED_EDGE('',*,*,#18243,.T.);
#18241=ORIENTED_EDGE('',*,*,#18244,.T.);
#18242=EDGE_CURVE('',#899,#867,#18245,.F.);
#18243=EDGE_CURVE('',#867,#895,#18246,.T.);
#18244=EDGE_CURVE('',#895,#899,#18247,.T.);
#18245=LINE('',#898,#18248);
#18246=LINE('',#866,#18249);
#18247=LINE('',#894,#18250);
#18248=VECTOR('',#18251,1.0);
#18249=VECTOR('',#18252,1.0);
#18250=VECTOR('',#18253,1.0);
#18251=DIRECTION('',(1,0,0));
#18252=DIRECTION('',(-0.991444774808192,0.13052684974951892,0));
#18253=DIRECTION('',(-0.6087584498010064,-0.7933556263088298,0));
#18254=FACE_SURFACE('',(#18259),#18255,.T.);
#18255=PLANE('',#18256);
#18256=AXIS2_PLACEMENT_3D('',#894,#18257,#18258);
#18257=DIRECTION('',(-0,0,1));
#18258=DIRECTION('',(0.991444774808192,-0.13052684974951892,0));
#18259=FACE_BOUND('',#18260,.T.);
#18260=EDGE_LOOP('',(#18261,#18262,#18263));
#18261=ORIENTED_EDGE('',*,*,#18264,.T.);
#18262=ORIENTED_EDGE('',*,*,#18265,.T.);
#18263=ORIENTED_EDGE('',*,*,#18266,.T.);
#18264=EDGE_CURVE('',#895,#867,#18267,.F.);
#18265=EDGE_CURVE('',#867,#871,#18268,.T.);
#18266=EDGE_CURVE('',#871,#895,#18269,.T.);
#18267=LINE('',#894,#18270);
#18268=LINE('',#866,#18271);
#18269=LINE('',#870,#18272);
#18270=VECTOR('',#18273,1.0);
#18271=VECTOR('',#18274,1.0);
#18272=VECTOR('',#18275,1.0);
#18273=DIRECTION('',(0.991444774808192,-0.13052684974951892,0));
#18274=DIRECTION('',(-0.6087584498010064,0.7933556263088298,0));
#18275=DIRECTION('',(-1,0,0));
#18276=FACE_SURFACE('',(#18281),#18277,.T.);
#18277=PLANE('',#18278);
#18278=AXIS2_PLACEMENT_3D('',#894,#18279,#18280);
#18279=DIRECTION('',(0,0,1));
#18280=DIRECTION('',(1,0,0));
#18281=FACE_BOUND('',#18282,.T.);
#18282=EDGE_LOOP('',(#18283,#18284,#18285));
#18283=ORIENTED_EDGE('',*,*,#18286,.T.);
#18284=ORIENTED_EDGE('',*,*,#18287,.T.);
#18285=ORIENTED_EDGE('',*,*,#18288,.T.);
#18286=EDGE_CURVE('',#895,#871,#18289,.F.);
#18287=EDGE_CURVE('',#871,#891,#18290,.T.);
#18288=EDGE_CURVE('',#891,#895,#18291,.T.);
#18289=LINE('',#894,#18292);
#18290=LINE('',#870,#18293);
#18291=LINE('',#890,#18294);
#18292=VECTOR('',#18295,1.0);
#18293=VECTOR('',#18296,1.0);
#18294=VECTOR('',#18297,1.0);
#18295=DIRECTION('',(1,0,0));
#18296=DIRECTION('',(-0.9914448971865483,0.1305259201950123,0));
#18297=DIRECTION('',(-0.7933556263088298,-0.6087584498010064,0));
#18298=FACE_SURFACE('',(#18303),#18299,.T.);
#18299=PLANE('',#18300);
#18300=AXIS2_PLACEMENT_3D('',#890,#18301,#18302);
#18301=DIRECTION('',(-0,0,1));
#18302=DIRECTION('',(0.9914448971865483,-0.1305259201950123,0));
#18303=FACE_BOUND('',#18304,.T.);
#18304=EDGE_LOOP('',(#18305,#18306,#18307));
#18305=ORIENTED_EDGE('',*,*,#18308,.T.);
#18306=ORIENTED_EDGE('',*,*,#18309,.T.);
#18307=ORIENTED_EDGE('',*,*,#18310,.T.);
#18308=EDGE_CURVE('',#891,#871,#18311,.F.);
#18309=EDGE_CURVE('',#871,#875,#18312,.T.);
#18310=EDGE_CURVE('',#875,#891,#18313,.T.);
#18311=LINE('',#890,#18314);
#18312=LINE('',#870,#18315);
#18313=LINE('',#874,#18316);
#18314=VECTOR('',#18317,1.0);
#18315=VECTOR('',#18318,1.0);
#18316=VECTOR('',#18319,1.0);
#18317=DIRECTION('',(0.9914448971865483,-0.1305259201950123,0));
#18318=DIRECTION('',(-0.7933556263088298,0.6087584498010064,0));
#18319=DIRECTION('',(-1,0,0));
#18320=FACE_SURFACE('',(#18325),#18321,.T.);
#18321=PLANE('',#18322);
#18322=AXIS2_PLACEMENT_3D('',#890,#18323,#18324);
#18323=DIRECTION('',(0,0,1));
#18324=DIRECTION('',(1,0,0));
#18325=FACE_BOUND('',#18326,.T.);
#18326=EDGE_LOOP('',(#18327,#18328,#18329));
#18327=ORIENTED_EDGE('',*,*,#18330,.T.);
#18328=ORIENTED_EDGE('',*,*,#18331,.T.);
#18329=ORIENTED_EDGE('',*,*,#18332,.T.);
#18330=EDGE_CURVE('',#891,#875,#18333,.F.);
#18331=EDGE_CURVE('',#875,#887,#18334,.T.);
#18332=EDGE_CURVE('',#887,#891,#18335,.T.);
#18333=LINE('',#890,#18336);
#18334=LINE('',#874,#18337);
#18335=LINE('',#886,#18338);
#18336=VECTOR('',#18339,1.0);
#18337=VECTOR('',#18340,1.0);
#18338=VECTOR('',#18341,1.0);
#18339=DIRECTION('',(1,0,0));
#18340=DIRECTION('',(-0.9914447928542166,0.13052671267698232,0));
#18341=DIRECTION('',(-0.9238779123679569,-0.3826873437136716,0));
#18342=FACE_SURFACE('',(#18347),#18343,.T.);
#18343=PLANE('',#18344);
#18344=AXIS2_PLACEMENT_3D('',#886,#18345,#18346);
#18345=DIRECTION('',(-0,0,1));
#18346=DIRECTION('',(0.9914447928542166,-0.13052671267698232,0));
#18347=FACE_BOUND('',#18348,.T.);
#18348=EDGE_LOOP('',(#18349,#18350,#18351));
#18349=ORIENTED_EDGE('',*,*,#18352,.T.);
#18350=ORIENTED_EDGE('',*,*,#18353,.T.);
#18351=ORIENTED_EDGE('',*,*,#18354,.T.);
#18352=EDGE_CURVE('',#887,#875,#18355,.F.);
#18353=EDGE_CURVE('',#875,#879,#18356,.T.);
#18354=EDGE_CURVE('',#879,#887,#18357,.T.);
#18355=LINE('',#886,#18358);
#18356=LINE('',#874,#18359);
#18357=LINE('',#878,#18360);
#18358=VECTOR('',#18361,1.0);
#18359=VECTOR('',#18362,1.0);
#18360=VECTOR('',#18363,1.0);
#18361=DIRECTION('',(0.9914447928542166,-0.13052671267698232,0));
#18362=DIRECTION('',(-0.9238790386956276,0.38268462453937563,0));
#18363=DIRECTION('',(-1,0,0));
#18364=FACE_SURFACE('',(#18369),#18365,.T.);
#18365=PLANE('',#18366);
#18366=AXIS2_PLACEMENT_3D('',#886,#18367,#18368);
#18367=DIRECTION('',(0,0,1));
#18368=DIRECTION('',(1,0,0));
#18369=FACE_BOUND('',#18370,.T.);
#18370=EDGE_LOOP('',(#18371,#18372,#18373));
#18371=ORIENTED_EDGE('',*,*,#18374,.T.);
#18372=ORIENTED_EDGE('',*,*,#18375,.T.);
#18373=ORIENTED_EDGE('',*,*,#18376,.T.);
#18374=EDGE_CURVE('',#887,#879,#18377,.F.);
#18375=EDGE_CURVE('',#879,#883,#18378,.T.);
#18376=EDGE_CURVE('',#883,#887,#18379,.T.);
#18377=LINE('',#886,#18380);
#18378=LINE('',#878,#18381);
#18379=LINE('',#882,#18382);
#18380=VECTOR('',#18383,1.0);
#18381=VECTOR('',#18384,1.0);
#18382=VECTOR('',#18385,1.0);
#18383=DIRECTION('',(1,0,0));
#18384=DIRECTION('',(-0.9914453143359134,0.13052275158516174,0));
#18385=DIRECTION('',(-0.9914453143359134,-0.13052275158516174,0));
#18386=FACE_SURFACE('',(#18391),#18387,.T.);
#18387=PLANE('',#18388);
#18388=AXIS2_PLACEMENT_3D('',#564,#18389,#18390);
#18389=DIRECTION('',(-1,0,0));
#18390=DIRECTION('',(0,-1,0));
#18391=FACE_BOUND('',#18392,.T.);
#18392=EDGE_LOOP('',(#18393,#18394,#18395));
#18393=ORIENTED_EDGE('',*,*,#18396,.T.);
#18394=ORIENTED_EDGE('',*,*,#18397,.T.);
#18395=ORIENTED_EDGE('',*,*,#18398,.T.);
#18396=EDGE_CURVE('',#565,#551,#18399,.F.);
#18397=EDGE_CURVE('',#551,#955,#18400,.T.);
#18398=EDGE_CURVE('',#955,#565,#18401,.T.);
#18399=LINE('',#564,#18402);
#18400=LINE('',#550,#18403);
#18401=LINE('',#954,#18404);
#18402=VECTOR('',#18405,1.0);
#18403=VECTOR('',#18406,1.0);
#18404=VECTOR('',#18407,1.0);
#18405=DIRECTION('',(0,-1,0));
#18406=DIRECTION('',(0,0.869757451321256,0.49347945840850665));
#18407=DIRECTION('',(0,0,-1));
#18408=FACE_SURFACE('',(#18413),#18409,.T.);
#18409=PLANE('',#18410);
#18410=AXIS2_PLACEMENT_3D('',#954,#18411,#18412);
#18411=DIRECTION('',(-1,-0,0));
#18412=DIRECTION('',(0,-0.869757451321256,-0.49347945840850665));
#18413=FACE_BOUND('',#18414,.T.);
#18414=EDGE_LOOP('',(#18415,#18416,#18417));
#18415=ORIENTED_EDGE('',*,*,#18418,.T.);
#18416=ORIENTED_EDGE('',*,*,#18419,.T.);
#18417=ORIENTED_EDGE('',*,*,#18420,.T.);
#18418=EDGE_CURVE('',#955,#551,#18421,.F.);
#18419=EDGE_CURVE('',#551,#547,#18422,.T.);
#18420=EDGE_CURVE('',#547,#955,#18423,.T.);
#18421=LINE('',#954,#18424);
#18422=LINE('',#550,#18425);
#18423=LINE('',#546,#18426);
#18424=VECTOR('',#18427,1.0);
#18425=VECTOR('',#18428,1.0);
#18426=VECTOR('',#18429,1.0);
#18427=DIRECTION('',(0,-0.869757451321256,-0.49347945840850665));
#18428=DIRECTION('',(0,0,1));
#18429=DIRECTION('',(0,1,0));
#18430=FACE_SURFACE('',(#18435),#18431,.T.);
#18431=PLANE('',#18432);
#18432=AXIS2_PLACEMENT_3D('',#560,#18433,#18434);
#18433=DIRECTION('',(0,1,-0));
#18434=DIRECTION('',(-1,0,0));
#18435=FACE_BOUND('',#18436,.T.);
#18436=EDGE_LOOP('',(#18437,#18438,#18439));
#18437=ORIENTED_EDGE('',*,*,#18440,.T.);
#18438=ORIENTED_EDGE('',*,*,#18441,.T.);
#18439=ORIENTED_EDGE('',*,*,#18442,.T.);
#18440=EDGE_CURVE('',#561,#565,#18443,.F.);
#18441=EDGE_CURVE('',#565,#555,#18444,.T.);
#18442=EDGE_CURVE('',#555,#561,#18445,.T.);
#18443=LINE('',#560,#18446);
#18444=LINE('',#564,#18447);
#18445=LINE('',#554,#18448);
#18446=VECTOR('',#18449,1.0);
#18447=VECTOR('',#18450,1.0);
#18448=VECTOR('',#18451,1.0);
#18449=DIRECTION('',(-1,0,0));
#18450=DIRECTION('',(0.8682431421244593,0,0.49613893835683387));
#18451=DIRECTION('',(0,0,-1));
#18452=FACE_SURFACE('',(#18457),#18453,.T.);
#18453=PLANE('',#18454);
#18454=AXIS2_PLACEMENT_3D('',#554,#18455,#18456);
#18455=DIRECTION('',(0,1,0));
#18456=DIRECTION('',(-0.8682431421244593,0,-0.49613893835683387));
#18457=FACE_BOUND('',#18458,.T.);
#18458=EDGE_LOOP('',(#18459,#18460,#18461));
#18459=ORIENTED_EDGE('',*,*,#18462,.T.);
#18460=ORIENTED_EDGE('',*,*,#18463,.T.);
#18461=ORIENTED_EDGE('',*,*,#18464,.T.);
#18462=EDGE_CURVE('',#555,#565,#18465,.F.);
#18463=EDGE_CURVE('',#565,#955,#18466,.T.);
#18464=EDGE_CURVE('',#955,#555,#18467,.T.);
#18465=LINE('',#554,#18468);
#18466=LINE('',#564,#18469);
#18467=LINE('',#954,#18470);
#18468=VECTOR('',#18471,1.0);
#18469=VECTOR('',#18472,1.0);
#18470=VECTOR('',#18473,1.0);
#18471=DIRECTION('',(-0.8682431421244593,0,-0.49613893835683387));
#18472=DIRECTION('',(0,0,1));
#18473=DIRECTION('',(1,0,0));
#18474=FACE_SURFACE('',(#18479),#18475,.T.);
#18475=PLANE('',#18476);
#18476=AXIS2_PLACEMENT_3D('',#760,#18477,#18478);
#18477=DIRECTION('',(-0,0,1));
#18478=DIRECTION('',(0.6367067088970619,-0.7711060671823766,0));
#18479=FACE_BOUND('',#18480,.T.);
#18480=EDGE_LOOP('',(#18481,#18482,#18483));
#18481=ORIENTED_EDGE('',*,*,#18484,.T.);
#18482=ORIENTED_EDGE('',*,*,#18485,.T.);
#18483=ORIENTED_EDGE('',*,*,#18486,.T.);
#18484=EDGE_CURVE('',#761,#549,#18487,.F.);
#18485=EDGE_CURVE('',#549,#669,#18488,.T.);
#18486=EDGE_CURVE('',#669,#761,#18489,.T.);
#18487=LINE('',#760,#18490);
#18488=LINE('',#548,#18491);
#18489=LINE('',#668,#18492);
#18490=VECTOR('',#18493,1.0);
#18491=VECTOR('',#18494,1.0);
#18492=VECTOR('',#18495,1.0);
#18493=DIRECTION('',(0.6367067088970619,-0.7711060671823766,0));
#18494=DIRECTION('',(-0.6092431701068629,0.7929834548577543,0));
#18495=DIRECTION('',(-0.1305303114784014,-0.9914443190544547,0));
#18496=FACE_SURFACE('',(#18501),#18497,.T.);
#18497=PLANE('',#18498);
#18498=AXIS2_PLACEMENT_3D('',#668,#18499,#18500);
#18499=DIRECTION('',(-0,0,1));
#18500=DIRECTION('',(0.6092431701068629,-0.7929834548577543,0));
#18501=FACE_BOUND('',#18502,.T.);
#18502=EDGE_LOOP('',(#18503,#18504,#18505));
#18503=ORIENTED_EDGE('',*,*,#18506,.T.);
#18504=ORIENTED_EDGE('',*,*,#18507,.T.);
#18505=ORIENTED_EDGE('',*,*,#18508,.T.);
#18506=EDGE_CURVE('',#669,#549,#18509,.F.);
#18507=EDGE_CURVE('',#549,#555,#18510,.T.);
#18508=EDGE_CURVE('',#555,#669,#18511,.T.);
#18509=LINE('',#668,#18512);
#18510=LINE('',#548,#18513);
#18511=LINE('',#554,#18514);
#18512=VECTOR('',#18515,1.0);
#18513=VECTOR('',#18516,1.0);
#18514=VECTOR('',#18517,1.0);
#18515=DIRECTION('',(0.6092431701068629,-0.7929834548577543,0));
#18516=DIRECTION('',(0,1,0));
#18517=DIRECTION('',(-0.7298980664103673,-0.6835560054965556,0));
#18518=FACE_SURFACE('',(#18523),#18519,.T.);
#18519=PLANE('',#18520);
#18520=AXIS2_PLACEMENT_3D('',#668,#18521,#18522);
#18521=DIRECTION('',(0,-0,1));
#18522=DIRECTION('',(0.7298980664103673,0.6835560054965556,0));
#18523=FACE_BOUND('',#18524,.T.);
#18524=EDGE_LOOP('',(#18525,#18526,#18527));
#18525=ORIENTED_EDGE('',*,*,#18528,.T.);
#18526=ORIENTED_EDGE('',*,*,#18529,.T.);
#18527=ORIENTED_EDGE('',*,*,#18530,.T.);
#18528=EDGE_CURVE('',#669,#555,#18531,.F.);
#18529=EDGE_CURVE('',#555,#673,#18532,.T.);
#18530=EDGE_CURVE('',#673,#669,#18533,.T.);
#18531=LINE('',#668,#18534);
#18532=LINE('',#554,#18535);
#18533=LINE('',#672,#18536);
#18534=VECTOR('',#18537,1.0);
#18535=VECTOR('',#18538,1.0);
#18536=VECTOR('',#18539,1.0);
#18537=DIRECTION('',(0.7298980664103673,0.6835560054965556,0));
#18538=DIRECTION('',(-0.7620446287873286,-0.6475245043520612,0));
#18539=DIRECTION('',(0.1305303114784014,-0.9914443190544547,0));
#18540=FACE_SURFACE('',(#18545),#18541,.T.);
#18541=PLANE('',#18542);
#18542=AXIS2_PLACEMENT_3D('',#672,#18543,#18544);
#18543=DIRECTION('',(0,-0,1));
#18544=DIRECTION('',(0.7620446287873286,0.6475245043520612,0));
#18545=FACE_BOUND('',#18546,.T.);
#18546=EDGE_LOOP('',(#18547,#18548,#18549));
#18547=ORIENTED_EDGE('',*,*,#18550,.T.);
#18548=ORIENTED_EDGE('',*,*,#18551,.T.);
#18549=ORIENTED_EDGE('',*,*,#18552,.T.);
#18550=EDGE_CURVE('',#673,#555,#18553,.F.);
#18551=EDGE_CURVE('',#555,#677,#18554,.T.);
#18552=EDGE_CURVE('',#677,#673,#18555,.T.);
#18553=LINE('',#672,#18556);
#18554=LINE('',#554,#18557);
#18555=LINE('',#676,#18558);
#18556=VECTOR('',#18559,1.0);
#18557=VECTOR('',#18560,1.0);
#18558=VECTOR('',#18561,1.0);
#18559=DIRECTION('',(0.7620446287873286,0.6475245043520612,0));
#18560=DIRECTION('',(-0.7980035124653717,-0.6026527972995144,0));
#18561=DIRECTION('',(0.38268462453937563,-0.9238790386956276,0));
#18562=FACE_SURFACE('',(#18567),#18563,.T.);
#18563=PLANE('',#18564);
#18564=AXIS2_PLACEMENT_3D('',#676,#18565,#18566);
#18565=DIRECTION('',(0,-0,1));
#18566=DIRECTION('',(0.7980035124653717,0.6026527972995144,0));
#18567=FACE_BOUND('',#18568,.T.);
#18568=EDGE_LOOP('',(#18569,#18570,#18571));
#18569=ORIENTED_EDGE('',*,*,#18572,.T.);
#18570=ORIENTED_EDGE('',*,*,#18573,.T.);
#18571=ORIENTED_EDGE('',*,*,#18574,.T.);
#18572=EDGE_CURVE('',#677,#555,#18575,.F.);
#18573=EDGE_CURVE('',#555,#681,#18576,.T.);
#18574=EDGE_CURVE('',#681,#677,#18577,.T.);
#18575=LINE('',#676,#18578);
#18576=LINE('',#554,#18579);
#18577=LINE('',#680,#18580);
#18578=VECTOR('',#18581,1.0);
#18579=VECTOR('',#18582,1.0);
#18580=VECTOR('',#18583,1.0);
#18581=DIRECTION('',(0.7980035124653717,0.6026527972995144,0));
#18582=DIRECTION('',(-0.8328622296921204,-0.5534803576932698,0));
#18583=DIRECTION('',(0.6087536090083107,-0.7933593407273636,0));
#18584=FACE_SURFACE('',(#18589),#18585,.T.);
#18585=PLANE('',#18586);
#18586=AXIS2_PLACEMENT_3D('',#680,#18587,#18588);
#18587=DIRECTION('',(0,-0,1));
#18588=DIRECTION('',(0.8328622296921204,0.5534803576932698,0));
#18589=FACE_BOUND('',#18590,.T.);
#18590=EDGE_LOOP('',(#18591,#18592,#18593));
#18591=ORIENTED_EDGE('',*,*,#18594,.T.);
#18592=ORIENTED_EDGE('',*,*,#18595,.T.);
#18593=ORIENTED_EDGE('',*,*,#18596,.T.);
#18594=EDGE_CURVE('',#681,#555,#18597,.F.);
#18595=EDGE_CURVE('',#555,#685,#18598,.T.);
#18596=EDGE_CURVE('',#685,#681,#18599,.T.);
#18597=LINE('',#680,#18600);
#18598=LINE('',#554,#18601);
#18599=LINE('',#684,#18602);
#18600=VECTOR('',#18603,1.0);
#18601=VECTOR('',#18604,1.0);
#18602=VECTOR('',#18605,1.0);
#18603=DIRECTION('',(0.8328622296921204,0.5534803576932698,0));
#18604=DIRECTION('',(-0.8624616809518257,-0.5061223655300672,0));
#18605=DIRECTION('',(0.7933584764321566,-0.6087547354010867,0));
#18606=FACE_SURFACE('',(#18611),#18607,.T.);
#18607=PLANE('',#18608);
#18608=AXIS2_PLACEMENT_3D('',#684,#18609,#18610);
#18609=DIRECTION('',(0,-0,1));
#18610=DIRECTION('',(0.8624616809518257,0.5061223655300672,0));
#18611=FACE_BOUND('',#18612,.T.);
#18612=EDGE_LOOP('',(#18613,#18614,#18615));
#18613=ORIENTED_EDGE('',*,*,#18616,.T.);
#18614=ORIENTED_EDGE('',*,*,#18617,.T.);
#18615=ORIENTED_EDGE('',*,*,#18618,.T.);
#18616=EDGE_CURVE('',#685,#555,#18619,.F.);
#18617=EDGE_CURVE('',#555,#689,#18620,.T.);
#18618=EDGE_CURVE('',#689,#685,#18621,.T.);
#18619=LINE('',#684,#18622);
#18620=LINE('',#554,#18623);
#18621=LINE('',#688,#18624);
#18622=VECTOR('',#18625,1.0);
#18623=VECTOR('',#18626,1.0);
#18624=VECTOR('',#18627,1.0);
#18625=DIRECTION('',(0.8624616809518257,0.5061223655300672,0));
#18626=DIRECTION('',(-0.8845505304637746,-0.46644437938113775,0));
#18627=DIRECTION('',(0.9238790386956276,-0.38268462453937563,0));
#18628=FACE_SURFACE('',(#18633),#18629,.T.);
#18629=PLANE('',#18630);
#18630=AXIS2_PLACEMENT_3D('',#688,#18631,#18632);
#18631=DIRECTION('',(0,-0,1));
#18632=DIRECTION('',(0.8845505304637746,0.46644437938113775,0));
#18633=FACE_BOUND('',#18634,.T.);
#18634=EDGE_LOOP('',(#18635,#18636,#18637));
#18635=ORIENTED_EDGE('',*,*,#18638,.T.);
#18636=ORIENTED_EDGE('',*,*,#18639,.T.);
#18637=ORIENTED_EDGE('',*,*,#18640,.T.);
#18638=EDGE_CURVE('',#689,#555,#18641,.F.);
#18639=EDGE_CURVE('',#555,#693,#18642,.T.);
#18640=EDGE_CURVE('',#693,#689,#18643,.T.);
#18641=LINE('',#688,#18644);
#18642=LINE('',#554,#18645);
#18643=LINE('',#692,#18646);
#18644=VECTOR('',#18647,1.0);
#18645=VECTOR('',#18648,1.0);
#18646=VECTOR('',#18649,1.0);
#18647=DIRECTION('',(0.8845505304637746,0.46644437938113775,0));
#18648=DIRECTION('',(-0.8987683813496493,-0.4384237638246029,0));
#18649=DIRECTION('',(0.9914451833103016,-0.13052374684632015,0));
#18650=FACE_SURFACE('',(#18655),#18651,.T.);
#18651=PLANE('',#18652);
#18652=AXIS2_PLACEMENT_3D('',#692,#18653,#18654);
#18653=DIRECTION('',(0,-0,1));
#18654=DIRECTION('',(0.8987683813496493,0.4384237638246029,0));
#18655=FACE_BOUND('',#18656,.T.);
#18656=EDGE_LOOP('',(#18657,#18658,#18659));
#18657=ORIENTED_EDGE('',*,*,#18660,.T.);
#18658=ORIENTED_EDGE('',*,*,#18661,.T.);
#18659=ORIENTED_EDGE('',*,*,#18662,.T.);
#18660=EDGE_CURVE('',#693,#555,#18663,.F.);
#18661=EDGE_CURVE('',#555,#955,#18664,.T.);
#18662=EDGE_CURVE('',#955,#693,#18665,.T.);
#18663=LINE('',#692,#18666);
#18664=LINE('',#554,#18667);
#18665=LINE('',#954,#18668);
#18666=VECTOR('',#18669,1.0);
#18667=VECTOR('',#18670,1.0);
#18668=VECTOR('',#18671,1.0);
#18669=DIRECTION('',(0.8987683813496493,0.4384237638246029,0));
#18670=DIRECTION('',(-1,0,0));
#18671=DIRECTION('',(0.8232129255271159,-0.5677327533664824,0));
#18672=FACE_SURFACE('',(#18677),#18673,.T.);
#18673=PLANE('',#18674);
#18674=AXIS2_PLACEMENT_3D('',#692,#18675,#18676);
#18675=DIRECTION('',(0,0,1));
#18676=DIRECTION('',(-0.8232129255271159,0.5677327533664824,0));
#18677=FACE_BOUND('',#18678,.T.);
#18678=EDGE_LOOP('',(#18679,#18680,#18681));
#18679=ORIENTED_EDGE('',*,*,#18682,.T.);
#18680=ORIENTED_EDGE('',*,*,#18683,.T.);
#18681=ORIENTED_EDGE('',*,*,#18684,.T.);
#18682=EDGE_CURVE('',#693,#955,#18685,.F.);
#18683=EDGE_CURVE('',#955,#697,#18686,.T.);
#18684=EDGE_CURVE('',#697,#693,#18687,.T.);
#18685=LINE('',#692,#18688);
#18686=LINE('',#954,#18689);
#18687=LINE('',#696,#18690);
#18688=VECTOR('',#18691,1.0);
#18689=VECTOR('',#18692,1.0);
#18690=VECTOR('',#18693,1.0);
#18691=DIRECTION('',(-0.8232129255271159,0.5677327533664824,0));
#18692=DIRECTION('',(0.7939610917624705,-0.6079685721872028,0));
#18693=DIRECTION('',(0.9914454453585279,0.13052175633904972,0));
#18694=FACE_SURFACE('',(#18699),#18695,.T.);
#18695=PLANE('',#18696);
#18696=AXIS2_PLACEMENT_3D('',#696,#18697,#18698);
#18697=DIRECTION('',(0,0,1));
#18698=DIRECTION('',(-0.7939610917624705,0.6079685721872028,0));
#18699=FACE_BOUND('',#18700,.T.);
#18700=EDGE_LOOP('',(#18701,#18702,#18703));
#18701=ORIENTED_EDGE('',*,*,#18704,.T.);
#18702=ORIENTED_EDGE('',*,*,#18705,.T.);
#18703=ORIENTED_EDGE('',*,*,#18706,.T.);
#18704=EDGE_CURVE('',#697,#955,#18707,.F.);
#18705=EDGE_CURVE('',#955,#701,#18708,.T.);
#18706=EDGE_CURVE('',#701,#697,#18709,.T.);
#18707=LINE('',#696,#18710);
#18708=LINE('',#954,#18711);
#18709=LINE('',#700,#18712);
#18710=VECTOR('',#18713,1.0);
#18711=VECTOR('',#18714,1.0);
#18712=VECTOR('',#18715,1.0);
#18713=DIRECTION('',(-0.7939610917624705,0.6079685721872028,0));
#18714=DIRECTION('',(0.7517463338179997,-0.6594523861441375,0));
#18715=DIRECTION('',(0.9238790386956276,0.38268462453937563,0));
#18716=FACE_SURFACE('',(#18721),#18717,.T.);
#18717=PLANE('',#18718);
#18718=AXIS2_PLACEMENT_3D('',#700,#18719,#18720);
#18719=DIRECTION('',(0,0,1));
#18720=DIRECTION('',(-0.7517463338179997,0.6594523861441375,0));
#18721=FACE_BOUND('',#18722,.T.);
#18722=EDGE_LOOP('',(#18723,#18724,#18725));
#18723=ORIENTED_EDGE('',*,*,#18726,.T.);
#18724=ORIENTED_EDGE('',*,*,#18727,.T.);
#18725=ORIENTED_EDGE('',*,*,#18728,.T.);
#18726=EDGE_CURVE('',#701,#955,#18729,.F.);
#18727=EDGE_CURVE('',#955,#705,#18730,.T.);
#18728=EDGE_CURVE('',#705,#701,#18731,.T.);
#18729=LINE('',#700,#18732);
#18730=LINE('',#954,#18733);
#18731=LINE('',#704,#18734);
#18732=VECTOR('',#18735,1.0);
#18733=VECTOR('',#18736,1.0);
#18734=VECTOR('',#18737,1.0);
#18735=DIRECTION('',(-0.7517463338179997,0.6594523861441375,0));
#18736=DIRECTION('',(0.6992184502837185,-0.7149080771559622,0));
#18737=DIRECTION('',(0.7933527761333313,0.6087621642329097,0));
#18738=FACE_SURFACE('',(#18743),#18739,.T.);
#18739=PLANE('',#18740);
#18740=AXIS2_PLACEMENT_3D('',#704,#18741,#18742);
#18741=DIRECTION('',(0,0,1));
#18742=DIRECTION('',(-0.6992184502837185,0.7149080771559622,0));
#18743=FACE_BOUND('',#18744,.T.);
#18744=EDGE_LOOP('',(#18745,#18746,#18747));
#18745=ORIENTED_EDGE('',*,*,#18748,.T.);
#18746=ORIENTED_EDGE('',*,*,#18749,.T.);
#18747=ORIENTED_EDGE('',*,*,#18750,.T.);
#18748=EDGE_CURVE('',#705,#955,#18751,.F.);
#18749=EDGE_CURVE('',#955,#709,#18752,.T.);
#18750=EDGE_CURVE('',#709,#705,#18753,.T.);
#18751=LINE('',#704,#18754);
#18752=LINE('',#954,#18755);
#18753=LINE('',#708,#18756);
#18754=VECTOR('',#18757,1.0);
#18755=VECTOR('',#18758,1.0);
#18756=VECTOR('',#18759,1.0);
#18757=DIRECTION('',(-0.6992184502837185,0.7149080771559622,0));
#18758=DIRECTION('',(0.6428795421415249,-0.7659672932285707,0));
#18759=DIRECTION('',(0.6087536090083107,0.7933593407273636,0));
#18760=FACE_SURFACE('',(#18765),#18761,.T.);
#18761=PLANE('',#18762);
#18762=AXIS2_PLACEMENT_3D('',#708,#18763,#18764);
#18763=DIRECTION('',(0,0,1));
#18764=DIRECTION('',(-0.6428795421415249,0.7659672932285707,0));
#18765=FACE_BOUND('',#18766,.T.);
#18766=EDGE_LOOP('',(#18767,#18768,#18769));
#18767=ORIENTED_EDGE('',*,*,#18770,.T.);
#18768=ORIENTED_EDGE('',*,*,#18771,.T.);
#18769=ORIENTED_EDGE('',*,*,#18772,.T.);
#18770=EDGE_CURVE('',#709,#955,#18773,.F.);
#18771=EDGE_CURVE('',#955,#713,#18774,.T.);
#18772=EDGE_CURVE('',#713,#709,#18775,.T.);
#18773=LINE('',#708,#18776);
#18774=LINE('',#954,#18777);
#18775=LINE('',#712,#18778);
#18776=VECTOR('',#18779,1.0);
#18777=VECTOR('',#18780,1.0);
#18778=VECTOR('',#18781,1.0);
#18779=DIRECTION('',(-0.6428795421415249,0.7659672932285707,0));
#18780=DIRECTION('',(0.5912374134515713,-0.8064975641222333,0));
#18781=DIRECTION('',(0.38268462453937563,0.9238790386956276,0));
#18782=FACE_SURFACE('',(#18787),#18783,.T.);
#18783=PLANE('',#18784);
#18784=AXIS2_PLACEMENT_3D('',#712,#18785,#18786);
#18785=DIRECTION('',(0,0,1));
#18786=DIRECTION('',(-0.5912374134515713,0.8064975641222333,0));
#18787=FACE_BOUND('',#18788,.T.);
#18788=EDGE_LOOP('',(#18789,#18790,#18791));
#18789=ORIENTED_EDGE('',*,*,#18792,.T.);
#18790=ORIENTED_EDGE('',*,*,#18793,.T.);
#18791=ORIENTED_EDGE('',*,*,#18794,.T.);
#18792=EDGE_CURVE('',#713,#955,#18795,.F.);
#18793=EDGE_CURVE('',#955,#717,#18796,.T.);
#18794=EDGE_CURVE('',#717,#713,#18797,.T.);
#18795=LINE('',#712,#18798);
#18796=LINE('',#954,#18799);
#18797=LINE('',#716,#18800);
#18798=VECTOR('',#18801,1.0);
#18799=VECTOR('',#18802,1.0);
#18800=VECTOR('',#18803,1.0);
#18801=DIRECTION('',(-0.5912374134515713,0.8064975641222333,0));
#18802=DIRECTION('',(0.5514330646455352,-0.83421914100291,0));
#18803=DIRECTION('',(0.1305303114784014,0.9914443190544547,0));
#18804=FACE_SURFACE('',(#18809),#18805,.T.);
#18805=PLANE('',#18806);
#18806=AXIS2_PLACEMENT_3D('',#716,#18807,#18808);
#18807=DIRECTION('',(0,0,1));
#18808=DIRECTION('',(-0.5514330646455352,0.83421914100291,0));
#18809=FACE_BOUND('',#18810,.T.);
#18810=EDGE_LOOP('',(#18811,#18812,#18813));
#18811=ORIENTED_EDGE('',*,*,#18814,.T.);
#18812=ORIENTED_EDGE('',*,*,#18815,.T.);
#18813=ORIENTED_EDGE('',*,*,#18816,.T.);
#18814=EDGE_CURVE('',#717,#955,#18817,.F.);
#18815=EDGE_CURVE('',#955,#547,#18818,.T.);
#18816=EDGE_CURVE('',#547,#717,#18819,.T.);
#18817=LINE('',#716,#18820);
#18818=LINE('',#954,#18821);
#18819=LINE('',#546,#18822);
#18820=VECTOR('',#18823,1.0);
#18821=VECTOR('',#18824,1.0);
#18822=VECTOR('',#18825,1.0);
#18823=DIRECTION('',(-0.5514330646455352,0.83421914100291,0));
#18824=DIRECTION('',(0,-1,0));
#18825=DIRECTION('',(0.42950630887541535,0.9030638574520721,0));
#18826=FACE_SURFACE('',(#18831),#18827,.T.);
#18827=PLANE('',#18828);
#18828=AXIS2_PLACEMENT_3D('',#716,#18829,#18830);
#18829=DIRECTION('',(0,0,1));
#18830=DIRECTION('',(-0.42950630887541535,-0.9030638574520721,0));
#18831=FACE_BOUND('',#18832,.T.);
#18832=EDGE_LOOP('',(#18833,#18834,#18835));
#18833=ORIENTED_EDGE('',*,*,#18836,.T.);
#18834=ORIENTED_EDGE('',*,*,#18837,.T.);
#18835=ORIENTED_EDGE('',*,*,#18838,.T.);
#18836=EDGE_CURVE('',#717,#547,#18839,.F.);
#18837=EDGE_CURVE('',#547,#721,#18840,.T.);
#18838=EDGE_CURVE('',#721,#717,#18841,.T.);
#18839=LINE('',#716,#18842);
#18840=LINE('',#546,#18843);
#18841=LINE('',#720,#18844);
#18842=VECTOR('',#18845,1.0);
#18843=VECTOR('',#18846,1.0);
#18844=VECTOR('',#18847,1.0);
#18845=DIRECTION('',(-0.42950630887541535,-0.9030638574520721,0));
#18846=DIRECTION('',(0.4573942307635058,0.8892640314688661,0));
#18847=DIRECTION('',(-0.1305303114784014,0.9914443190544547,0));
#18848=FACE_SURFACE('',(#18853),#18849,.T.);
#18849=PLANE('',#18850);
#18850=AXIS2_PLACEMENT_3D('',#720,#18851,#18852);
#18851=DIRECTION('',(0,0,1));
#18852=DIRECTION('',(-0.4573942307635058,-0.8892640314688661,0));
#18853=FACE_BOUND('',#18854,.T.);
#18854=EDGE_LOOP('',(#18855,#18856,#18857));
#18855=ORIENTED_EDGE('',*,*,#18858,.T.);
#18856=ORIENTED_EDGE('',*,*,#18859,.T.);
#18857=ORIENTED_EDGE('',*,*,#18860,.T.);
#18858=EDGE_CURVE('',#721,#547,#18861,.F.);
#18859=EDGE_CURVE('',#547,#725,#18862,.T.);
#18860=EDGE_CURVE('',#725,#721,#18863,.T.);
#18861=LINE('',#720,#18864);
#18862=LINE('',#546,#18865);
#18863=LINE('',#724,#18866);
#18864=VECTOR('',#18867,1.0);
#18865=VECTOR('',#18868,1.0);
#18866=VECTOR('',#18869,1.0);
#18867=DIRECTION('',(-0.4573942307635058,-0.8892640314688661,0));
#18868=DIRECTION('',(0.4971940216231489,0.8676393864170758,0));
#18869=DIRECTION('',(-0.3826873437136716,0.9238779123679569,0));
#18870=FACE_SURFACE('',(#18875),#18871,.T.);
#18871=PLANE('',#18872);
#18872=AXIS2_PLACEMENT_3D('',#724,#18873,#18874);
#18873=DIRECTION('',(0,0,1));
#18874=DIRECTION('',(-0.4971940216231489,-0.8676393864170758,0));
#18875=FACE_BOUND('',#18876,.T.);
#18876=EDGE_LOOP('',(#18877,#18878,#18879));
#18877=ORIENTED_EDGE('',*,*,#18880,.T.);
#18878=ORIENTED_EDGE('',*,*,#18881,.T.);
#18879=ORIENTED_EDGE('',*,*,#18882,.T.);
#18880=EDGE_CURVE('',#725,#547,#18883,.F.);
#18881=EDGE_CURVE('',#547,#729,#18884,.T.);
#18882=EDGE_CURVE('',#729,#725,#18885,.T.);
#18883=LINE('',#724,#18886);
#18884=LINE('',#546,#18887);
#18885=LINE('',#728,#18888);
#18886=VECTOR('',#18889,1.0);
#18887=VECTOR('',#18890,1.0);
#18888=VECTOR('',#18891,1.0);
#18889=DIRECTION('',(-0.4971940216231489,-0.8676393864170758,0));
#18890=DIRECTION('',(0.5449690515547416,0.8384561603611279,0));
#18891=DIRECTION('',(-0.6087536090083107,0.7933593407273636,0));
#18892=FACE_SURFACE('',(#18897),#18893,.T.);
#18893=PLANE('',#18894);
#18894=AXIS2_PLACEMENT_3D('',#728,#18895,#18896);
#18895=DIRECTION('',(0,0,1));
#18896=DIRECTION('',(-0.5449690515547416,-0.8384561603611279,0));
#18897=FACE_BOUND('',#18898,.T.);
#18898=EDGE_LOOP('',(#18899,#18900,#18901));
#18899=ORIENTED_EDGE('',*,*,#18902,.T.);
#18900=ORIENTED_EDGE('',*,*,#18903,.T.);
#18901=ORIENTED_EDGE('',*,*,#18904,.T.);
#18902=EDGE_CURVE('',#729,#547,#18905,.F.);
#18903=EDGE_CURVE('',#547,#733,#18906,.T.);
#18904=EDGE_CURVE('',#733,#729,#18907,.T.);
#18905=LINE('',#728,#18908);
#18906=LINE('',#546,#18909);
#18907=LINE('',#732,#18910);
#18908=VECTOR('',#18911,1.0);
#18909=VECTOR('',#18912,1.0);
#18910=VECTOR('',#18913,1.0);
#18911=DIRECTION('',(-0.5449690515547416,-0.8384561603611279,0));
#18912=DIRECTION('',(0.5948137905680712,0.8038635173647593,0));
#18913=DIRECTION('',(-0.7933527761333313,0.6087621642329097,0));
#18914=FACE_SURFACE('',(#18919),#18915,.T.);
#18915=PLANE('',#18916);
#18916=AXIS2_PLACEMENT_3D('',#732,#18917,#18918);
#18917=DIRECTION('',(0,0,1));
#18918=DIRECTION('',(-0.5948137905680712,-0.8038635173647593,0));
#18919=FACE_BOUND('',#18920,.T.);
#18920=EDGE_LOOP('',(#18921,#18922,#18923));
#18921=ORIENTED_EDGE('',*,*,#18924,.T.);
#18922=ORIENTED_EDGE('',*,*,#18925,.T.);
#18923=ORIENTED_EDGE('',*,*,#18926,.T.);
#18924=EDGE_CURVE('',#733,#547,#18927,.F.);
#18925=EDGE_CURVE('',#547,#737,#18928,.T.);
#18926=EDGE_CURVE('',#737,#733,#18929,.T.);
#18927=LINE('',#732,#18930);
#18928=LINE('',#546,#18931);
#18929=LINE('',#736,#18932);
#18930=VECTOR('',#18933,1.0);
#18931=VECTOR('',#18934,1.0);
#18932=VECTOR('',#18935,1.0);
#18933=DIRECTION('',(-0.5948137905680712,-0.8038635173647593,0));
#18934=DIRECTION('',(0.6404901255255692,0.7679664049320389,0));
#18935=DIRECTION('',(-0.9238790386956276,0.38268462453937563,0));
#18936=FACE_SURFACE('',(#18941),#18937,.T.);
#18937=PLANE('',#18938);
#18938=AXIS2_PLACEMENT_3D('',#736,#18939,#18940);
#18939=DIRECTION('',(0,0,1));
#18940=DIRECTION('',(-0.6404901255255692,-0.7679664049320389,0));
#18941=FACE_BOUND('',#18942,.T.);
#18942=EDGE_LOOP('',(#18943,#18944,#18945));
#18943=ORIENTED_EDGE('',*,*,#18946,.T.);
#18944=ORIENTED_EDGE('',*,*,#18947,.T.);
#18945=ORIENTED_EDGE('',*,*,#18948,.T.);
#18946=EDGE_CURVE('',#737,#547,#18949,.F.);
#18947=EDGE_CURVE('',#547,#741,#18950,.T.);
#18948=EDGE_CURVE('',#741,#737,#18951,.T.);
#18949=LINE('',#736,#18952);
#18950=LINE('',#546,#18953);
#18951=LINE('',#740,#18954);
#18952=VECTOR('',#18955,1.0);
#18953=VECTOR('',#18956,1.0);
#18954=VECTOR('',#18957,1.0);
#18955=DIRECTION('',(-0.6404901255255692,-0.7679664049320389,0));
#18956=DIRECTION('',(0.6773097122772651,0.7356980043841959,0));
#18957=DIRECTION('',(-0.9914454453585279,0.13052175633904972,0));
#18958=FACE_SURFACE('',(#18963),#18959,.T.);
#18959=PLANE('',#18960);
#18960=AXIS2_PLACEMENT_3D('',#740,#18961,#18962);
#18961=DIRECTION('',(-0,0,1));
#18962=DIRECTION('',(-0.6773097122772651,-0.7356980043841959,0));
#18963=FACE_BOUND('',#18964,.T.);
#18964=EDGE_LOOP('',(#18965,#18966,#18967));
#18965=ORIENTED_EDGE('',*,*,#18968,.T.);
#18966=ORIENTED_EDGE('',*,*,#18969,.T.);
#18967=ORIENTED_EDGE('',*,*,#18970,.T.);
#18968=EDGE_CURVE('',#741,#547,#18971,.F.);
#18969=EDGE_CURVE('',#547,#745,#18972,.T.);
#18970=EDGE_CURVE('',#745,#741,#18973,.T.);
#18971=LINE('',#740,#18974);
#18972=LINE('',#546,#18975);
#18973=LINE('',#744,#18976);
#18974=VECTOR('',#18977,1.0);
#18975=VECTOR('',#18978,1.0);
#18976=VECTOR('',#18979,1.0);
#18977=DIRECTION('',(-0.6773097122772651,-0.7356980043841959,0));
#18978=DIRECTION('',(0.7030176112243554,0.7111724392216004,0));
#18979=DIRECTION('',(-0.9914451833103016,-0.13052374684632015,0));
#18980=FACE_SURFACE('',(#18985),#18981,.T.);
#18981=PLANE('',#18982);
#18982=AXIS2_PLACEMENT_3D('',#744,#18983,#18984);
#18983=DIRECTION('',(0,0,1));
#18984=DIRECTION('',(-0.7030176112243554,-0.7111724392216004,0));
#18985=FACE_BOUND('',#18986,.T.);
#18986=EDGE_LOOP('',(#18987,#18988,#18989));
#18987=ORIENTED_EDGE('',*,*,#18990,.T.);
#18988=ORIENTED_EDGE('',*,*,#18991,.T.);
#18989=ORIENTED_EDGE('',*,*,#18992,.T.);
#18990=EDGE_CURVE('',#745,#547,#18993,.F.);
#18991=EDGE_CURVE('',#547,#549,#18994,.T.);
#18992=EDGE_CURVE('',#549,#745,#18995,.T.);
#18993=LINE('',#744,#18996);
#18994=LINE('',#546,#18997);
#18995=LINE('',#548,#18998);
#18996=VECTOR('',#18999,1.0);
#18997=VECTOR('',#19000,1.0);
#18998=VECTOR('',#19001,1.0);
#18999=DIRECTION('',(-0.7030176112243554,-0.7111724392216004,0));
#19000=DIRECTION('',(1,0,0));
#19001=DIRECTION('',(-0.7711062218849727,0.6367065215389922,0));
#19002=FACE_SURFACE('',(#19007),#19003,.T.);
#19003=PLANE('',#19004);
#19004=AXIS2_PLACEMENT_3D('',#744,#19005,#19006);
#19005=DIRECTION('',(-0,0,1));
#19006=DIRECTION('',(0.7711062218849727,-0.6367065215389922,0));
#19007=FACE_BOUND('',#19008,.T.);
#19008=EDGE_LOOP('',(#19009,#19010,#19011));
#19009=ORIENTED_EDGE('',*,*,#19012,.T.);
#19010=ORIENTED_EDGE('',*,*,#19013,.T.);
#19011=ORIENTED_EDGE('',*,*,#19014,.T.);
#19012=EDGE_CURVE('',#745,#549,#19015,.F.);
#19013=EDGE_CURVE('',#549,#749,#19016,.T.);
#19014=EDGE_CURVE('',#749,#745,#19017,.T.);
#19015=LINE('',#744,#19018);
#19016=LINE('',#548,#19019);
#19017=LINE('',#748,#19020);
#19018=VECTOR('',#19021,1.0);
#19019=VECTOR('',#19022,1.0);
#19020=VECTOR('',#19023,1.0);
#19021=DIRECTION('',(0.7711062218849727,-0.6367065215389922,0));
#19022=DIRECTION('',(-0.7417888979809042,0.6706334549008689,0));
#19023=DIRECTION('',(-0.9238790386956276,-0.38268462453937563,0));
#19024=FACE_SURFACE('',(#19029),#19025,.T.);
#19025=PLANE('',#19026);
#19026=AXIS2_PLACEMENT_3D('',#748,#19027,#19028);
#19027=DIRECTION('',(-0,0,1));
#19028=DIRECTION('',(0.7417888979809042,-0.6706334549008689,0));
#19029=FACE_BOUND('',#19030,.T.);
#19030=EDGE_LOOP('',(#19031,#19032,#19033));
#19031=ORIENTED_EDGE('',*,*,#19034,.T.);
#19032=ORIENTED_EDGE('',*,*,#19035,.T.);
#19033=ORIENTED_EDGE('',*,*,#19036,.T.);
#19034=EDGE_CURVE('',#749,#549,#19037,.F.);
#19035=EDGE_CURVE('',#549,#753,#19038,.T.);
#19036=EDGE_CURVE('',#753,#749,#19039,.T.);
#19037=LINE('',#748,#19040);
#19038=LINE('',#548,#19041);
#19039=LINE('',#752,#19042);
#19040=VECTOR('',#19043,1.0);
#19041=VECTOR('',#19044,1.0);
#19042=VECTOR('',#19045,1.0);
#19043=DIRECTION('',(0.7417888979809042,-0.6706334549008689,0));
#19044=DIRECTION('',(-0.7071065844825852,0.7071069778904552,0));
#19045=DIRECTION('',(-0.7933584764321566,-0.6087547354010867,0));
#19046=FACE_SURFACE('',(#19051),#19047,.T.);
#19047=PLANE('',#19048);
#19048=AXIS2_PLACEMENT_3D('',#752,#19049,#19050);
#19049=DIRECTION('',(-0,0,1));
#19050=DIRECTION('',(0.7071065844825852,-0.7071069778904552,0));
#19051=FACE_BOUND('',#19052,.T.);
#19052=EDGE_LOOP('',(#19053,#19054,#19055));
#19053=ORIENTED_EDGE('',*,*,#19056,.T.);
#19054=ORIENTED_EDGE('',*,*,#19057,.T.);
#19055=ORIENTED_EDGE('',*,*,#19058,.T.);
#19056=EDGE_CURVE('',#753,#549,#19059,.F.);
#19057=EDGE_CURVE('',#549,#757,#19060,.T.);
#19058=EDGE_CURVE('',#757,#753,#19061,.T.);
#19059=LINE('',#752,#19062);
#19060=LINE('',#548,#19063);
#19061=LINE('',#756,#19064);
#19062=VECTOR('',#19065,1.0);
#19063=VECTOR('',#19066,1.0);
#19064=VECTOR('',#19067,1.0);
#19065=DIRECTION('',(0.7071065844825852,-0.7071069778904552,0));
#19066=DIRECTION('',(-0.6706334549008689,0.7417888979809042,0));
#19067=DIRECTION('',(-0.6087536090083107,-0.7933593407273636,0));
#19068=FACE_SURFACE('',(#19073),#19069,.T.);
#19069=PLANE('',#19070);
#19070=AXIS2_PLACEMENT_3D('',#756,#19071,#19072);
#19071=DIRECTION('',(-0,0,1));
#19072=DIRECTION('',(0.6706334549008689,-0.7417888979809042,0));
#19073=FACE_BOUND('',#19074,.T.);
#19074=EDGE_LOOP('',(#19075,#19076,#19077));
#19075=ORIENTED_EDGE('',*,*,#19078,.T.);
#19076=ORIENTED_EDGE('',*,*,#19079,.T.);
#19077=ORIENTED_EDGE('',*,*,#19080,.T.);
#19078=EDGE_CURVE('',#757,#549,#19081,.F.);
#19079=EDGE_CURVE('',#549,#761,#19082,.T.);
#19080=EDGE_CURVE('',#761,#757,#19083,.T.);
#19081=LINE('',#756,#19084);
#19082=LINE('',#548,#19085);
#19083=LINE('',#760,#19086);
#19084=VECTOR('',#19087,1.0);
#19085=VECTOR('',#19088,1.0);
#19086=VECTOR('',#19089,1.0);
#19087=DIRECTION('',(0.6706334549008689,-0.7417888979809042,0));
#19088=DIRECTION('',(-0.6367067088970619,0.7711060671823766,0));
#19089=DIRECTION('',(-0.3826873437136716,-0.9238779123679569,0));
#19090=FACE_SURFACE('',(#19095),#19091,.T.);
#19091=PLANE('',#19092);
#19092=AXIS2_PLACEMENT_3D('',#562,#19093,#19094);
#19093=DIRECTION('',(0,1,-0));
#19094=DIRECTION('',(-1,0,0));
#19095=FACE_BOUND('',#19096,.T.);
#19096=EDGE_LOOP('',(#19097,#19098,#19099));
#19097=ORIENTED_EDGE('',*,*,#19100,.T.);
#19098=ORIENTED_EDGE('',*,*,#19101,.T.);
#19099=ORIENTED_EDGE('',*,*,#19102,.T.);
#19100=EDGE_CURVE('',#563,#527,#19103,.F.);
#19101=EDGE_CURVE('',#527,#957,#19104,.T.);
#19102=EDGE_CURVE('',#957,#563,#19105,.T.);
#19103=LINE('',#562,#19106);
#19104=LINE('',#526,#19107);
#19105=LINE('',#956,#19108);
#19106=VECTOR('',#19109,1.0);
#19107=VECTOR('',#19110,1.0);
#19108=VECTOR('',#19111,1.0);
#19109=DIRECTION('',(-1,0,0));
#19110=DIRECTION('',(0.8682431712416832,0,0.4961388874016883));
#19111=DIRECTION('',(0,0,-1));
#19112=FACE_SURFACE('',(#19117),#19113,.T.);
#19113=PLANE('',#19114);
#19114=AXIS2_PLACEMENT_3D('',#956,#19115,#19116);
#19115=DIRECTION('',(0,1,0));
#19116=DIRECTION('',(-0.8682431712416832,0,-0.4961388874016883));
#19117=FACE_BOUND('',#19118,.T.);
#19118=EDGE_LOOP('',(#19119,#19120,#19121));
#19119=ORIENTED_EDGE('',*,*,#19122,.T.);
#19120=ORIENTED_EDGE('',*,*,#19123,.T.);
#19121=ORIENTED_EDGE('',*,*,#19124,.T.);
#19122=EDGE_CURVE('',#957,#527,#19125,.F.);
#19123=EDGE_CURVE('',#527,#517,#19126,.T.);
#19124=EDGE_CURVE('',#517,#957,#19127,.T.);
#19125=LINE('',#956,#19128);
#19126=LINE('',#526,#19129);
#19127=LINE('',#516,#19130);
#19128=VECTOR('',#19131,1.0);
#19129=VECTOR('',#19132,1.0);
#19130=VECTOR('',#19133,1.0);
#19131=DIRECTION('',(-0.8682431712416832,0,-0.4961388874016883));
#19132=DIRECTION('',(0,0,1));
#19133=DIRECTION('',(1,0,0));
#19134=FACE_SURFACE('',(#19139),#19135,.T.);
#19135=PLANE('',#19136);
#19136=AXIS2_PLACEMENT_3D('',#552,#19137,#19138);
#19137=DIRECTION('',(1,0,0));
#19138=DIRECTION('',(0,1,0));
#19139=FACE_BOUND('',#19140,.T.);
#19140=EDGE_LOOP('',(#19141,#19142,#19143));
#19141=ORIENTED_EDGE('',*,*,#19144,.T.);
#19142=ORIENTED_EDGE('',*,*,#19145,.T.);
#19143=ORIENTED_EDGE('',*,*,#19146,.T.);
#19144=EDGE_CURVE('',#553,#563,#19147,.F.);
#19145=EDGE_CURVE('',#563,#543,#19148,.T.);
#19146=EDGE_CURVE('',#543,#553,#19149,.T.);
#19147=LINE('',#552,#19150);
#19148=LINE('',#562,#19151);
#19149=LINE('',#542,#19152);
#19150=VECTOR('',#19153,1.0);
#19151=VECTOR('',#19154,1.0);
#19152=VECTOR('',#19155,1.0);
#19153=DIRECTION('',(0,1,0));
#19154=DIRECTION('',(0,-0.869757451321256,0.49347945840850665));
#19155=DIRECTION('',(0,0,-1));
#19156=FACE_SURFACE('',(#19161),#19157,.T.);
#19157=PLANE('',#19158);
#19158=AXIS2_PLACEMENT_3D('',#542,#19159,#19160);
#19159=DIRECTION('',(1,-0,0));
#19160=DIRECTION('',(0,0.869757451321256,-0.49347945840850665));
#19161=FACE_BOUND('',#19162,.T.);
#19162=EDGE_LOOP('',(#19163,#19164,#19165));
#19163=ORIENTED_EDGE('',*,*,#19166,.T.);
#19164=ORIENTED_EDGE('',*,*,#19167,.T.);
#19165=ORIENTED_EDGE('',*,*,#19168,.T.);
#19166=EDGE_CURVE('',#543,#563,#19169,.F.);
#19167=EDGE_CURVE('',#563,#957,#19170,.T.);
#19168=EDGE_CURVE('',#957,#543,#19171,.T.);
#19169=LINE('',#542,#19172);
#19170=LINE('',#562,#19173);
#19171=LINE('',#956,#19174);
#19172=VECTOR('',#19175,1.0);
#19173=VECTOR('',#19176,1.0);
#19174=VECTOR('',#19177,1.0);
#19175=DIRECTION('',(0,0.869757451321256,-0.49347945840850665));
#19176=DIRECTION('',(0,0,1));
#19177=DIRECTION('',(0,-1,0));
#19178=FACE_SURFACE('',(#19183),#19179,.T.);
#19179=PLANE('',#19180);
#19180=AXIS2_PLACEMENT_3D('',#952,#19181,#19182);
#19181=DIRECTION('',(-0,0,1));
#19182=DIRECTION('',(0.4573938827491719,-0.8892642104704522,0));
#19183=FACE_BOUND('',#19184,.T.);
#19184=EDGE_LOOP('',(#19185,#19186,#19187));
#19185=ORIENTED_EDGE('',*,*,#19188,.T.);
#19186=ORIENTED_EDGE('',*,*,#19189,.T.);
#19187=ORIENTED_EDGE('',*,*,#19190,.T.);
#19188=EDGE_CURVE('',#953,#543,#19191,.F.);
#19189=EDGE_CURVE('',#543,#861,#19192,.T.);
#19190=EDGE_CURVE('',#861,#953,#19193,.T.);
#19191=LINE('',#952,#19194);
#19192=LINE('',#542,#19195);
#19193=LINE('',#860,#19196);
#19194=VECTOR('',#19197,1.0);
#19195=VECTOR('',#19198,1.0);
#19196=VECTOR('',#19199,1.0);
#19197=DIRECTION('',(0.4573938827491719,-0.8892642104704522,0));
#19198=DIRECTION('',(-0.42950630887541535,0.9030638574520721,0));
#19199=DIRECTION('',(-0.13052275158516174,-0.9914453143359134,0));
#19200=FACE_SURFACE('',(#19205),#19201,.T.);
#19201=PLANE('',#19202);
#19202=AXIS2_PLACEMENT_3D('',#860,#19203,#19204);
#19203=DIRECTION('',(-0,0,1));
#19204=DIRECTION('',(0.42950630887541535,-0.9030638574520721,0));
#19205=FACE_BOUND('',#19206,.T.);
#19206=EDGE_LOOP('',(#19207,#19208,#19209));
#19207=ORIENTED_EDGE('',*,*,#19210,.T.);
#19208=ORIENTED_EDGE('',*,*,#19211,.T.);
#19209=ORIENTED_EDGE('',*,*,#19212,.T.);
#19210=EDGE_CURVE('',#861,#543,#19213,.F.);
#19211=EDGE_CURVE('',#543,#957,#19214,.T.);
#19212=EDGE_CURVE('',#957,#861,#19215,.T.);
#19213=LINE('',#860,#19216);
#19214=LINE('',#542,#19217);
#19215=LINE('',#956,#19218);
#19216=VECTOR('',#19219,1.0);
#19217=VECTOR('',#19220,1.0);
#19218=VECTOR('',#19221,1.0);
#19219=DIRECTION('',(0.42950630887541535,-0.9030638574520721,0));
#19220=DIRECTION('',(0,1,0));
#19221=DIRECTION('',(-0.5514330646455352,-0.83421914100291,0));
#19222=FACE_SURFACE('',(#19227),#19223,.T.);
#19223=PLANE('',#19224);
#19224=AXIS2_PLACEMENT_3D('',#860,#19225,#19226);
#19225=DIRECTION('',(0,-0,1));
#19226=DIRECTION('',(0.5514330646455352,0.83421914100291,0));
#19227=FACE_BOUND('',#19228,.T.);
#19228=EDGE_LOOP('',(#19229,#19230,#19231));
#19229=ORIENTED_EDGE('',*,*,#19232,.T.);
#19230=ORIENTED_EDGE('',*,*,#19233,.T.);
#19231=ORIENTED_EDGE('',*,*,#19234,.T.);
#19232=EDGE_CURVE('',#861,#957,#19235,.F.);
#19233=EDGE_CURVE('',#957,#865,#19236,.T.);
#19234=EDGE_CURVE('',#865,#861,#19237,.T.);
#19235=LINE('',#860,#19238);
#19236=LINE('',#956,#19239);
#19237=LINE('',#864,#19240);
#19238=VECTOR('',#19241,1.0);
#19239=VECTOR('',#19242,1.0);
#19240=VECTOR('',#19243,1.0);
#19241=DIRECTION('',(0.5514330646455352,0.83421914100291,0));
#19242=DIRECTION('',(-0.5912370434418684,-0.8064978353734857,0));
#19243=DIRECTION('',(0.13052275158516174,-0.9914453143359134,0));
#19244=FACE_SURFACE('',(#19249),#19245,.T.);
#19245=PLANE('',#19246);
#19246=AXIS2_PLACEMENT_3D('',#864,#19247,#19248);
#19247=DIRECTION('',(0,-0,1));
#19248=DIRECTION('',(0.5912370434418684,0.8064978353734857,0));
#19249=FACE_BOUND('',#19250,.T.);
#19250=EDGE_LOOP('',(#19251,#19252,#19253));
#19251=ORIENTED_EDGE('',*,*,#19254,.T.);
#19252=ORIENTED_EDGE('',*,*,#19255,.T.);
#19253=ORIENTED_EDGE('',*,*,#19256,.T.);
#19254=EDGE_CURVE('',#865,#957,#19257,.F.);
#19255=EDGE_CURVE('',#957,#869,#19258,.T.);
#19256=EDGE_CURVE('',#869,#865,#19259,.T.);
#19257=LINE('',#864,#19260);
#19258=LINE('',#956,#19261);
#19259=LINE('',#868,#19262);
#19260=VECTOR('',#19263,1.0);
#19261=VECTOR('',#19264,1.0);
#19262=VECTOR('',#19265,1.0);
#19263=DIRECTION('',(0.5912370434418684,0.8064978353734857,0));
#19264=DIRECTION('',(-0.642879195815015,-0.7659675839017207,0));
#19265=DIRECTION('',(0.38268462453937563,-0.9238790386956276,0));
#19266=FACE_SURFACE('',(#19271),#19267,.T.);
#19267=PLANE('',#19268);
#19268=AXIS2_PLACEMENT_3D('',#868,#19269,#19270);
#19269=DIRECTION('',(0,-0,1));
#19270=DIRECTION('',(0.642879195815015,0.7659675839017207,0));
#19271=FACE_BOUND('',#19272,.T.);
#19272=EDGE_LOOP('',(#19273,#19274,#19275));
#19273=ORIENTED_EDGE('',*,*,#19276,.T.);
#19274=ORIENTED_EDGE('',*,*,#19277,.T.);
#19275=ORIENTED_EDGE('',*,*,#19278,.T.);
#19276=EDGE_CURVE('',#869,#957,#19279,.F.);
#19277=EDGE_CURVE('',#957,#873,#19280,.T.);
#19278=EDGE_CURVE('',#873,#869,#19281,.T.);
#19279=LINE('',#868,#19282);
#19280=LINE('',#956,#19283);
#19281=LINE('',#872,#19284);
#19282=VECTOR('',#19285,1.0);
#19283=VECTOR('',#19286,1.0);
#19284=VECTOR('',#19287,1.0);
#19285=DIRECTION('',(0.642879195815015,0.7659675839017207,0));
#19286=DIRECTION('',(-0.6992184502837185,-0.7149080771559622,0));
#19287=DIRECTION('',(0.6087584498010064,-0.7933556263088298,0));
#19288=FACE_SURFACE('',(#19293),#19289,.T.);
#19289=PLANE('',#19290);
#19290=AXIS2_PLACEMENT_3D('',#872,#19291,#19292);
#19291=DIRECTION('',(0,-0,1));
#19292=DIRECTION('',(0.6992184502837185,0.7149080771559622,0));
#19293=FACE_BOUND('',#19294,.T.);
#19294=EDGE_LOOP('',(#19295,#19296,#19297));
#19295=ORIENTED_EDGE('',*,*,#19298,.T.);
#19296=ORIENTED_EDGE('',*,*,#19299,.T.);
#19297=ORIENTED_EDGE('',*,*,#19300,.T.);
#19298=EDGE_CURVE('',#873,#957,#19301,.F.);
#19299=EDGE_CURVE('',#957,#877,#19302,.T.);
#19300=EDGE_CURVE('',#877,#873,#19303,.T.);
#19301=LINE('',#872,#19304);
#19302=LINE('',#956,#19305);
#19303=LINE('',#876,#19306);
#19304=VECTOR('',#19307,1.0);
#19305=VECTOR('',#19308,1.0);
#19306=VECTOR('',#19309,1.0);
#19307=DIRECTION('',(0.6992184502837185,0.7149080771559622,0));
#19308=DIRECTION('',(-0.7517465909501568,-0.6594520930248212,0));
#19309=DIRECTION('',(0.7933556263088298,-0.6087584498010064,0));
#19310=FACE_SURFACE('',(#19315),#19311,.T.);
#19311=PLANE('',#19312);
#19312=AXIS2_PLACEMENT_3D('',#876,#19313,#19314);
#19313=DIRECTION('',(0,-0,1));
#19314=DIRECTION('',(0.7517465909501568,0.6594520930248212,0));
#19315=FACE_BOUND('',#19316,.T.);
#19316=EDGE_LOOP('',(#19317,#19318,#19319));
#19317=ORIENTED_EDGE('',*,*,#19320,.T.);
#19318=ORIENTED_EDGE('',*,*,#19321,.T.);
#19319=ORIENTED_EDGE('',*,*,#19322,.T.);
#19320=EDGE_CURVE('',#877,#957,#19323,.F.);
#19321=EDGE_CURVE('',#957,#881,#19324,.T.);
#19322=EDGE_CURVE('',#881,#877,#19325,.T.);
#19323=LINE('',#876,#19326);
#19324=LINE('',#956,#19327);
#19325=LINE('',#880,#19328);
#19326=VECTOR('',#19329,1.0);
#19327=VECTOR('',#19330,1.0);
#19328=VECTOR('',#19331,1.0);
#19329=DIRECTION('',(0.7517465909501568,0.6594520930248212,0));
#19330=DIRECTION('',(-0.79396130265951,-0.6079682967714795,0));
#19331=DIRECTION('',(0.9238790386956276,-0.38268462453937563,0));
#19332=FACE_SURFACE('',(#19337),#19333,.T.);
#19333=PLANE('',#19334);
#19334=AXIS2_PLACEMENT_3D('',#880,#19335,#19336);
#19335=DIRECTION('',(0,-0,1));
#19336=DIRECTION('',(0.79396130265951,0.6079682967714795,0));
#19337=FACE_BOUND('',#19338,.T.);
#19338=EDGE_LOOP('',(#19339,#19340,#19341));
#19339=ORIENTED_EDGE('',*,*,#19342,.T.);
#19340=ORIENTED_EDGE('',*,*,#19343,.T.);
#19341=ORIENTED_EDGE('',*,*,#19344,.T.);
#19342=EDGE_CURVE('',#881,#957,#19345,.F.);
#19343=EDGE_CURVE('',#957,#885,#19346,.T.);
#19344=EDGE_CURVE('',#885,#881,#19347,.T.);
#19345=LINE('',#880,#19348);
#19346=LINE('',#956,#19349);
#19347=LINE('',#884,#19350);
#19348=VECTOR('',#19351,1.0);
#19349=VECTOR('',#19352,1.0);
#19350=VECTOR('',#19353,1.0);
#19351=DIRECTION('',(0.79396130265951,0.6079682967714795,0));
#19352=DIRECTION('',(-0.8232129255271159,-0.5677327533664824,0));
#19353=DIRECTION('',(0.9914453143359134,-0.13052275158516174,0));
#19354=FACE_SURFACE('',(#19359),#19355,.T.);
#19355=PLANE('',#19356);
#19356=AXIS2_PLACEMENT_3D('',#884,#19357,#19358);
#19357=DIRECTION('',(0,-0,1));
#19358=DIRECTION('',(0.8232129255271159,0.5677327533664824,0));
#19359=FACE_BOUND('',#19360,.T.);
#19360=EDGE_LOOP('',(#19361,#19362,#19363));
#19361=ORIENTED_EDGE('',*,*,#19364,.T.);
#19362=ORIENTED_EDGE('',*,*,#19365,.T.);
#19363=ORIENTED_EDGE('',*,*,#19366,.T.);
#19364=EDGE_CURVE('',#885,#957,#19367,.F.);
#19365=EDGE_CURVE('',#957,#517,#19368,.T.);
#19366=EDGE_CURVE('',#517,#885,#19369,.T.);
#19367=LINE('',#884,#19370);
#19368=LINE('',#956,#19371);
#19369=LINE('',#516,#19372);
#19370=VECTOR('',#19373,1.0);
#19371=VECTOR('',#19374,1.0);
#19372=VECTOR('',#19375,1.0);
#19373=DIRECTION('',(0.8232129255271159,0.5677327533664824,0));
#19374=DIRECTION('',(-1,0,0));
#19375=DIRECTION('',(0.8987684215335626,-0.43842368144760197,0));
#19376=FACE_SURFACE('',(#19381),#19377,.T.);
#19377=PLANE('',#19378);
#19378=AXIS2_PLACEMENT_3D('',#884,#19379,#19380);
#19379=DIRECTION('',(0,0,1));
#19380=DIRECTION('',(-0.8987684215335626,0.43842368144760197,0));
#19381=FACE_BOUND('',#19382,.T.);
#19382=EDGE_LOOP('',(#19383,#19384,#19385));
#19383=ORIENTED_EDGE('',*,*,#19386,.T.);
#19384=ORIENTED_EDGE('',*,*,#19387,.T.);
#19385=ORIENTED_EDGE('',*,*,#19388,.T.);
#19386=EDGE_CURVE('',#885,#517,#19389,.F.);
#19387=EDGE_CURVE('',#517,#889,#19390,.T.);
#19388=EDGE_CURVE('',#889,#885,#19391,.T.);
#19389=LINE('',#884,#19392);
#19390=LINE('',#516,#19393);
#19391=LINE('',#888,#19394);
#19392=VECTOR('',#19395,1.0);
#19393=VECTOR('',#19396,1.0);
#19394=VECTOR('',#19397,1.0);
#19395=DIRECTION('',(-0.8987684215335626,0.43842368144760197,0));
#19396=DIRECTION('',(0.884550482842928,-0.4664444696878106,0));
#19397=DIRECTION('',(0.9914453143359134,0.13052275158516174,0));
#19398=FACE_SURFACE('',(#19403),#19399,.T.);
#19399=PLANE('',#19400);
#19400=AXIS2_PLACEMENT_3D('',#888,#19401,#19402);
#19401=DIRECTION('',(0,0,1));
#19402=DIRECTION('',(-0.884550482842928,0.4664444696878106,0));
#19403=FACE_BOUND('',#19404,.T.);
#19404=EDGE_LOOP('',(#19405,#19406,#19407));
#19405=ORIENTED_EDGE('',*,*,#19408,.T.);
#19406=ORIENTED_EDGE('',*,*,#19409,.T.);
#19407=ORIENTED_EDGE('',*,*,#19410,.T.);
#19408=EDGE_CURVE('',#889,#517,#19411,.F.);
#19409=EDGE_CURVE('',#517,#893,#19412,.T.);
#19410=EDGE_CURVE('',#893,#889,#19413,.T.);
#19411=LINE('',#888,#19414);
#19412=LINE('',#516,#19415);
#19413=LINE('',#892,#19416);
#19414=VECTOR('',#19417,1.0);
#19415=VECTOR('',#19418,1.0);
#19416=VECTOR('',#19419,1.0);
#19417=DIRECTION('',(-0.884550482842928,0.4664444696878106,0));
#19418=DIRECTION('',(0.862461739074129,-0.5061222664862999,0));
#19419=DIRECTION('',(0.9238779123679569,0.3826873437136716,0));
#19420=FACE_SURFACE('',(#19425),#19421,.T.);
#19421=PLANE('',#19422);
#19422=AXIS2_PLACEMENT_3D('',#892,#19423,#19424);
#19423=DIRECTION('',(0,0,1));
#19424=DIRECTION('',(-0.862461739074129,0.5061222664862999,0));
#19425=FACE_BOUND('',#19426,.T.);
#19426=EDGE_LOOP('',(#19427,#19428,#19429));
#19427=ORIENTED_EDGE('',*,*,#19430,.T.);
#19428=ORIENTED_EDGE('',*,*,#19431,.T.);
#19429=ORIENTED_EDGE('',*,*,#19432,.T.);
#19430=EDGE_CURVE('',#893,#517,#19433,.F.);
#19431=EDGE_CURVE('',#517,#897,#19434,.T.);
#19432=EDGE_CURVE('',#897,#893,#19435,.T.);
#19433=LINE('',#892,#19436);
#19434=LINE('',#516,#19437);
#19435=LINE('',#896,#19438);
#19436=VECTOR('',#19439,1.0);
#19437=VECTOR('',#19440,1.0);
#19438=VECTOR('',#19441,1.0);
#19439=DIRECTION('',(-0.862461739074129,0.5061222664862999,0));
#19440=DIRECTION('',(0.8328624426171112,-0.5534800372893852,0));
#19441=DIRECTION('',(0.7933556263088298,0.6087584498010064,0));
#19442=FACE_SURFACE('',(#19447),#19443,.T.);
#19443=PLANE('',#19444);
#19444=AXIS2_PLACEMENT_3D('',#896,#19445,#19446);
#19445=DIRECTION('',(0,0,1));
#19446=DIRECTION('',(-0.8328624426171112,0.5534800372893852,0));
#19447=FACE_BOUND('',#19448,.T.);
#19448=EDGE_LOOP('',(#19449,#19450,#19451));
#19449=ORIENTED_EDGE('',*,*,#19452,.T.);
#19450=ORIENTED_EDGE('',*,*,#19453,.T.);
#19451=ORIENTED_EDGE('',*,*,#19454,.T.);
#19452=EDGE_CURVE('',#897,#517,#19455,.F.);
#19453=EDGE_CURVE('',#517,#901,#19456,.T.);
#19454=EDGE_CURVE('',#901,#897,#19457,.T.);
#19455=LINE('',#896,#19458);
#19456=LINE('',#516,#19459);
#19457=LINE('',#900,#19460);
#19458=VECTOR('',#19461,1.0);
#19459=VECTOR('',#19462,1.0);
#19460=VECTOR('',#19463,1.0);
#19461=DIRECTION('',(-0.8328624426171112,0.5534800372893852,0));
#19462=DIRECTION('',(0.7980035968039402,-0.6026526856224689,0));
#19463=DIRECTION('',(0.6087584498010064,0.7933556263088298,0));
#19464=FACE_SURFACE('',(#19469),#19465,.T.);
#19465=PLANE('',#19466);
#19466=AXIS2_PLACEMENT_3D('',#900,#19467,#19468);
#19467=DIRECTION('',(0,0,1));
#19468=DIRECTION('',(-0.7980035968039402,0.6026526856224689,0));
#19469=FACE_BOUND('',#19470,.T.);
#19470=EDGE_LOOP('',(#19471,#19472,#19473));
#19471=ORIENTED_EDGE('',*,*,#19474,.T.);
#19472=ORIENTED_EDGE('',*,*,#19475,.T.);
#19473=ORIENTED_EDGE('',*,*,#19476,.T.);
#19474=EDGE_CURVE('',#901,#517,#19477,.F.);
#19475=EDGE_CURVE('',#517,#905,#19478,.T.);
#19476=EDGE_CURVE('',#905,#901,#19479,.T.);
#19477=LINE('',#900,#19480);
#19478=LINE('',#516,#19481);
#19479=LINE('',#904,#19482);
#19480=VECTOR('',#19483,1.0);
#19481=VECTOR('',#19484,1.0);
#19482=VECTOR('',#19485,1.0);
#19483=DIRECTION('',(-0.7980035968039402,0.6026526856224689,0));
#19484=DIRECTION('',(0.7620447245380884,-0.6475243916669617,0));
#19485=DIRECTION('',(0.38268462453937563,0.9238790386956276,0));
#19486=FACE_SURFACE('',(#19491),#19487,.T.);
#19487=PLANE('',#19488);
#19488=AXIS2_PLACEMENT_3D('',#904,#19489,#19490);
#19489=DIRECTION('',(0,0,1));
#19490=DIRECTION('',(-0.7620447245380884,0.6475243916669617,0));
#19491=FACE_BOUND('',#19492,.T.);
#19492=EDGE_LOOP('',(#19493,#19494,#19495));
#19493=ORIENTED_EDGE('',*,*,#19496,.T.);
#19494=ORIENTED_EDGE('',*,*,#19497,.T.);
#19495=ORIENTED_EDGE('',*,*,#19498,.T.);
#19496=EDGE_CURVE('',#905,#517,#19499,.F.);
#19497=EDGE_CURVE('',#517,#909,#19500,.T.);
#19498=EDGE_CURVE('',#909,#905,#19501,.T.);
#19499=LINE('',#904,#19502);
#19500=LINE('',#516,#19503);
#19501=LINE('',#908,#19504);
#19502=VECTOR('',#19505,1.0);
#19503=VECTOR('',#19506,1.0);
#19504=VECTOR('',#19507,1.0);
#19505=DIRECTION('',(-0.7620447245380884,0.6475243916669617,0));
#19506=DIRECTION('',(0.729898376167423,-0.6835556747391972,0));
#19507=DIRECTION('',(0.13052275158516174,0.9914453143359134,0));
#19508=FACE_SURFACE('',(#19513),#19509,.T.);
#19509=PLANE('',#19510);
#19510=AXIS2_PLACEMENT_3D('',#908,#19511,#19512);
#19511=DIRECTION('',(0,0,1));
#19512=DIRECTION('',(-0.729898376167423,0.6835556747391972,0));
#19513=FACE_BOUND('',#19514,.T.);
#19514=EDGE_LOOP('',(#19515,#19516,#19517));
#19515=ORIENTED_EDGE('',*,*,#19518,.T.);
#19516=ORIENTED_EDGE('',*,*,#19519,.T.);
#19517=ORIENTED_EDGE('',*,*,#19520,.T.);
#19518=EDGE_CURVE('',#909,#517,#19521,.F.);
#19519=EDGE_CURVE('',#517,#515,#19522,.T.);
#19520=EDGE_CURVE('',#515,#909,#19523,.T.);
#19521=LINE('',#908,#19524);
#19522=LINE('',#516,#19525);
#19523=LINE('',#514,#19526);
#19524=VECTOR('',#19527,1.0);
#19525=VECTOR('',#19528,1.0);
#19526=VECTOR('',#19529,1.0);
#19527=DIRECTION('',(-0.729898376167423,0.6835556747391972,0));
#19528=DIRECTION('',(0,-1,0));
#19529=DIRECTION('',(0.6092435180672497,0.7929831875223085,0));
#19530=FACE_SURFACE('',(#19535),#19531,.T.);
#19531=PLANE('',#19532);
#19532=AXIS2_PLACEMENT_3D('',#908,#19533,#19534);
#19533=DIRECTION('',(0,0,1));
#19534=DIRECTION('',(-0.6092435180672497,-0.7929831875223085,0));
#19535=FACE_BOUND('',#19536,.T.);
#19536=EDGE_LOOP('',(#19537,#19538,#19539));
#19537=ORIENTED_EDGE('',*,*,#19540,.T.);
#19538=ORIENTED_EDGE('',*,*,#19541,.T.);
#19539=ORIENTED_EDGE('',*,*,#19542,.T.);
#19540=EDGE_CURVE('',#909,#515,#19543,.F.);
#19541=EDGE_CURVE('',#515,#913,#19544,.T.);
#19542=EDGE_CURVE('',#913,#909,#19545,.T.);
#19543=LINE('',#908,#19546);
#19544=LINE('',#514,#19547);
#19545=LINE('',#912,#19548);
#19546=VECTOR('',#19549,1.0);
#19547=VECTOR('',#19550,1.0);
#19548=VECTOR('',#19551,1.0);
#19549=DIRECTION('',(-0.6092435180672497,-0.7929831875223085,0));
#19550=DIRECTION('',(0.6367068223503553,0.7711059735033265,0));
#19551=DIRECTION('',(-0.13052275158516174,0.9914453143359134,0));
#19552=FACE_SURFACE('',(#19557),#19553,.T.);
#19553=PLANE('',#19554);
#19554=AXIS2_PLACEMENT_3D('',#912,#19555,#19556);
#19555=DIRECTION('',(0,0,1));
#19556=DIRECTION('',(-0.6367068223503553,-0.7711059735033265,0));
#19557=FACE_BOUND('',#19558,.T.);
#19558=EDGE_LOOP('',(#19559,#19560,#19561));
#19559=ORIENTED_EDGE('',*,*,#19562,.T.);
#19560=ORIENTED_EDGE('',*,*,#19563,.T.);
#19561=ORIENTED_EDGE('',*,*,#19564,.T.);
#19562=EDGE_CURVE('',#913,#515,#19565,.F.);
#19563=EDGE_CURVE('',#515,#917,#19566,.T.);
#19564=EDGE_CURVE('',#917,#913,#19567,.T.);
#19565=LINE('',#912,#19568);
#19566=LINE('',#514,#19569);
#19567=LINE('',#916,#19570);
#19568=VECTOR('',#19571,1.0);
#19569=VECTOR('',#19572,1.0);
#19570=VECTOR('',#19573,1.0);
#19571=DIRECTION('',(-0.6367068223503553,-0.7711059735033265,0));
#19572=DIRECTION('',(0.6706335622832371,0.7417888008990803,0));
#19573=DIRECTION('',(-0.3826873437136716,0.9238779123679569,0));
#19574=FACE_SURFACE('',(#19579),#19575,.T.);
#19575=PLANE('',#19576);
#19576=AXIS2_PLACEMENT_3D('',#916,#19577,#19578);
#19577=DIRECTION('',(0,0,1));
#19578=DIRECTION('',(-0.6706335622832371,-0.7417888008990803,0));
#19579=FACE_BOUND('',#19580,.T.);
#19580=EDGE_LOOP('',(#19581,#19582,#19583));
#19581=ORIENTED_EDGE('',*,*,#19584,.T.);
#19582=ORIENTED_EDGE('',*,*,#19585,.T.);
#19583=ORIENTED_EDGE('',*,*,#19586,.T.);
#19584=EDGE_CURVE('',#917,#515,#19587,.F.);
#19585=EDGE_CURVE('',#515,#921,#19588,.T.);
#19586=EDGE_CURVE('',#921,#917,#19589,.T.);
#19587=LINE('',#916,#19590);
#19588=LINE('',#514,#19591);
#19589=LINE('',#920,#19592);
#19590=VECTOR('',#19593,1.0);
#19591=VECTOR('',#19594,1.0);
#19592=VECTOR('',#19595,1.0);
#19593=DIRECTION('',(-0.6706335622832371,-0.7417888008990803,0));
#19594=DIRECTION('',(0.7071068795384671,0.7071066828346142,0));
#19595=DIRECTION('',(-0.6087584498010064,0.7933556263088298,0));
#19596=FACE_SURFACE('',(#19601),#19597,.T.);
#19597=PLANE('',#19598);
#19598=AXIS2_PLACEMENT_3D('',#920,#19599,#19600);
#19599=DIRECTION('',(0,0,1));
#19600=DIRECTION('',(-0.7071068795384671,-0.7071066828346142,0));
#19601=FACE_BOUND('',#19602,.T.);
#19602=EDGE_LOOP('',(#19603,#19604,#19605));
#19603=ORIENTED_EDGE('',*,*,#19606,.T.);
#19604=ORIENTED_EDGE('',*,*,#19607,.T.);
#19605=ORIENTED_EDGE('',*,*,#19608,.T.);
#19606=EDGE_CURVE('',#921,#515,#19609,.F.);
#19607=EDGE_CURVE('',#515,#925,#19610,.T.);
#19608=EDGE_CURVE('',#925,#921,#19611,.T.);
#19609=LINE('',#920,#19612);
#19610=LINE('',#514,#19613);
#19611=LINE('',#924,#19614);
#19612=VECTOR('',#19615,1.0);
#19613=VECTOR('',#19616,1.0);
#19614=VECTOR('',#19617,1.0);
#19615=DIRECTION('',(-0.7071068795384671,-0.7071066828346142,0));
#19616=DIRECTION('',(0.7417889857502256,0.6706333578190484,0));
#19617=DIRECTION('',(-0.7933556263088298,0.6087584498010064,0));
#19618=FACE_SURFACE('',(#19623),#19619,.T.);
#19619=PLANE('',#19620);
#19620=AXIS2_PLACEMENT_3D('',#924,#19621,#19622);
#19621=DIRECTION('',(0,0,1));
#19622=DIRECTION('',(-0.7417889857502256,-0.6706333578190484,0));
#19623=FACE_BOUND('',#19624,.T.);
#19624=EDGE_LOOP('',(#19625,#19626,#19627));
#19625=ORIENTED_EDGE('',*,*,#19628,.T.);
#19626=ORIENTED_EDGE('',*,*,#19629,.T.);
#19627=ORIENTED_EDGE('',*,*,#19630,.T.);
#19628=EDGE_CURVE('',#925,#515,#19631,.F.);
#19629=EDGE_CURVE('',#515,#929,#19632,.T.);
#19630=EDGE_CURVE('',#929,#925,#19633,.T.);
#19631=LINE('',#924,#19634);
#19632=LINE('',#514,#19635);
#19633=LINE('',#928,#19636);
#19634=VECTOR('',#19637,1.0);
#19635=VECTOR('',#19638,1.0);
#19636=VECTOR('',#19639,1.0);
#19637=DIRECTION('',(-0.7417889857502256,-0.6706333578190484,0));
#19638=DIRECTION('',(0.7711061445336918,0.6367066152180181,0));
#19639=DIRECTION('',(-0.9238779123679569,0.3826873437136716,0));
#19640=FACE_SURFACE('',(#19645),#19641,.T.);
#19641=PLANE('',#19642);
#19642=AXIS2_PLACEMENT_3D('',#928,#19643,#19644);
#19643=DIRECTION('',(0,0,1));
#19644=DIRECTION('',(-0.7711061445336918,-0.6367066152180181,0));
#19645=FACE_BOUND('',#19646,.T.);
#19646=EDGE_LOOP('',(#19647,#19648,#19649));
#19647=ORIENTED_EDGE('',*,*,#19650,.T.);
#19648=ORIENTED_EDGE('',*,*,#19651,.T.);
#19649=ORIENTED_EDGE('',*,*,#19652,.T.);
#19650=EDGE_CURVE('',#929,#515,#19653,.F.);
#19651=EDGE_CURVE('',#515,#543,#19654,.T.);
#19652=EDGE_CURVE('',#543,#929,#19655,.T.);
#19653=LINE('',#928,#19656);
#19654=LINE('',#514,#19657);
#19655=LINE('',#542,#19658);
#19656=VECTOR('',#19659,1.0);
#19657=VECTOR('',#19660,1.0);
#19658=VECTOR('',#19661,1.0);
#19659=DIRECTION('',(-0.7711061445336918,-0.6367066152180181,0));
#19660=DIRECTION('',(1,0,0));
#19661=DIRECTION('',(-0.7030178268021741,0.7111722261156918,0));
#19662=FACE_SURFACE('',(#19667),#19663,.T.);
#19663=PLANE('',#19664);
#19664=AXIS2_PLACEMENT_3D('',#928,#19665,#19666);
#19665=DIRECTION('',(0,0,1));
#19666=DIRECTION('',(0.7030178268021741,-0.7111722261156918,0));
#19667=FACE_BOUND('',#19668,.T.);
#19668=EDGE_LOOP('',(#19669,#19670,#19671));
#19669=ORIENTED_EDGE('',*,*,#19672,.T.);
#19670=ORIENTED_EDGE('',*,*,#19673,.T.);
#19671=ORIENTED_EDGE('',*,*,#19674,.T.);
#19672=EDGE_CURVE('',#929,#543,#19675,.F.);
#19673=EDGE_CURVE('',#543,#933,#19676,.T.);
#19674=EDGE_CURVE('',#933,#929,#19677,.T.);
#19675=LINE('',#928,#19678);
#19676=LINE('',#542,#19679);
#19677=LINE('',#932,#19680);
#19678=VECTOR('',#19681,1.0);
#19679=VECTOR('',#19682,1.0);
#19680=VECTOR('',#19683,1.0);
#19681=DIRECTION('',(0.7030178268021741,-0.7111722261156918,0));
#19682=DIRECTION('',(-0.6773097122772651,0.7356980043841959,0));
#19683=DIRECTION('',(-0.9914453143359134,0.13052275158516174,0));
#19684=FACE_SURFACE('',(#19689),#19685,.T.);
#19685=PLANE('',#19686);
#19686=AXIS2_PLACEMENT_3D('',#932,#19687,#19688);
#19687=DIRECTION('',(-0,0,1));
#19688=DIRECTION('',(0.6773097122772651,-0.7356980043841959,0));
#19689=FACE_BOUND('',#19690,.T.);
#19690=EDGE_LOOP('',(#19691,#19692,#19693));
#19691=ORIENTED_EDGE('',*,*,#19694,.T.);
#19692=ORIENTED_EDGE('',*,*,#19695,.T.);
#19693=ORIENTED_EDGE('',*,*,#19696,.T.);
#19694=EDGE_CURVE('',#933,#543,#19697,.F.);
#19695=EDGE_CURVE('',#543,#937,#19698,.T.);
#19696=EDGE_CURVE('',#937,#933,#19699,.T.);
#19697=LINE('',#932,#19700);
#19698=LINE('',#542,#19701);
#19699=LINE('',#936,#19702);
#19700=VECTOR('',#19703,1.0);
#19701=VECTOR('',#19704,1.0);
#19702=VECTOR('',#19705,1.0);
#19703=DIRECTION('',(0.6773097122772651,-0.7356980043841959,0));
#19704=DIRECTION('',(-0.6404903969856597,0.7679661785320706,0));
#19705=DIRECTION('',(-0.9914453143359134,-0.13052275158516174,0));
#19706=FACE_SURFACE('',(#19711),#19707,.T.);
#19707=PLANE('',#19708);
#19708=AXIS2_PLACEMENT_3D('',#936,#19709,#19710);
#19709=DIRECTION('',(-0,0,1));
#19710=DIRECTION('',(0.6404903969856597,-0.7679661785320706,0));
#19711=FACE_BOUND('',#19712,.T.);
#19712=EDGE_LOOP('',(#19713,#19714,#19715));
#19713=ORIENTED_EDGE('',*,*,#19716,.T.);
#19714=ORIENTED_EDGE('',*,*,#19717,.T.);
#19715=ORIENTED_EDGE('',*,*,#19718,.T.);
#19716=EDGE_CURVE('',#937,#543,#19719,.F.);
#19717=EDGE_CURVE('',#543,#941,#19720,.T.);
#19718=EDGE_CURVE('',#941,#937,#19721,.T.);
#19719=LINE('',#936,#19722);
#19720=LINE('',#542,#19723);
#19721=LINE('',#940,#19724);
#19722=VECTOR('',#19725,1.0);
#19723=VECTOR('',#19726,1.0);
#19724=VECTOR('',#19727,1.0);
#19725=DIRECTION('',(0.6404903969856597,-0.7679661785320706,0));
#19726=DIRECTION('',(-0.5948140928860406,0.8038632936663775,0));
#19727=DIRECTION('',(-0.9238790386956276,-0.38268462453937563,0));
#19728=FACE_SURFACE('',(#19733),#19729,.T.);
#19729=PLANE('',#19730);
#19730=AXIS2_PLACEMENT_3D('',#940,#19731,#19732);
#19731=DIRECTION('',(-0,0,1));
#19732=DIRECTION('',(0.5948140928860406,-0.8038632936663775,0));
#19733=FACE_BOUND('',#19734,.T.);
#19734=EDGE_LOOP('',(#19735,#19736,#19737));
#19735=ORIENTED_EDGE('',*,*,#19738,.T.);
#19736=ORIENTED_EDGE('',*,*,#19739,.T.);
#19737=ORIENTED_EDGE('',*,*,#19740,.T.);
#19738=EDGE_CURVE('',#941,#543,#19741,.F.);
#19739=EDGE_CURVE('',#543,#945,#19742,.T.);
#19740=EDGE_CURVE('',#945,#941,#19743,.T.);
#19741=LINE('',#940,#19744);
#19742=LINE('',#542,#19745);
#19743=LINE('',#944,#19746);
#19744=VECTOR('',#19747,1.0);
#19745=VECTOR('',#19748,1.0);
#19746=VECTOR('',#19749,1.0);
#19747=DIRECTION('',(0.5948140928860406,-0.8038632936663775,0));
#19748=DIRECTION('',(-0.5449690515547416,0.8384561603611279,0));
#19749=DIRECTION('',(-0.7933556263088298,-0.6087584498010064,0));
#19750=FACE_SURFACE('',(#19755),#19751,.T.);
#19751=PLANE('',#19752);
#19752=AXIS2_PLACEMENT_3D('',#944,#19753,#19754);
#19753=DIRECTION('',(-0,0,1));
#19754=DIRECTION('',(0.5449690515547416,-0.8384561603611279,0));
#19755=FACE_BOUND('',#19756,.T.);
#19756=EDGE_LOOP('',(#19757,#19758,#19759));
#19757=ORIENTED_EDGE('',*,*,#19760,.T.);
#19758=ORIENTED_EDGE('',*,*,#19761,.T.);
#19759=ORIENTED_EDGE('',*,*,#19762,.T.);
#19760=EDGE_CURVE('',#945,#543,#19763,.F.);
#19761=EDGE_CURVE('',#543,#949,#19764,.T.);
#19762=EDGE_CURVE('',#949,#945,#19765,.T.);
#19763=LINE('',#944,#19766);
#19764=LINE('',#542,#19767);
#19765=LINE('',#948,#19768);
#19766=VECTOR('',#19769,1.0);
#19767=VECTOR('',#19770,1.0);
#19768=VECTOR('',#19771,1.0);
#19769=DIRECTION('',(0.5449690515547416,-0.8384561603611279,0));
#19770=DIRECTION('',(-0.4971936779544371,0.8676395833536754,0));
#19771=DIRECTION('',(-0.6087584498010064,-0.7933556263088298,0));
#19772=FACE_SURFACE('',(#19777),#19773,.T.);
#19773=PLANE('',#19774);
#19774=AXIS2_PLACEMENT_3D('',#948,#19775,#19776);
#19775=DIRECTION('',(-0,0,1));
#19776=DIRECTION('',(0.4971936779544371,-0.8676395833536754,0));
#19777=FACE_BOUND('',#19778,.T.);
#19778=EDGE_LOOP('',(#19779,#19780,#19781));
#19779=ORIENTED_EDGE('',*,*,#19782,.T.);
#19780=ORIENTED_EDGE('',*,*,#19783,.T.);
#19781=ORIENTED_EDGE('',*,*,#19784,.T.);
#19782=EDGE_CURVE('',#949,#543,#19785,.F.);
#19783=EDGE_CURVE('',#543,#953,#19786,.T.);
#19784=EDGE_CURVE('',#953,#949,#19787,.T.);
#19785=LINE('',#948,#19788);
#19786=LINE('',#542,#19789);
#19787=LINE('',#952,#19790);
#19788=VECTOR('',#19791,1.0);
#19789=VECTOR('',#19792,1.0);
#19790=VECTOR('',#19793,1.0);
#19791=DIRECTION('',(0.4971936779544371,-0.8676395833536754,0));
#19792=DIRECTION('',(-0.4573938827491719,0.8892642104704522,0));
#19793=DIRECTION('',(-0.3826873437136716,-0.9238779123679569,0));
#19794=FACE_SURFACE('',(#19799),#19795,.T.);
#19795=PLANE('',#19796);
#19796=AXIS2_PLACEMENT_3D('',#566,#19797,#19798);
#19797=DIRECTION('',(1,0,0));
#19798=DIRECTION('',(0,1,0));
#19799=FACE_BOUND('',#19800,.T.);
#19800=EDGE_LOOP('',(#19801,#19802,#19803));
#19801=ORIENTED_EDGE('',*,*,#19804,.T.);
#19802=ORIENTED_EDGE('',*,*,#19805,.T.);
#19803=ORIENTED_EDGE('',*,*,#19806,.T.);
#19804=EDGE_CURVE('',#567,#533,#19807,.F.);
#19805=EDGE_CURVE('',#533,#959,#19808,.T.);
#19806=EDGE_CURVE('',#959,#567,#19809,.T.);
#19807=LINE('',#566,#19810);
#19808=LINE('',#532,#19811);
#19809=LINE('',#958,#19812);
#19810=VECTOR('',#19813,1.0);
#19811=VECTOR('',#19814,1.0);
#19812=VECTOR('',#19815,1.0);
#19813=DIRECTION('',(0,1,0));
#19814=DIRECTION('',(0,-0.8697575659271776,0.4934792564155368));
#19815=DIRECTION('',(0,0,-1));
#19816=FACE_SURFACE('',(#19821),#19817,.T.);
#19817=PLANE('',#19818);
#19818=AXIS2_PLACEMENT_3D('',#958,#19819,#19820);
#19819=DIRECTION('',(1,-0,0));
#19820=DIRECTION('',(0,0.8697575659271776,-0.4934792564155368));
#19821=FACE_BOUND('',#19822,.T.);
#19822=EDGE_LOOP('',(#19823,#19824,#19825));
#19823=ORIENTED_EDGE('',*,*,#19826,.T.);
#19824=ORIENTED_EDGE('',*,*,#19827,.T.);
#19825=ORIENTED_EDGE('',*,*,#19828,.T.);
#19826=EDGE_CURVE('',#959,#533,#19829,.F.);
#19827=EDGE_CURVE('',#533,#531,#19830,.T.);
#19828=EDGE_CURVE('',#531,#959,#19831,.T.);
#19829=LINE('',#958,#19832);
#19830=LINE('',#532,#19833);
#19831=LINE('',#530,#19834);
#19832=VECTOR('',#19835,1.0);
#19833=VECTOR('',#19836,1.0);
#19834=VECTOR('',#19837,1.0);
#19835=DIRECTION('',(0,0.8697575659271776,-0.4934792564155368));
#19836=DIRECTION('',(0,0,1));
#19837=DIRECTION('',(0,-1,0));
#19838=FACE_SURFACE('',(#19843),#19839,.T.);
#19839=PLANE('',#19840);
#19840=AXIS2_PLACEMENT_3D('',#528,#19841,#19842);
#19841=DIRECTION('',(0,-1,0));
#19842=DIRECTION('',(1,0,0));
#19843=FACE_BOUND('',#19844,.T.);
#19844=EDGE_LOOP('',(#19845,#19846,#19847));
#19845=ORIENTED_EDGE('',*,*,#19848,.T.);
#19846=ORIENTED_EDGE('',*,*,#19849,.T.);
#19847=ORIENTED_EDGE('',*,*,#19850,.T.);
#19848=EDGE_CURVE('',#529,#567,#19851,.F.);
#19849=EDGE_CURVE('',#567,#521,#19852,.T.);
#19850=EDGE_CURVE('',#521,#529,#19853,.T.);
#19851=LINE('',#528,#19854);
#19852=LINE('',#566,#19855);
#19853=LINE('',#520,#19856);
#19854=VECTOR('',#19857,1.0);
#19855=VECTOR('',#19858,1.0);
#19856=VECTOR('',#19859,1.0);
#19857=DIRECTION('',(1,0,0));
#19858=DIRECTION('',(-0.8682431712416832,0,0.4961388874016883));
#19859=DIRECTION('',(0,0,-1));
#19860=FACE_SURFACE('',(#19865),#19861,.T.);
#19861=PLANE('',#19862);
#19862=AXIS2_PLACEMENT_3D('',#520,#19863,#19864);
#19863=DIRECTION('',(0,-1,0));
#19864=DIRECTION('',(0.8682431712416832,0,-0.4961388874016883));
#19865=FACE_BOUND('',#19866,.T.);
#19866=EDGE_LOOP('',(#19867,#19868,#19869));
#19867=ORIENTED_EDGE('',*,*,#19870,.T.);
#19868=ORIENTED_EDGE('',*,*,#19871,.T.);
#19869=ORIENTED_EDGE('',*,*,#19872,.T.);
#19870=EDGE_CURVE('',#521,#567,#19873,.F.);
#19871=EDGE_CURVE('',#567,#959,#19874,.T.);
#19872=EDGE_CURVE('',#959,#521,#19875,.T.);
#19873=LINE('',#520,#19876);
#19874=LINE('',#566,#19877);
#19875=LINE('',#958,#19878);
#19876=VECTOR('',#19879,1.0);
#19877=VECTOR('',#19880,1.0);
#19878=VECTOR('',#19881,1.0);
#19879=DIRECTION('',(0.8682431712416832,0,-0.4961388874016883));
#19880=DIRECTION('',(0,0,1));
#19881=DIRECTION('',(-1,0,0));
#19882=FACE_SURFACE('',(#19887),#19883,.T.);
#19883=PLANE('',#19884);
#19884=AXIS2_PLACEMENT_3D('',#856,#19885,#19886);
#19885=DIRECTION('',(-0,0,1));
#19886=DIRECTION('',(0.5912367721907006,-0.8064980342254541,0));
#19887=FACE_BOUND('',#19888,.T.);
#19888=EDGE_LOOP('',(#19889,#19890,#19891));
#19889=ORIENTED_EDGE('',*,*,#19892,.T.);
#19890=ORIENTED_EDGE('',*,*,#19893,.T.);
#19891=ORIENTED_EDGE('',*,*,#19894,.T.);
#19892=EDGE_CURVE('',#857,#959,#19895,.F.);
#19893=EDGE_CURVE('',#959,#765,#19896,.T.);
#19894=EDGE_CURVE('',#765,#857,#19897,.T.);
#19895=LINE('',#856,#19898);
#19896=LINE('',#958,#19899);
#19897=LINE('',#764,#19900);
#19898=VECTOR('',#19901,1.0);
#19899=VECTOR('',#19902,1.0);
#19900=VECTOR('',#19903,1.0);
#19901=DIRECTION('',(0.5912367721907006,-0.8064980342254541,0));
#19902=DIRECTION('',(-0.5514325684067002,0.8342194690250222,0));
#19903=DIRECTION('',(-0.13052175633904972,-0.9914454453585279,0));
#19904=FACE_SURFACE('',(#19909),#19905,.T.);
#19905=PLANE('',#19906);
#19906=AXIS2_PLACEMENT_3D('',#764,#19907,#19908);
#19907=DIRECTION('',(-0,0,1));
#19908=DIRECTION('',(0.5514325684067002,-0.8342194690250222,0));
#19909=FACE_BOUND('',#19910,.T.);
#19910=EDGE_LOOP('',(#19911,#19912,#19913));
#19911=ORIENTED_EDGE('',*,*,#19914,.T.);
#19912=ORIENTED_EDGE('',*,*,#19915,.T.);
#19913=ORIENTED_EDGE('',*,*,#19916,.T.);
#19914=EDGE_CURVE('',#765,#959,#19917,.F.);
#19915=EDGE_CURVE('',#959,#531,#19918,.T.);
#19916=EDGE_CURVE('',#531,#765,#19919,.T.);
#19917=LINE('',#764,#19920);
#19918=LINE('',#958,#19921);
#19919=LINE('',#530,#19922);
#19920=VECTOR('',#19923,1.0);
#19921=VECTOR('',#19924,1.0);
#19922=VECTOR('',#19925,1.0);
#19923=DIRECTION('',(0.5514325684067002,-0.8342194690250222,0));
#19924=DIRECTION('',(0,1,0));
#19925=DIRECTION('',(-0.42950630887541535,-0.9030638574520721,0));
#19926=FACE_SURFACE('',(#19931),#19927,.T.);
#19927=PLANE('',#19928);
#19928=AXIS2_PLACEMENT_3D('',#764,#19929,#19930);
#19929=DIRECTION('',(0,-0,1));
#19930=DIRECTION('',(0.42950630887541535,0.9030638574520721,0));
#19931=FACE_BOUND('',#19932,.T.);
#19932=EDGE_LOOP('',(#19933,#19934,#19935));
#19933=ORIENTED_EDGE('',*,*,#19936,.T.);
#19934=ORIENTED_EDGE('',*,*,#19937,.T.);
#19935=ORIENTED_EDGE('',*,*,#19938,.T.);
#19936=EDGE_CURVE('',#765,#531,#19939,.F.);
#19937=EDGE_CURVE('',#531,#769,#19940,.T.);
#19938=EDGE_CURVE('',#769,#765,#19941,.T.);
#19939=LINE('',#764,#19942);
#19940=LINE('',#530,#19943);
#19941=LINE('',#768,#19944);
#19942=VECTOR('',#19945,1.0);
#19943=VECTOR('',#19946,1.0);
#19944=VECTOR('',#19947,1.0);
#19945=DIRECTION('',(0.42950630887541535,0.9030638574520721,0));
#19946=DIRECTION('',(-0.4573933457450573,-0.8892644866788184,0));
#19947=DIRECTION('',(0.13052573741377738,-0.9914449212500862,0));
#19948=FACE_SURFACE('',(#19953),#19949,.T.);
#19949=PLANE('',#19950);
#19950=AXIS2_PLACEMENT_3D('',#768,#19951,#19952);
#19951=DIRECTION('',(0,-0,1));
#19952=DIRECTION('',(0.4573933457450573,0.8892644866788184,0));
#19953=FACE_BOUND('',#19954,.T.);
#19954=EDGE_LOOP('',(#19955,#19956,#19957));
#19955=ORIENTED_EDGE('',*,*,#19958,.T.);
#19956=ORIENTED_EDGE('',*,*,#19959,.T.);
#19957=ORIENTED_EDGE('',*,*,#19960,.T.);
#19958=EDGE_CURVE('',#769,#531,#19961,.F.);
#19959=EDGE_CURVE('',#531,#773,#19962,.T.);
#19960=EDGE_CURVE('',#773,#769,#19963,.T.);
#19961=LINE('',#768,#19964);
#19962=LINE('',#530,#19965);
#19963=LINE('',#772,#19966);
#19964=VECTOR('',#19967,1.0);
#19965=VECTOR('',#19968,1.0);
#19966=VECTOR('',#19969,1.0);
#19967=DIRECTION('',(0.4573933457450573,0.8892644866788184,0));
#19968=DIRECTION('',(-0.4971936779544371,-0.8676395833536754,0));
#19969=DIRECTION('',(0.3826791862967638,-0.9238812912789428,0));
#19970=FACE_SURFACE('',(#19975),#19971,.T.);
#19971=PLANE('',#19972);
#19972=AXIS2_PLACEMENT_3D('',#772,#19973,#19974);
#19973=DIRECTION('',(0,-0,1));
#19974=DIRECTION('',(0.4971936779544371,0.8676395833536754,0));
#19975=FACE_BOUND('',#19976,.T.);
#19976=EDGE_LOOP('',(#19977,#19978,#19979));
#19977=ORIENTED_EDGE('',*,*,#19980,.T.);
#19978=ORIENTED_EDGE('',*,*,#19981,.T.);
#19979=ORIENTED_EDGE('',*,*,#19982,.T.);
#19980=EDGE_CURVE('',#773,#531,#19983,.F.);
#19981=EDGE_CURVE('',#531,#777,#19984,.T.);
#19982=EDGE_CURVE('',#777,#773,#19985,.T.);
#19983=LINE('',#772,#19986);
#19984=LINE('',#530,#19987);
#19985=LINE('',#776,#19988);
#19986=VECTOR('',#19989,1.0);
#19987=VECTOR('',#19990,1.0);
#19988=VECTOR('',#19991,1.0);
#19989=DIRECTION('',(0.4971936779544371,0.8676395833536754,0));
#19990=DIRECTION('',(-0.5449684120977608,-0.8384565759868815,0));
#19991=DIRECTION('',(0.6087695931926685,-0.7933470756258152,0));
#19992=FACE_SURFACE('',(#19997),#19993,.T.);
#19993=PLANE('',#19994);
#19994=AXIS2_PLACEMENT_3D('',#776,#19995,#19996);
#19995=DIRECTION('',(0,-0,1));
#19996=DIRECTION('',(0.5449684120977608,0.8384565759868815,0));
#19997=FACE_BOUND('',#19998,.T.);
#19998=EDGE_LOOP('',(#19999,#20000,#20001));
#19999=ORIENTED_EDGE('',*,*,#20002,.T.);
#20000=ORIENTED_EDGE('',*,*,#20003,.T.);
#20001=ORIENTED_EDGE('',*,*,#20004,.T.);
#20002=EDGE_CURVE('',#777,#531,#20005,.F.);
#20003=EDGE_CURVE('',#531,#781,#20006,.T.);
#20004=EDGE_CURVE('',#781,#777,#20007,.T.);
#20005=LINE('',#776,#20008);
#20006=LINE('',#530,#20009);
#20007=LINE('',#780,#20010);
#20008=VECTOR('',#20011,1.0);
#20009=VECTOR('',#20012,1.0);
#20010=VECTOR('',#20013,1.0);
#20011=DIRECTION('',(0.5449684120977608,0.8384565759868815,0));
#20012=DIRECTION('',(-0.5948140928860406,-0.8038632936663775,0));
#20013=DIRECTION('',(0.7933444830846993,-0.608772971771145,0));
#20014=FACE_SURFACE('',(#20019),#20015,.T.);
#20015=PLANE('',#20016);
#20016=AXIS2_PLACEMENT_3D('',#780,#20017,#20018);
#20017=DIRECTION('',(0,-0,1));
#20018=DIRECTION('',(0.5948140928860406,0.8038632936663775,0));
#20019=FACE_BOUND('',#20020,.T.);
#20020=EDGE_LOOP('',(#20021,#20022,#20023));
#20021=ORIENTED_EDGE('',*,*,#20024,.T.);
#20022=ORIENTED_EDGE('',*,*,#20025,.T.);
#20023=ORIENTED_EDGE('',*,*,#20026,.T.);
#20024=EDGE_CURVE('',#781,#531,#20027,.F.);
#20025=EDGE_CURVE('',#531,#785,#20028,.T.);
#20026=EDGE_CURVE('',#785,#781,#20029,.T.);
#20027=LINE('',#780,#20030);
#20028=LINE('',#530,#20031);
#20029=LINE('',#784,#20032);
#20030=VECTOR('',#20033,1.0);
#20031=VECTOR('',#20034,1.0);
#20032=VECTOR('',#20035,1.0);
#20033=DIRECTION('',(0.5948140928860406,0.8038632936663775,0));
#20034=DIRECTION('',(-0.6404899441859689,-0.76796655617068,0));
#20035=DIRECTION('',(0.9238844769476138,-0.38267149522172944,0));
#20036=FACE_SURFACE('',(#20041),#20037,.T.);
#20037=PLANE('',#20038);
#20038=AXIS2_PLACEMENT_3D('',#784,#20039,#20040);
#20039=DIRECTION('',(0,-0,1));
#20040=DIRECTION('',(0.6404899441859689,0.76796655617068,0));
#20041=FACE_BOUND('',#20042,.T.);
#20042=EDGE_LOOP('',(#20043,#20044,#20045));
#20043=ORIENTED_EDGE('',*,*,#20046,.T.);
#20044=ORIENTED_EDGE('',*,*,#20047,.T.);
#20045=ORIENTED_EDGE('',*,*,#20048,.T.);
#20046=EDGE_CURVE('',#785,#531,#20049,.F.);
#20047=EDGE_CURVE('',#531,#789,#20050,.T.);
#20048=EDGE_CURVE('',#789,#785,#20051,.T.);
#20049=LINE('',#784,#20052);
#20050=LINE('',#530,#20053);
#20051=LINE('',#788,#20054);
#20052=VECTOR('',#20055,1.0);
#20053=VECTOR('',#20056,1.0);
#20054=VECTOR('',#20057,1.0);
#20055=DIRECTION('',(0.6404899441859689,0.76796655617068,0));
#20056=DIRECTION('',(-0.6773094903012972,-0.7356982087430939,0));
#20057=DIRECTION('',(0.9914443190544547,-0.1305303114784014,0));
#20058=FACE_SURFACE('',(#20063),#20059,.T.);
#20059=PLANE('',#20060);
#20060=AXIS2_PLACEMENT_3D('',#788,#20061,#20062);
#20061=DIRECTION('',(0,-0,1));
#20062=DIRECTION('',(0.6773094903012972,0.7356982087430939,0));
#20063=FACE_BOUND('',#20064,.T.);
#20064=EDGE_LOOP('',(#20065,#20066,#20067));
#20065=ORIENTED_EDGE('',*,*,#20068,.T.);
#20066=ORIENTED_EDGE('',*,*,#20069,.T.);
#20067=ORIENTED_EDGE('',*,*,#20070,.T.);
#20068=EDGE_CURVE('',#789,#531,#20071,.F.);
#20069=EDGE_CURVE('',#531,#793,#20072,.T.);
#20070=EDGE_CURVE('',#793,#789,#20073,.T.);
#20071=LINE('',#788,#20074);
#20072=LINE('',#530,#20075);
#20073=LINE('',#792,#20076);
#20074=VECTOR('',#20077,1.0);
#20075=VECTOR('',#20078,1.0);
#20076=VECTOR('',#20079,1.0);
#20077=DIRECTION('',(0.6773094903012972,0.7356982087430939,0));
#20078=DIRECTION('',(-0.7030174005905507,-0.7111726474400609,0));
#20079=DIRECTION('',(0.9914443190544547,0.1305303114784014,0));
#20080=FACE_SURFACE('',(#20085),#20081,.T.);
#20081=PLANE('',#20082);
#20082=AXIS2_PLACEMENT_3D('',#792,#20083,#20084);
#20083=DIRECTION('',(0,-0,1));
#20084=DIRECTION('',(0.7030174005905507,0.7111726474400609,0));
#20085=FACE_BOUND('',#20086,.T.);
#20086=EDGE_LOOP('',(#20087,#20088,#20089));
#20087=ORIENTED_EDGE('',*,*,#20090,.T.);
#20088=ORIENTED_EDGE('',*,*,#20091,.T.);
#20089=ORIENTED_EDGE('',*,*,#20092,.T.);
#20090=EDGE_CURVE('',#793,#531,#20093,.F.);
#20091=EDGE_CURVE('',#531,#525,#20094,.T.);
#20092=EDGE_CURVE('',#525,#793,#20095,.T.);
#20093=LINE('',#792,#20096);
#20094=LINE('',#530,#20097);
#20095=LINE('',#524,#20098);
#20096=VECTOR('',#20099,1.0);
#20097=VECTOR('',#20100,1.0);
#20098=VECTOR('',#20101,1.0);
#20099=DIRECTION('',(0.7030174005905507,0.7111726474400609,0));
#20100=DIRECTION('',(-1,0,0));
#20101=DIRECTION('',(0.7711057698176008,-0.6367070690309675,0));
#20102=FACE_SURFACE('',(#20107),#20103,.T.);
#20103=PLANE('',#20104);
#20104=AXIS2_PLACEMENT_3D('',#792,#20105,#20106);
#20105=DIRECTION('',(0,0,1));
#20106=DIRECTION('',(-0.7711057698176008,0.6367070690309675,0));
#20107=FACE_BOUND('',#20108,.T.);
#20108=EDGE_LOOP('',(#20109,#20110,#20111));
#20109=ORIENTED_EDGE('',*,*,#20112,.T.);
#20110=ORIENTED_EDGE('',*,*,#20113,.T.);
#20111=ORIENTED_EDGE('',*,*,#20114,.T.);
#20112=EDGE_CURVE('',#793,#525,#20115,.F.);
#20113=EDGE_CURVE('',#525,#797,#20116,.T.);
#20114=EDGE_CURVE('',#797,#793,#20117,.T.);
#20115=LINE('',#792,#20118);
#20116=LINE('',#524,#20119);
#20117=LINE('',#796,#20120);
#20118=VECTOR('',#20121,1.0);
#20119=VECTOR('',#20122,1.0);
#20120=VECTOR('',#20123,1.0);
#20121=DIRECTION('',(-0.7711057698176008,0.6367070690309675,0));
#20122=DIRECTION('',(0.7417889857502256,-0.6706333578190484,0));
#20123=DIRECTION('',(0.9238833506905971,0.3826742143347459,0));
#20124=FACE_SURFACE('',(#20129),#20125,.T.);
#20125=PLANE('',#20126);
#20126=AXIS2_PLACEMENT_3D('',#796,#20127,#20128);
#20127=DIRECTION('',(0,0,1));
#20128=DIRECTION('',(-0.7417889857502256,0.6706333578190484,0));
#20129=FACE_BOUND('',#20130,.T.);
#20130=EDGE_LOOP('',(#20131,#20132,#20133));
#20131=ORIENTED_EDGE('',*,*,#20134,.T.);
#20132=ORIENTED_EDGE('',*,*,#20135,.T.);
#20133=ORIENTED_EDGE('',*,*,#20136,.T.);
#20134=EDGE_CURVE('',#797,#525,#20137,.F.);
#20135=EDGE_CURVE('',#525,#801,#20138,.T.);
#20136=EDGE_CURVE('',#801,#797,#20139,.T.);
#20137=LINE('',#796,#20140);
#20138=LINE('',#524,#20141);
#20139=LINE('',#800,#20142);
#20140=VECTOR('',#20143,1.0);
#20141=VECTOR('',#20144,1.0);
#20142=VECTOR('',#20145,1.0);
#20143=DIRECTION('',(-0.7417889857502256,0.6706333578190484,0));
#20144=DIRECTION('',(0.7071062894271547,-0.7071072729455983,0));
#20145=DIRECTION('',(0.7933444830846993,0.608772971771145,0));
#20146=FACE_SURFACE('',(#20151),#20147,.T.);
#20147=PLANE('',#20148);
#20148=AXIS2_PLACEMENT_3D('',#800,#20149,#20150);
#20149=DIRECTION('',(0,0,1));
#20150=DIRECTION('',(-0.7071062894271547,0.7071072729455983,0));
#20151=FACE_BOUND('',#20152,.T.);
#20152=EDGE_LOOP('',(#20153,#20154,#20155));
#20153=ORIENTED_EDGE('',*,*,#20156,.T.);
#20154=ORIENTED_EDGE('',*,*,#20157,.T.);
#20155=ORIENTED_EDGE('',*,*,#20158,.T.);
#20156=EDGE_CURVE('',#801,#525,#20159,.F.);
#20157=EDGE_CURVE('',#525,#805,#20160,.T.);
#20158=EDGE_CURVE('',#805,#801,#20161,.T.);
#20159=LINE('',#800,#20162);
#20160=LINE('',#524,#20163);
#20161=LINE('',#804,#20164);
#20162=VECTOR('',#20165,1.0);
#20163=VECTOR('',#20166,1.0);
#20164=VECTOR('',#20167,1.0);
#20165=DIRECTION('',(-0.7071062894271547,0.7071072729455983,0));
#20166=DIRECTION('',(0.6706335622832371,-0.7417888008990803,0));
#20167=DIRECTION('',(0.6087695931926685,0.7933470756258152,0));
#20168=FACE_SURFACE('',(#20173),#20169,.T.);
#20169=PLANE('',#20170);
#20170=AXIS2_PLACEMENT_3D('',#804,#20171,#20172);
#20171=DIRECTION('',(0,0,1));
#20172=DIRECTION('',(-0.6706335622832371,0.7417888008990803,0));
#20173=FACE_BOUND('',#20174,.T.);
#20174=EDGE_LOOP('',(#20175,#20176,#20177));
#20175=ORIENTED_EDGE('',*,*,#20178,.T.);
#20176=ORIENTED_EDGE('',*,*,#20179,.T.);
#20177=ORIENTED_EDGE('',*,*,#20180,.T.);
#20178=EDGE_CURVE('',#805,#525,#20181,.F.);
#20179=EDGE_CURVE('',#525,#809,#20182,.T.);
#20180=EDGE_CURVE('',#809,#805,#20183,.T.);
#20181=LINE('',#804,#20184);
#20182=LINE('',#524,#20185);
#20183=LINE('',#808,#20186);
#20184=VECTOR('',#20187,1.0);
#20185=VECTOR('',#20188,1.0);
#20186=VECTOR('',#20189,1.0);
#20187=DIRECTION('',(-0.6706335622832371,0.7417888008990803,0));
#20188=DIRECTION('',(0.6367062602764006,-0.7711064376108142,0));
#20189=DIRECTION('',(0.3826791862967638,0.9238812912789428,0));
#20190=FACE_SURFACE('',(#20195),#20191,.T.);
#20191=PLANE('',#20192);
#20192=AXIS2_PLACEMENT_3D('',#808,#20193,#20194);
#20193=DIRECTION('',(0,0,1));
#20194=DIRECTION('',(-0.6367062602764006,0.7711064376108142,0));
#20195=FACE_BOUND('',#20196,.T.);
#20196=EDGE_LOOP('',(#20197,#20198,#20199));
#20197=ORIENTED_EDGE('',*,*,#20200,.T.);
#20198=ORIENTED_EDGE('',*,*,#20201,.T.);
#20199=ORIENTED_EDGE('',*,*,#20202,.T.);
#20200=EDGE_CURVE('',#809,#525,#20203,.F.);
#20201=EDGE_CURVE('',#525,#813,#20204,.T.);
#20202=EDGE_CURVE('',#813,#809,#20205,.T.);
#20203=LINE('',#808,#20206);
#20204=LINE('',#524,#20207);
#20205=LINE('',#812,#20208);
#20206=VECTOR('',#20209,1.0);
#20207=VECTOR('',#20210,1.0);
#20208=VECTOR('',#20211,1.0);
#20209=DIRECTION('',(-0.6367062602764006,0.7711064376108142,0));
#20210=DIRECTION('',(0.6092435180672497,-0.7929831875223085,0));
#20211=DIRECTION('',(0.13052573741377738,0.9914449212500862,0));
#20212=FACE_SURFACE('',(#20217),#20213,.T.);
#20213=PLANE('',#20214);
#20214=AXIS2_PLACEMENT_3D('',#812,#20215,#20216);
#20215=DIRECTION('',(0,0,1));
#20216=DIRECTION('',(-0.6092435180672497,0.7929831875223085,0));
#20217=FACE_BOUND('',#20218,.T.);
#20218=EDGE_LOOP('',(#20219,#20220,#20221));
#20219=ORIENTED_EDGE('',*,*,#20222,.T.);
#20220=ORIENTED_EDGE('',*,*,#20223,.T.);
#20221=ORIENTED_EDGE('',*,*,#20224,.T.);
#20222=EDGE_CURVE('',#813,#525,#20225,.F.);
#20223=EDGE_CURVE('',#525,#521,#20226,.T.);
#20224=EDGE_CURVE('',#521,#813,#20227,.T.);
#20225=LINE('',#812,#20228);
#20226=LINE('',#524,#20229);
#20227=LINE('',#520,#20230);
#20228=VECTOR('',#20231,1.0);
#20229=VECTOR('',#20232,1.0);
#20230=VECTOR('',#20233,1.0);
#20231=DIRECTION('',(-0.6092435180672497,0.7929831875223085,0));
#20232=DIRECTION('',(0,-1,0));
#20233=DIRECTION('',(0.7298979351578461,0.6835561456473876,0));
#20234=FACE_SURFACE('',(#20239),#20235,.T.);
#20235=PLANE('',#20236);
#20236=AXIS2_PLACEMENT_3D('',#812,#20237,#20238);
#20237=DIRECTION('',(0,0,1));
#20238=DIRECTION('',(-0.7298979351578461,-0.6835561456473876,0));
#20239=FACE_BOUND('',#20240,.T.);
#20240=EDGE_LOOP('',(#20241,#20242,#20243));
#20241=ORIENTED_EDGE('',*,*,#20244,.T.);
#20242=ORIENTED_EDGE('',*,*,#20245,.T.);
#20243=ORIENTED_EDGE('',*,*,#20246,.T.);
#20244=EDGE_CURVE('',#813,#521,#20247,.F.);
#20245=EDGE_CURVE('',#521,#817,#20248,.T.);
#20246=EDGE_CURVE('',#817,#813,#20249,.T.);
#20247=LINE('',#812,#20250);
#20248=LINE('',#520,#20251);
#20249=LINE('',#816,#20252);
#20250=VECTOR('',#20253,1.0);
#20251=VECTOR('',#20254,1.0);
#20252=VECTOR('',#20255,1.0);
#20253=DIRECTION('',(-0.7298979351578461,-0.6835561456473876,0));
#20254=DIRECTION('',(0.7620444991679352,0.6475246568956977,0));
#20255=DIRECTION('',(-0.13052175633904972,0.9914454453585279,0));
#20256=FACE_SURFACE('',(#20261),#20257,.T.);
#20257=PLANE('',#20258);
#20258=AXIS2_PLACEMENT_3D('',#816,#20259,#20260);
#20259=DIRECTION('',(0,0,1));
#20260=DIRECTION('',(-0.7620444991679352,-0.6475246568956977,0));
#20261=FACE_BOUND('',#20262,.T.);
#20262=EDGE_LOOP('',(#20263,#20264,#20265));
#20263=ORIENTED_EDGE('',*,*,#20266,.T.);
#20264=ORIENTED_EDGE('',*,*,#20267,.T.);
#20265=ORIENTED_EDGE('',*,*,#20268,.T.);
#20266=EDGE_CURVE('',#817,#521,#20269,.F.);
#20267=EDGE_CURVE('',#521,#821,#20270,.T.);
#20268=EDGE_CURVE('',#821,#817,#20271,.T.);
#20269=LINE('',#816,#20272);
#20270=LINE('',#520,#20273);
#20271=LINE('',#820,#20274);
#20272=VECTOR('',#20275,1.0);
#20273=VECTOR('',#20276,1.0);
#20274=VECTOR('',#20277,1.0);
#20275=DIRECTION('',(-0.7620444991679352,-0.6475246568956977,0));
#20276=DIRECTION('',(0.7980038201580092,0.6026523898676781,0));
#20277=DIRECTION('',(-0.3826791862967638,0.9238812912789428,0));
#20278=FACE_SURFACE('',(#20283),#20279,.T.);
#20279=PLANE('',#20280);
#20280=AXIS2_PLACEMENT_3D('',#820,#20281,#20282);
#20281=DIRECTION('',(0,0,1));
#20282=DIRECTION('',(-0.7980038201580092,-0.6026523898676781,0));
#20283=FACE_BOUND('',#20284,.T.);
#20284=EDGE_LOOP('',(#20285,#20286,#20287));
#20285=ORIENTED_EDGE('',*,*,#20288,.T.);
#20286=ORIENTED_EDGE('',*,*,#20289,.T.);
#20287=ORIENTED_EDGE('',*,*,#20290,.T.);
#20288=EDGE_CURVE('',#821,#521,#20291,.F.);
#20289=EDGE_CURVE('',#521,#825,#20292,.T.);
#20290=EDGE_CURVE('',#825,#821,#20293,.T.);
#20291=LINE('',#820,#20294);
#20292=LINE('',#520,#20295);
#20293=LINE('',#824,#20296);
#20294=VECTOR('',#20297,1.0);
#20295=VECTOR('',#20298,1.0);
#20296=VECTOR('',#20299,1.0);
#20297=DIRECTION('',(-0.7980038201580092,-0.6026523898676781,0));
#20298=DIRECTION('',(0.8328620154120955,0.5534806801359036,0));
#20299=DIRECTION('',(-0.6087695931926685,0.7933470756258152,0));
#20300=FACE_SURFACE('',(#20305),#20301,.T.);
#20301=PLANE('',#20302);
#20302=AXIS2_PLACEMENT_3D('',#824,#20303,#20304);
#20303=DIRECTION('',(0,0,1));
#20304=DIRECTION('',(-0.8328620154120955,-0.5534806801359036,0));
#20305=FACE_BOUND('',#20306,.T.);
#20306=EDGE_LOOP('',(#20307,#20308,#20309));
#20307=ORIENTED_EDGE('',*,*,#20310,.T.);
#20308=ORIENTED_EDGE('',*,*,#20311,.T.);
#20309=ORIENTED_EDGE('',*,*,#20312,.T.);
#20310=EDGE_CURVE('',#825,#521,#20313,.F.);
#20311=EDGE_CURVE('',#521,#829,#20314,.T.);
#20312=EDGE_CURVE('',#829,#825,#20315,.T.);
#20313=LINE('',#824,#20316);
#20314=LINE('',#520,#20317);
#20315=LINE('',#828,#20318);
#20316=VECTOR('',#20319,1.0);
#20317=VECTOR('',#20320,1.0);
#20318=VECTOR('',#20321,1.0);
#20319=DIRECTION('',(-0.8328620154120955,-0.5534806801359036,0));
#20320=DIRECTION('',(0.8624611448114355,0.5061232791430837,0));
#20321=DIRECTION('',(-0.7933593407273636,0.6087536090083107,0));
#20322=FACE_SURFACE('',(#20327),#20323,.T.);
#20323=PLANE('',#20324);
#20324=AXIS2_PLACEMENT_3D('',#828,#20325,#20326);
#20325=DIRECTION('',(0,0,1));
#20326=DIRECTION('',(-0.8624611448114355,-0.5061232791430837,0));
#20327=FACE_BOUND('',#20328,.T.);
#20328=EDGE_LOOP('',(#20329,#20330,#20331));
#20329=ORIENTED_EDGE('',*,*,#20332,.T.);
#20330=ORIENTED_EDGE('',*,*,#20333,.T.);
#20331=ORIENTED_EDGE('',*,*,#20334,.T.);
#20332=EDGE_CURVE('',#829,#521,#20335,.F.);
#20333=EDGE_CURVE('',#521,#833,#20336,.T.);
#20334=EDGE_CURVE('',#833,#829,#20337,.T.);
#20335=LINE('',#828,#20338);
#20336=LINE('',#520,#20339);
#20337=LINE('',#832,#20340);
#20338=VECTOR('',#20341,1.0);
#20339=VECTOR('',#20342,1.0);
#20340=VECTOR('',#20343,1.0);
#20341=DIRECTION('',(-0.8624611448114355,-0.5061232791430837,0));
#20342=DIRECTION('',(0.8845503022295229,0.46644481219717704,0));
#20343=DIRECTION('',(-0.923872473922762,0.38270047286074205,0));
#20344=FACE_SURFACE('',(#20349),#20345,.T.);
#20345=PLANE('',#20346);
#20346=AXIS2_PLACEMENT_3D('',#832,#20347,#20348);
#20347=DIRECTION('',(0,0,1));
#20348=DIRECTION('',(-0.8845503022295229,-0.46644481219717704,0));
#20349=FACE_BOUND('',#20350,.T.);
#20350=EDGE_LOOP('',(#20351,#20352,#20353));
#20351=ORIENTED_EDGE('',*,*,#20354,.T.);
#20352=ORIENTED_EDGE('',*,*,#20355,.T.);
#20353=ORIENTED_EDGE('',*,*,#20356,.T.);
#20354=EDGE_CURVE('',#833,#521,#20357,.F.);
#20355=EDGE_CURVE('',#521,#837,#20358,.T.);
#20356=EDGE_CURVE('',#837,#833,#20359,.T.);
#20357=LINE('',#832,#20360);
#20358=LINE('',#520,#20361);
#20359=LINE('',#836,#20362);
#20360=VECTOR('',#20363,1.0);
#20361=VECTOR('',#20364,1.0);
#20362=VECTOR('',#20365,1.0);
#20363=DIRECTION('',(-0.8845503022295229,-0.46644481219717704,0));
#20364=DIRECTION('',(0.8987684215335626,0.43842368144760197,0));
#20365=DIRECTION('',(-0.9914443190544547,0.1305303114784014,0));
#20366=FACE_SURFACE('',(#20371),#20367,.T.);
#20367=PLANE('',#20368);
#20368=AXIS2_PLACEMENT_3D('',#836,#20369,#20370);
#20369=DIRECTION('',(0,0,1));
#20370=DIRECTION('',(-0.8987684215335626,-0.43842368144760197,0));
#20371=FACE_BOUND('',#20372,.T.);
#20372=EDGE_LOOP('',(#20373,#20374,#20375));
#20373=ORIENTED_EDGE('',*,*,#20376,.T.);
#20374=ORIENTED_EDGE('',*,*,#20377,.T.);
#20375=ORIENTED_EDGE('',*,*,#20378,.T.);
#20376=EDGE_CURVE('',#837,#521,#20379,.F.);
#20377=EDGE_CURVE('',#521,#959,#20380,.T.);
#20378=EDGE_CURVE('',#959,#837,#20381,.T.);
#20379=LINE('',#836,#20382);
#20380=LINE('',#520,#20383);
#20381=LINE('',#958,#20384);
#20382=VECTOR('',#20385,1.0);
#20383=VECTOR('',#20386,1.0);
#20384=VECTOR('',#20387,1.0);
#20385=DIRECTION('',(-0.8987684215335626,-0.43842368144760197,0));
#20386=DIRECTION('',(1,0,0));
#20387=DIRECTION('',(-0.8232129255271159,0.5677327533664824,0));
#20388=FACE_SURFACE('',(#20393),#20389,.T.);
#20389=PLANE('',#20390);
#20390=AXIS2_PLACEMENT_3D('',#836,#20391,#20392);
#20391=DIRECTION('',(-0,0,1));
#20392=DIRECTION('',(0.8232129255271159,-0.5677327533664824,0));
#20393=FACE_BOUND('',#20394,.T.);
#20394=EDGE_LOOP('',(#20395,#20396,#20397));
#20395=ORIENTED_EDGE('',*,*,#20398,.T.);
#20396=ORIENTED_EDGE('',*,*,#20399,.T.);
#20397=ORIENTED_EDGE('',*,*,#20400,.T.);
#20398=EDGE_CURVE('',#837,#959,#20401,.F.);
#20399=EDGE_CURVE('',#959,#841,#20402,.T.);
#20400=EDGE_CURVE('',#841,#837,#20403,.T.);
#20401=LINE('',#836,#20404);
#20402=LINE('',#958,#20405);
#20403=LINE('',#840,#20406);
#20404=VECTOR('',#20407,1.0);
#20405=VECTOR('',#20408,1.0);
#20406=VECTOR('',#20409,1.0);
#20407=DIRECTION('',(0.8232129255271159,-0.5677327533664824,0));
#20408=DIRECTION('',(-0.7939610272438891,0.6079686564435935,0));
#20409=DIRECTION('',(-0.9914443190544547,-0.1305303114784014,0));
#20410=FACE_SURFACE('',(#20415),#20411,.T.);
#20411=PLANE('',#20412);
#20412=AXIS2_PLACEMENT_3D('',#840,#20413,#20414);
#20413=DIRECTION('',(-0,0,1));
#20414=DIRECTION('',(0.7939610272438891,-0.6079686564435935,0));
#20415=FACE_BOUND('',#20416,.T.);
#20416=EDGE_LOOP('',(#20417,#20418,#20419));
#20417=ORIENTED_EDGE('',*,*,#20420,.T.);
#20418=ORIENTED_EDGE('',*,*,#20421,.T.);
#20419=ORIENTED_EDGE('',*,*,#20422,.T.);
#20420=EDGE_CURVE('',#841,#959,#20423,.F.);
#20421=EDGE_CURVE('',#959,#845,#20424,.T.);
#20422=EDGE_CURVE('',#845,#841,#20425,.T.);
#20423=LINE('',#840,#20426);
#20424=LINE('',#958,#20427);
#20425=LINE('',#844,#20428);
#20426=VECTOR('',#20429,1.0);
#20427=VECTOR('',#20430,1.0);
#20428=VECTOR('',#20431,1.0);
#20429=DIRECTION('',(0.7939610272438891,-0.6079686564435935,0));
#20430=DIRECTION('',(-0.751745711592809,0.6594530954524525,0));
#20431=DIRECTION('',(-0.9238736003210871,-0.38269775362517106,0));
#20432=FACE_SURFACE('',(#20437),#20433,.T.);
#20433=PLANE('',#20434);
#20434=AXIS2_PLACEMENT_3D('',#844,#20435,#20436);
#20435=DIRECTION('',(-0,0,1));
#20436=DIRECTION('',(0.751745711592809,-0.6594530954524525,0));
#20437=FACE_BOUND('',#20438,.T.);
#20438=EDGE_LOOP('',(#20439,#20440,#20441));
#20439=ORIENTED_EDGE('',*,*,#20442,.T.);
#20440=ORIENTED_EDGE('',*,*,#20443,.T.);
#20441=ORIENTED_EDGE('',*,*,#20444,.T.);
#20442=EDGE_CURVE('',#845,#959,#20445,.F.);
#20443=EDGE_CURVE('',#959,#849,#20446,.T.);
#20444=EDGE_CURVE('',#849,#845,#20447,.T.);
#20445=LINE('',#844,#20448);
#20446=LINE('',#958,#20449);
#20447=LINE('',#848,#20450);
#20448=VECTOR('',#20451,1.0);
#20449=VECTOR('',#20452,1.0);
#20450=VECTOR('',#20453,1.0);
#20451=DIRECTION('',(0.751745711592809,-0.6594530954524525,0));
#20452=DIRECTION('',(-0.6992178519104202,0.7149086623966573,0));
#20453=DIRECTION('',(-0.7933593407273636,-0.6087536090083107,0));
#20454=FACE_SURFACE('',(#20459),#20455,.T.);
#20455=PLANE('',#20456);
#20456=AXIS2_PLACEMENT_3D('',#848,#20457,#20458);
#20457=DIRECTION('',(-0,0,1));
#20458=DIRECTION('',(0.6992178519104202,-0.7149086623966573,0));
#20459=FACE_BOUND('',#20460,.T.);
#20460=EDGE_LOOP('',(#20461,#20462,#20463));
#20461=ORIENTED_EDGE('',*,*,#20464,.T.);
#20462=ORIENTED_EDGE('',*,*,#20465,.T.);
#20463=ORIENTED_EDGE('',*,*,#20466,.T.);
#20464=EDGE_CURVE('',#849,#959,#20467,.F.);
#20465=EDGE_CURVE('',#959,#853,#20468,.T.);
#20466=EDGE_CURVE('',#853,#849,#20469,.T.);
#20467=LINE('',#848,#20470);
#20468=LINE('',#958,#20471);
#20469=LINE('',#852,#20472);
#20470=VECTOR('',#20473,1.0);
#20471=VECTOR('',#20474,1.0);
#20472=VECTOR('',#20475,1.0);
#20473=DIRECTION('',(0.6992178519104202,-0.7149086623966573,0));
#20474=DIRECTION('',(-0.6428794864882821,0.7659673399385659,0));
#20475=DIRECTION('',(-0.6087695931926685,-0.7933470756258152,0));
#20476=FACE_SURFACE('',(#20481),#20477,.T.);
#20477=PLANE('',#20478);
#20478=AXIS2_PLACEMENT_3D('',#852,#20479,#20480);
#20479=DIRECTION('',(-0,0,1));
#20480=DIRECTION('',(0.6428794864882821,-0.7659673399385659,0));
#20481=FACE_BOUND('',#20482,.T.);
#20482=EDGE_LOOP('',(#20483,#20484,#20485));
#20483=ORIENTED_EDGE('',*,*,#20486,.T.);
#20484=ORIENTED_EDGE('',*,*,#20487,.T.);
#20485=ORIENTED_EDGE('',*,*,#20488,.T.);
#20486=EDGE_CURVE('',#853,#959,#20489,.F.);
#20487=EDGE_CURVE('',#959,#857,#20490,.T.);
#20488=EDGE_CURVE('',#857,#853,#20491,.T.);
#20489=LINE('',#852,#20492);
#20490=LINE('',#958,#20493);
#20491=LINE('',#856,#20494);
#20492=VECTOR('',#20495,1.0);
#20493=VECTOR('',#20496,1.0);
#20494=VECTOR('',#20497,1.0);
#20495=DIRECTION('',(0.6428794864882821,-0.7659673399385659,0));
#20496=DIRECTION('',(-0.5912367721907006,0.8064980342254541,0));
#20497=DIRECTION('',(-0.3826791862967638,-0.9238812912789428,0));
#20498=FACE_SURFACE('',(#20503),#20499,.T.);
#20499=PLANE('',#20500);
#20500=AXIS2_PLACEMENT_3D('',#568,#20501,#20502);
#20501=DIRECTION('',(0,-1,0));
#20502=DIRECTION('',(1,0,0));
#20503=FACE_BOUND('',#20504,.T.);
#20504=EDGE_LOOP('',(#20505,#20506,#20507));
#20505=ORIENTED_EDGE('',*,*,#20508,.T.);
#20506=ORIENTED_EDGE('',*,*,#20509,.T.);
#20507=ORIENTED_EDGE('',*,*,#20510,.T.);
#20508=EDGE_CURVE('',#569,#559,#20511,.F.);
#20509=EDGE_CURVE('',#559,#961,#20512,.T.);
#20510=EDGE_CURVE('',#961,#569,#20513,.T.);
#20511=LINE('',#568,#20514);
#20512=LINE('',#558,#20515);
#20513=LINE('',#960,#20516);
#20514=VECTOR('',#20517,1.0);
#20515=VECTOR('',#20518,1.0);
#20516=VECTOR('',#20519,1.0);
#20517=DIRECTION('',(1,0,0));
#20518=DIRECTION('',(-0.8682431421244593,0,0.49613893835683387));
#20519=DIRECTION('',(0,0,-1));
#20520=FACE_SURFACE('',(#20525),#20521,.T.);
#20521=PLANE('',#20522);
#20522=AXIS2_PLACEMENT_3D('',#960,#20523,#20524);
#20523=DIRECTION('',(0,-1,0));
#20524=DIRECTION('',(0.8682431421244593,0,-0.49613893835683387));
#20525=FACE_BOUND('',#20526,.T.);
#20526=EDGE_LOOP('',(#20527,#20528,#20529));
#20527=ORIENTED_EDGE('',*,*,#20530,.T.);
#20528=ORIENTED_EDGE('',*,*,#20531,.T.);
#20529=ORIENTED_EDGE('',*,*,#20532,.T.);
#20530=EDGE_CURVE('',#961,#559,#20533,.F.);
#20531=EDGE_CURVE('',#559,#557,#20534,.T.);
#20532=EDGE_CURVE('',#557,#961,#20535,.T.);
#20533=LINE('',#960,#20536);
#20534=LINE('',#558,#20537);
#20535=LINE('',#556,#20538);
#20536=VECTOR('',#20539,1.0);
#20537=VECTOR('',#20540,1.0);
#20538=VECTOR('',#20541,1.0);
#20539=DIRECTION('',(0.8682431421244593,0,-0.49613893835683387));
#20540=DIRECTION('',(0,0,1));
#20541=DIRECTION('',(-1,0,0));
#20542=FACE_SURFACE('',(#20547),#20543,.T.);
#20543=PLANE('',#20544);
#20544=AXIS2_PLACEMENT_3D('',#534,#20545,#20546);
#20545=DIRECTION('',(-1,0,0));
#20546=DIRECTION('',(0,-1,0));
#20547=FACE_BOUND('',#20548,.T.);
#20548=EDGE_LOOP('',(#20549,#20550,#20551));
#20549=ORIENTED_EDGE('',*,*,#20552,.T.);
#20550=ORIENTED_EDGE('',*,*,#20553,.T.);
#20551=ORIENTED_EDGE('',*,*,#20554,.T.);
#20552=EDGE_CURVE('',#535,#569,#20555,.F.);
#20553=EDGE_CURVE('',#569,#537,#20556,.T.);
#20554=EDGE_CURVE('',#537,#535,#20557,.T.);
#20555=LINE('',#534,#20558);
#20556=LINE('',#568,#20559);
#20557=LINE('',#536,#20560);
#20558=VECTOR('',#20561,1.0);
#20559=VECTOR('',#20562,1.0);
#20560=VECTOR('',#20563,1.0);
#20561=DIRECTION('',(0,-1,0));
#20562=DIRECTION('',(0,0.8697575659271776,0.4934792564155368));
#20563=DIRECTION('',(0,0,-1));
#20564=FACE_SURFACE('',(#20569),#20565,.T.);
#20565=PLANE('',#20566);
#20566=AXIS2_PLACEMENT_3D('',#536,#20567,#20568);
#20567=DIRECTION('',(-1,-0,0));
#20568=DIRECTION('',(0,-0.8697575659271776,-0.4934792564155368));
#20569=FACE_BOUND('',#20570,.T.);
#20570=EDGE_LOOP('',(#20571,#20572,#20573));
#20571=ORIENTED_EDGE('',*,*,#20574,.T.);
#20572=ORIENTED_EDGE('',*,*,#20575,.T.);
#20573=ORIENTED_EDGE('',*,*,#20576,.T.);
#20574=EDGE_CURVE('',#537,#569,#20577,.F.);
#20575=EDGE_CURVE('',#569,#961,#20578,.T.);
#20576=EDGE_CURVE('',#961,#537,#20579,.T.);
#20577=LINE('',#536,#20580);
#20578=LINE('',#568,#20581);
#20579=LINE('',#960,#20582);
#20580=VECTOR('',#20583,1.0);
#20581=VECTOR('',#20584,1.0);
#20582=VECTOR('',#20585,1.0);
#20583=DIRECTION('',(0,-0.8697575659271776,-0.4934792564155368));
#20584=DIRECTION('',(0,0,1));
#20585=DIRECTION('',(0,1,0));
#20586=FACE_SURFACE('',(#20591),#20587,.T.);
#20587=PLANE('',#20588);
#20588=AXIS2_PLACEMENT_3D('',#664,#20589,#20590);
#20589=DIRECTION('',(-0,0,1));
#20590=DIRECTION('',(0.7620444034171252,-0.6475247695807766,0));
#20591=FACE_BOUND('',#20592,.T.);
#20592=EDGE_LOOP('',(#20593,#20594,#20595));
#20593=ORIENTED_EDGE('',*,*,#20596,.T.);
#20594=ORIENTED_EDGE('',*,*,#20597,.T.);
#20595=ORIENTED_EDGE('',*,*,#20598,.T.);
#20596=EDGE_CURVE('',#665,#557,#20599,.F.);
#20597=EDGE_CURVE('',#557,#573,#20600,.T.);
#20598=EDGE_CURVE('',#573,#665,#20601,.T.);
#20599=LINE('',#664,#20602);
#20600=LINE('',#556,#20603);
#20601=LINE('',#572,#20604);
#20602=VECTOR('',#20605,1.0);
#20603=VECTOR('',#20606,1.0);
#20604=VECTOR('',#20607,1.0);
#20605=DIRECTION('',(0.7620444034171252,-0.6475247695807766,0));
#20606=DIRECTION('',(-0.7298976254005508,0.6835564764045742,0));
#20607=DIRECTION('',(-0.1305293161766429,-0.9914444500921159,0));
#20608=FACE_SURFACE('',(#20613),#20609,.T.);
#20609=PLANE('',#20610);
#20610=AXIS2_PLACEMENT_3D('',#572,#20611,#20612);
#20611=DIRECTION('',(-0,0,1));
#20612=DIRECTION('',(0.7298976254005508,-0.6835564764045742,0));
#20613=FACE_BOUND('',#20614,.T.);
#20614=EDGE_LOOP('',(#20615,#20616,#20617));
#20615=ORIENTED_EDGE('',*,*,#20618,.T.);
#20616=ORIENTED_EDGE('',*,*,#20619,.T.);
#20617=ORIENTED_EDGE('',*,*,#20620,.T.);
#20618=EDGE_CURVE('',#573,#557,#20621,.F.);
#20619=EDGE_CURVE('',#557,#539,#20622,.T.);
#20620=EDGE_CURVE('',#539,#573,#20623,.T.);
#20621=LINE('',#572,#20624);
#20622=LINE('',#556,#20625);
#20623=LINE('',#538,#20626);
#20624=VECTOR('',#20627,1.0);
#20625=VECTOR('',#20628,1.0);
#20626=VECTOR('',#20629,1.0);
#20627=DIRECTION('',(0.7298976254005508,-0.6835564764045742,0));
#20628=DIRECTION('',(0,1,0));
#20629=DIRECTION('',(-0.6092431701068629,-0.7929834548577543,0));
#20630=FACE_SURFACE('',(#20635),#20631,.T.);
#20631=PLANE('',#20632);
#20632=AXIS2_PLACEMENT_3D('',#572,#20633,#20634);
#20633=DIRECTION('',(0,-0,1));
#20634=DIRECTION('',(0.6092431701068629,0.7929834548577543,0));
#20635=FACE_BOUND('',#20636,.T.);
#20636=EDGE_LOOP('',(#20637,#20638,#20639));
#20637=ORIENTED_EDGE('',*,*,#20640,.T.);
#20638=ORIENTED_EDGE('',*,*,#20641,.T.);
#20639=ORIENTED_EDGE('',*,*,#20642,.T.);
#20640=EDGE_CURVE('',#573,#539,#20643,.F.);
#20641=EDGE_CURVE('',#539,#577,#20644,.T.);
#20642=EDGE_CURVE('',#577,#573,#20645,.T.);
#20643=LINE('',#572,#20646);
#20644=LINE('',#538,#20647);
#20645=LINE('',#576,#20648);
#20646=VECTOR('',#20649,1.0);
#20647=VECTOR('',#20650,1.0);
#20648=VECTOR('',#20651,1.0);
#20649=DIRECTION('',(0.6092431701068629,0.7929834548577543,0));
#20650=DIRECTION('',(-0.6367061468230708,-0.7711065312897551,0));
#20651=DIRECTION('',(0.13053329747396128,-0.9914439259234857,0));
#20652=FACE_SURFACE('',(#20657),#20653,.T.);
#20653=PLANE('',#20654);
#20654=AXIS2_PLACEMENT_3D('',#576,#20655,#20656);
#20655=DIRECTION('',(0,-0,1));
#20656=DIRECTION('',(0.6367061468230708,0.7711065312897551,0));
#20657=FACE_BOUND('',#20658,.T.);
#20658=EDGE_LOOP('',(#20659,#20660,#20661));
#20659=ORIENTED_EDGE('',*,*,#20662,.T.);
#20660=ORIENTED_EDGE('',*,*,#20663,.T.);
#20661=ORIENTED_EDGE('',*,*,#20664,.T.);
#20662=EDGE_CURVE('',#577,#539,#20665,.F.);
#20663=EDGE_CURVE('',#539,#581,#20666,.T.);
#20664=EDGE_CURVE('',#581,#577,#20667,.T.);
#20665=LINE('',#576,#20668);
#20666=LINE('',#538,#20669);
#20667=LINE('',#580,#20670);
#20668=VECTOR('',#20671,1.0);
#20669=VECTOR('',#20672,1.0);
#20670=VECTOR('',#20673,1.0);
#20671=DIRECTION('',(0.6367061468230708,0.7711065312897551,0));
#20672=DIRECTION('',(-0.6706334549008689,-0.7417888979809042,0));
#20673=DIRECTION('',(0.3826791862967638,-0.9238812912789428,0));
#20674=FACE_SURFACE('',(#20679),#20675,.T.);
#20675=PLANE('',#20676);
#20676=AXIS2_PLACEMENT_3D('',#580,#20677,#20678);
#20677=DIRECTION('',(0,-0,1));
#20678=DIRECTION('',(0.6706334549008689,0.7417888979809042,0));
#20679=FACE_BOUND('',#20680,.T.);
#20680=EDGE_LOOP('',(#20681,#20682,#20683));
#20681=ORIENTED_EDGE('',*,*,#20684,.T.);
#20682=ORIENTED_EDGE('',*,*,#20685,.T.);
#20683=ORIENTED_EDGE('',*,*,#20686,.T.);
#20684=EDGE_CURVE('',#581,#539,#20687,.F.);
#20685=EDGE_CURVE('',#539,#585,#20688,.T.);
#20686=EDGE_CURVE('',#585,#581,#20689,.T.);
#20687=LINE('',#580,#20690);
#20688=LINE('',#538,#20691);
#20689=LINE('',#584,#20692);
#20690=VECTOR('',#20693,1.0);
#20691=VECTOR('',#20694,1.0);
#20692=VECTOR('',#20695,1.0);
#20693=DIRECTION('',(0.6706334549008689,0.7417888979809042,0));
#20694=DIRECTION('',(-0.7071059943710266,-0.707107568001193,0));
#20695=DIRECTION('',(0.6087647524157085,-0.7933507901403017,0));
#20696=FACE_SURFACE('',(#20701),#20697,.T.);
#20697=PLANE('',#20698);
#20698=AXIS2_PLACEMENT_3D('',#584,#20699,#20700);
#20699=DIRECTION('',(0,-0,1));
#20700=DIRECTION('',(0.7071059943710266,0.707107568001193,0));
#20701=FACE_BOUND('',#20702,.T.);
#20702=EDGE_LOOP('',(#20703,#20704,#20705));
#20703=ORIENTED_EDGE('',*,*,#20706,.T.);
#20704=ORIENTED_EDGE('',*,*,#20707,.T.);
#20705=ORIENTED_EDGE('',*,*,#20708,.T.);
#20706=EDGE_CURVE('',#585,#539,#20709,.F.);
#20707=EDGE_CURVE('',#539,#589,#20710,.T.);
#20708=EDGE_CURVE('',#589,#585,#20711,.T.);
#20709=LINE('',#584,#20712);
#20710=LINE('',#538,#20713);
#20711=LINE('',#588,#20714);
#20712=VECTOR('',#20715,1.0);
#20713=VECTOR('',#20716,1.0);
#20714=VECTOR('',#20717,1.0);
#20715=DIRECTION('',(0.7071059943710266,0.707107568001193,0));
#20716=DIRECTION('',(-0.7417888979809042,-0.6706334549008689,0));
#20717=DIRECTION('',(0.7933473333039744,-0.6087692573869615,0));
#20718=FACE_SURFACE('',(#20723),#20719,.T.);
#20719=PLANE('',#20720);
#20720=AXIS2_PLACEMENT_3D('',#588,#20721,#20722);
#20721=DIRECTION('',(0,-0,1));
#20722=DIRECTION('',(0.7417888979809042,0.6706334549008689,0));
#20723=FACE_BOUND('',#20724,.T.);
#20724=EDGE_LOOP('',(#20725,#20726,#20727));
#20725=ORIENTED_EDGE('',*,*,#20728,.T.);
#20726=ORIENTED_EDGE('',*,*,#20729,.T.);
#20727=ORIENTED_EDGE('',*,*,#20730,.T.);
#20728=EDGE_CURVE('',#589,#539,#20731,.F.);
#20729=EDGE_CURVE('',#539,#593,#20732,.T.);
#20730=EDGE_CURVE('',#593,#589,#20733,.T.);
#20731=LINE('',#588,#20734);
#20732=LINE('',#538,#20735);
#20733=LINE('',#592,#20736);
#20734=VECTOR('',#20737,1.0);
#20735=VECTOR('',#20738,1.0);
#20736=VECTOR('',#20739,1.0);
#20737=DIRECTION('',(0.7417888979809042,0.6706334549008689,0));
#20738=DIRECTION('',(-0.7711058471689544,-0.636706975351966,0));
#20739=DIRECTION('',(0.9238844769476138,-0.38267149522172944,0));
#20740=FACE_SURFACE('',(#20745),#20741,.T.);
#20741=PLANE('',#20742);
#20742=AXIS2_PLACEMENT_3D('',#592,#20743,#20744);
#20743=DIRECTION('',(0,-0,1));
#20744=DIRECTION('',(0.7711058471689544,0.636706975351966,0));
#20745=FACE_BOUND('',#20746,.T.);
#20746=EDGE_LOOP('',(#20747,#20748,#20749));
#20747=ORIENTED_EDGE('',*,*,#20750,.T.);
#20748=ORIENTED_EDGE('',*,*,#20751,.T.);
#20749=ORIENTED_EDGE('',*,*,#20752,.T.);
#20750=EDGE_CURVE('',#593,#539,#20753,.F.);
#20751=EDGE_CURVE('',#539,#537,#20754,.T.);
#20752=EDGE_CURVE('',#537,#593,#20755,.T.);
#20753=LINE('',#592,#20756);
#20754=LINE('',#538,#20757);
#20755=LINE('',#536,#20758);
#20756=VECTOR('',#20759,1.0);
#20757=VECTOR('',#20760,1.0);
#20758=VECTOR('',#20761,1.0);
#20759=DIRECTION('',(0.7711058471689544,0.636706975351966,0));
#20760=DIRECTION('',(-1,0,0));
#20761=DIRECTION('',(0.7030171850126072,-0.7111728605458376,0));
#20762=FACE_SURFACE('',(#20767),#20763,.T.);
#20763=PLANE('',#20764);
#20764=AXIS2_PLACEMENT_3D('',#592,#20765,#20766);
#20765=DIRECTION('',(0,0,1));
#20766=DIRECTION('',(-0.7030171850126072,0.7111728605458376,0));
#20767=FACE_BOUND('',#20768,.T.);
#20768=EDGE_LOOP('',(#20769,#20770,#20771));
#20769=ORIENTED_EDGE('',*,*,#20772,.T.);
#20770=ORIENTED_EDGE('',*,*,#20773,.T.);
#20771=ORIENTED_EDGE('',*,*,#20774,.T.);
#20772=EDGE_CURVE('',#593,#537,#20775,.F.);
#20773=EDGE_CURVE('',#537,#597,#20776,.T.);
#20774=EDGE_CURVE('',#597,#593,#20777,.T.);
#20775=LINE('',#592,#20778);
#20776=LINE('',#536,#20779);
#20777=LINE('',#596,#20780);
#20778=VECTOR('',#20781,1.0);
#20779=VECTOR('',#20782,1.0);
#20780=VECTOR('',#20783,1.0);
#20781=DIRECTION('',(-0.7030171850126072,0.7111728605458376,0));
#20782=DIRECTION('',(0.6773094903012972,-0.7356982087430939,0));
#20783=DIRECTION('',(0.9914441880137961,-0.1305313067952071,0));
#20784=FACE_SURFACE('',(#20789),#20785,.T.);
#20785=PLANE('',#20786);
#20786=AXIS2_PLACEMENT_3D('',#596,#20787,#20788);
#20787=DIRECTION('',(0,0,1));
#20788=DIRECTION('',(-0.6773094903012972,0.7356982087430939,0));
#20789=FACE_BOUND('',#20790,.T.);
#20790=EDGE_LOOP('',(#20791,#20792,#20793));
#20791=ORIENTED_EDGE('',*,*,#20794,.T.);
#20792=ORIENTED_EDGE('',*,*,#20795,.T.);
#20793=ORIENTED_EDGE('',*,*,#20796,.T.);
#20794=EDGE_CURVE('',#597,#537,#20797,.F.);
#20795=EDGE_CURVE('',#537,#601,#20798,.T.);
#20796=EDGE_CURVE('',#601,#597,#20799,.T.);
#20797=LINE('',#596,#20800);
#20798=LINE('',#536,#20801);
#20799=LINE('',#600,#20802);
#20800=VECTOR('',#20803,1.0);
#20801=VECTOR('',#20804,1.0);
#20802=VECTOR('',#20805,1.0);
#20803=DIRECTION('',(-0.6773094903012972,0.7356982087430939,0));
#20804=DIRECTION('',(0.6404896727258035,-0.7679667825704398,0));
#20805=DIRECTION('',(0.9914444500921159,0.1305293161766429,0));
#20806=FACE_SURFACE('',(#20811),#20807,.T.);
#20807=PLANE('',#20808);
#20808=AXIS2_PLACEMENT_3D('',#600,#20809,#20810);
#20809=DIRECTION('',(0,0,1));
#20810=DIRECTION('',(-0.6404896727258035,0.7679667825704398,0));
#20811=FACE_BOUND('',#20812,.T.);
#20812=EDGE_LOOP('',(#20813,#20814,#20815));
#20813=ORIENTED_EDGE('',*,*,#20816,.T.);
#20814=ORIENTED_EDGE('',*,*,#20817,.T.);
#20815=ORIENTED_EDGE('',*,*,#20818,.T.);
#20816=EDGE_CURVE('',#601,#537,#20819,.F.);
#20817=EDGE_CURVE('',#537,#605,#20820,.T.);
#20818=EDGE_CURVE('',#605,#601,#20821,.T.);
#20819=LINE('',#600,#20822);
#20820=LINE('',#536,#20823);
#20821=LINE('',#604,#20824);
#20822=VECTOR('',#20825,1.0);
#20823=VECTOR('',#20826,1.0);
#20824=VECTOR('',#20827,1.0);
#20825=DIRECTION('',(-0.6404896727258035,0.7679667825704398,0));
#20826=DIRECTION('',(0.5948137905680712,-0.8038635173647593,0));
#20827=DIRECTION('',(0.9238844769476138,0.38267149522172944,0));
#20828=FACE_SURFACE('',(#20833),#20829,.T.);
#20829=PLANE('',#20830);
#20830=AXIS2_PLACEMENT_3D('',#604,#20831,#20832);
#20831=DIRECTION('',(0,0,1));
#20832=DIRECTION('',(-0.5948137905680712,0.8038635173647593,0));
#20833=FACE_BOUND('',#20834,.T.);
#20834=EDGE_LOOP('',(#20835,#20836,#20837));
#20835=ORIENTED_EDGE('',*,*,#20838,.T.);
#20836=ORIENTED_EDGE('',*,*,#20839,.T.);
#20837=ORIENTED_EDGE('',*,*,#20840,.T.);
#20838=EDGE_CURVE('',#605,#537,#20841,.F.);
#20839=EDGE_CURVE('',#537,#609,#20842,.T.);
#20840=EDGE_CURVE('',#609,#605,#20843,.T.);
#20841=LINE('',#604,#20844);
#20842=LINE('',#536,#20845);
#20843=LINE('',#608,#20846);
#20844=VECTOR('',#20847,1.0);
#20845=VECTOR('',#20848,1.0);
#20846=VECTOR('',#20849,1.0);
#20847=DIRECTION('',(-0.5948137905680712,0.8038635173647593,0));
#20848=DIRECTION('',(0.5449684120977608,-0.8384565759868815,0));
#20849=DIRECTION('',(0.7933416328132523,0.6087766861873103,0));
#20850=FACE_SURFACE('',(#20855),#20851,.T.);
#20851=PLANE('',#20852);
#20852=AXIS2_PLACEMENT_3D('',#608,#20853,#20854);
#20853=DIRECTION('',(0,0,1));
#20854=DIRECTION('',(-0.5449684120977608,0.8384565759868815,0));
#20855=FACE_BOUND('',#20856,.T.);
#20856=EDGE_LOOP('',(#20857,#20858,#20859));
#20857=ORIENTED_EDGE('',*,*,#20860,.T.);
#20858=ORIENTED_EDGE('',*,*,#20861,.T.);
#20859=ORIENTED_EDGE('',*,*,#20862,.T.);
#20860=EDGE_CURVE('',#609,#537,#20863,.F.);
#20861=EDGE_CURVE('',#537,#613,#20864,.T.);
#20862=EDGE_CURVE('',#613,#609,#20865,.T.);
#20863=LINE('',#608,#20866);
#20864=LINE('',#536,#20867);
#20865=LINE('',#612,#20868);
#20866=VECTOR('',#20869,1.0);
#20867=VECTOR('',#20870,1.0);
#20868=VECTOR('',#20871,1.0);
#20869=DIRECTION('',(-0.5449684120977608,0.8384565759868815,0));
#20870=DIRECTION('',(0.4971940216231489,-0.8676393864170758,0));
#20871=DIRECTION('',(0.6087647524157085,0.7933507901403017,0));
#20872=FACE_SURFACE('',(#20877),#20873,.T.);
#20873=PLANE('',#20874);
#20874=AXIS2_PLACEMENT_3D('',#612,#20875,#20876);
#20875=DIRECTION('',(0,0,1));
#20876=DIRECTION('',(-0.4971940216231489,0.8676393864170758,0));
#20877=FACE_BOUND('',#20878,.T.);
#20878=EDGE_LOOP('',(#20879,#20880,#20881));
#20879=ORIENTED_EDGE('',*,*,#20882,.T.);
#20880=ORIENTED_EDGE('',*,*,#20883,.T.);
#20881=ORIENTED_EDGE('',*,*,#20884,.T.);
#20882=EDGE_CURVE('',#613,#537,#20885,.F.);
#20883=EDGE_CURVE('',#537,#617,#20886,.T.);
#20884=EDGE_CURVE('',#617,#613,#20887,.T.);
#20885=LINE('',#612,#20888);
#20886=LINE('',#536,#20889);
#20887=LINE('',#616,#20890);
#20888=VECTOR('',#20891,1.0);
#20889=VECTOR('',#20892,1.0);
#20890=VECTOR('',#20893,1.0);
#20891=DIRECTION('',(-0.4971940216231489,0.8676393864170758,0));
#20892=DIRECTION('',(0.45739369375919886,-0.8892643076775972,0));
#20893=DIRECTION('',(0.3826791862967638,0.9238812912789428,0));
#20894=FACE_SURFACE('',(#20899),#20895,.T.);
#20895=PLANE('',#20896);
#20896=AXIS2_PLACEMENT_3D('',#616,#20897,#20898);
#20897=DIRECTION('',(0,0,1));
#20898=DIRECTION('',(-0.45739369375919886,0.8892643076775972,0));
#20899=FACE_BOUND('',#20900,.T.);
#20900=EDGE_LOOP('',(#20901,#20902,#20903));
#20901=ORIENTED_EDGE('',*,*,#20904,.T.);
#20902=ORIENTED_EDGE('',*,*,#20905,.T.);
#20903=ORIENTED_EDGE('',*,*,#20906,.T.);
#20904=EDGE_CURVE('',#617,#537,#20907,.F.);
#20905=EDGE_CURVE('',#537,#621,#20908,.T.);
#20906=EDGE_CURVE('',#621,#617,#20909,.T.);
#20907=LINE('',#616,#20910);
#20908=LINE('',#536,#20911);
#20909=LINE('',#620,#20912);
#20910=VECTOR('',#20913,1.0);
#20911=VECTOR('',#20914,1.0);
#20912=VECTOR('',#20915,1.0);
#20913=DIRECTION('',(-0.45739369375919886,0.8892643076775972,0));
#20914=DIRECTION('',(0.42950630887541535,-0.9030638574520721,0));
#20915=DIRECTION('',(0.13053329747396128,0.9914439259234857,0));
#20916=FACE_SURFACE('',(#20921),#20917,.T.);
#20917=PLANE('',#20918);
#20918=AXIS2_PLACEMENT_3D('',#620,#20919,#20920);
#20919=DIRECTION('',(0,0,1));
#20920=DIRECTION('',(-0.42950630887541535,0.9030638574520721,0));
#20921=FACE_BOUND('',#20922,.T.);
#20922=EDGE_LOOP('',(#20923,#20924,#20925));
#20923=ORIENTED_EDGE('',*,*,#20926,.T.);
#20924=ORIENTED_EDGE('',*,*,#20927,.T.);
#20925=ORIENTED_EDGE('',*,*,#20928,.T.);
#20926=EDGE_CURVE('',#621,#537,#20929,.F.);
#20927=EDGE_CURVE('',#537,#961,#20930,.T.);
#20928=EDGE_CURVE('',#961,#621,#20931,.T.);
#20929=LINE('',#620,#20932);
#20930=LINE('',#536,#20933);
#20931=LINE('',#960,#20934);
#20932=VECTOR('',#20935,1.0);
#20933=VECTOR('',#20936,1.0);
#20934=VECTOR('',#20937,1.0);
#20935=DIRECTION('',(-0.42950630887541535,0.9030638574520721,0));
#20936=DIRECTION('',(0,-1,0));
#20937=DIRECTION('',(0.5514325684067002,0.8342194690250222,0));
#20938=FACE_SURFACE('',(#20943),#20939,.T.);
#20939=PLANE('',#20940);
#20940=AXIS2_PLACEMENT_3D('',#620,#20941,#20942);
#20941=DIRECTION('',(0,0,1));
#20942=DIRECTION('',(-0.5514325684067002,-0.8342194690250222,0));
#20943=FACE_BOUND('',#20944,.T.);
#20944=EDGE_LOOP('',(#20945,#20946,#20947));
#20945=ORIENTED_EDGE('',*,*,#20948,.T.);
#20946=ORIENTED_EDGE('',*,*,#20949,.T.);
#20947=ORIENTED_EDGE('',*,*,#20950,.T.);
#20948=EDGE_CURVE('',#621,#961,#20951,.F.);
#20949=EDGE_CURVE('',#961,#625,#20952,.T.);
#20950=EDGE_CURVE('',#625,#621,#20953,.T.);
#20951=LINE('',#620,#20954);
#20952=LINE('',#960,#20955);
#20953=LINE('',#624,#20956);
#20954=VECTOR('',#20957,1.0);
#20955=VECTOR('',#20958,1.0);
#20956=VECTOR('',#20959,1.0);
#20957=DIRECTION('',(-0.5514325684067002,-0.8342194690250222,0));
#20958=DIRECTION('',(0.5912371422004161,0.8064977629743836,0));
#20959=DIRECTION('',(-0.1305293161766429,0.9914444500921159,0));
#20960=FACE_SURFACE('',(#20965),#20961,.T.);
#20961=PLANE('',#20962);
#20962=AXIS2_PLACEMENT_3D('',#624,#20963,#20964);
#20963=DIRECTION('',(0,0,1));
#20964=DIRECTION('',(-0.5912371422004161,-0.8064977629743836,0));
#20965=FACE_BOUND('',#20966,.T.);
#20966=EDGE_LOOP('',(#20967,#20968,#20969));
#20967=ORIENTED_EDGE('',*,*,#20970,.T.);
#20968=ORIENTED_EDGE('',*,*,#20971,.T.);
#20969=ORIENTED_EDGE('',*,*,#20972,.T.);
#20970=EDGE_CURVE('',#625,#961,#20973,.F.);
#20971=EDGE_CURVE('',#961,#629,#20974,.T.);
#20972=EDGE_CURVE('',#629,#625,#20975,.T.);
#20973=LINE('',#624,#20976);
#20974=LINE('',#960,#20977);
#20975=LINE('',#628,#20978);
#20976=VECTOR('',#20979,1.0);
#20977=VECTOR('',#20980,1.0);
#20978=VECTOR('',#20981,1.0);
#20979=DIRECTION('',(-0.5912371422004161,-0.8064977629743836,0));
#20980=DIRECTION('',(0.6428798328147282,0.7659670492652457,0));
#20981=DIRECTION('',(-0.3826791862967638,0.9238812912789428,0));
#20982=FACE_SURFACE('',(#20987),#20983,.T.);
#20983=PLANE('',#20984);
#20984=AXIS2_PLACEMENT_3D('',#628,#20985,#20986);
#20985=DIRECTION('',(0,0,1));
#20986=DIRECTION('',(-0.6428798328147282,-0.7659670492652457,0));
#20987=FACE_BOUND('',#20988,.T.);
#20988=EDGE_LOOP('',(#20989,#20990,#20991));
#20989=ORIENTED_EDGE('',*,*,#20992,.T.);
#20990=ORIENTED_EDGE('',*,*,#20993,.T.);
#20991=ORIENTED_EDGE('',*,*,#20994,.T.);
#20992=EDGE_CURVE('',#629,#961,#20995,.F.);
#20993=EDGE_CURVE('',#961,#633,#20996,.T.);
#20994=EDGE_CURVE('',#633,#629,#20997,.T.);
#20995=LINE('',#628,#20998);
#20996=LINE('',#960,#20999);
#20997=LINE('',#632,#21000);
#20998=VECTOR('',#21001,1.0);
#20999=VECTOR('',#21002,1.0);
#21000=VECTOR('',#21003,1.0);
#21001=DIRECTION('',(-0.6428798328147282,-0.7659670492652457,0));
#21002=DIRECTION('',(0.6992178519104202,0.7149086623966573,0));
#21003=DIRECTION('',(-0.6087647524157085,0.7933507901403017,0));
#21004=FACE_SURFACE('',(#21009),#21005,.T.);
#21005=PLANE('',#21006);
#21006=AXIS2_PLACEMENT_3D('',#632,#21007,#21008);
#21007=DIRECTION('',(0,0,1));
#21008=DIRECTION('',(-0.6992178519104202,-0.7149086623966573,0));
#21009=FACE_BOUND('',#21010,.T.);
#21010=EDGE_LOOP('',(#21011,#21012,#21013));
#21011=ORIENTED_EDGE('',*,*,#21014,.T.);
#21012=ORIENTED_EDGE('',*,*,#21015,.T.);
#21013=ORIENTED_EDGE('',*,*,#21016,.T.);
#21014=EDGE_CURVE('',#633,#961,#21017,.F.);
#21015=EDGE_CURVE('',#961,#637,#21018,.T.);
#21016=EDGE_CURVE('',#637,#633,#21019,.T.);
#21017=LINE('',#632,#21020);
#21018=LINE('',#960,#21021);
#21019=LINE('',#636,#21022);
#21020=VECTOR('',#21023,1.0);
#21021=VECTOR('',#21024,1.0);
#21022=VECTOR('',#21025,1.0);
#21023=DIRECTION('',(-0.6992178519104202,-0.7149086623966573,0));
#21024=DIRECTION('',(0.7517454544601708,0.6594533885715285,0));
#21025=DIRECTION('',(-0.7933564905838493,0.6087573234454586,0));
#21026=FACE_SURFACE('',(#21031),#21027,.T.);
#21027=PLANE('',#21028);
#21028=AXIS2_PLACEMENT_3D('',#636,#21029,#21030);
#21029=DIRECTION('',(0,0,1));
#21030=DIRECTION('',(-0.7517454544601708,-0.6594533885715285,0));
#21031=FACE_BOUND('',#21032,.T.);
#21032=EDGE_LOOP('',(#21033,#21034,#21035));
#21033=ORIENTED_EDGE('',*,*,#21036,.T.);
#21034=ORIENTED_EDGE('',*,*,#21037,.T.);
#21035=ORIENTED_EDGE('',*,*,#21038,.T.);
#21036=EDGE_CURVE('',#637,#961,#21039,.F.);
#21037=EDGE_CURVE('',#961,#641,#21040,.T.);
#21038=EDGE_CURVE('',#641,#637,#21041,.T.);
#21039=LINE('',#636,#21042);
#21040=LINE('',#960,#21043);
#21041=LINE('',#640,#21044);
#21042=VECTOR('',#21045,1.0);
#21043=VECTOR('',#21046,1.0);
#21044=VECTOR('',#21047,1.0);
#21045=DIRECTION('',(-0.7517454544601708,-0.6594533885715285,0));
#21046=DIRECTION('',(0.7939608163466731,0.6079689318592887,0));
#21047=DIRECTION('',(-0.9238736003210871,0.38269775362517106,0));
#21048=FACE_SURFACE('',(#21053),#21049,.T.);
#21049=PLANE('',#21050);
#21050=AXIS2_PLACEMENT_3D('',#640,#21051,#21052);
#21051=DIRECTION('',(0,0,1));
#21052=DIRECTION('',(-0.7939608163466731,-0.6079689318592887,0));
#21053=FACE_BOUND('',#21054,.T.);
#21054=EDGE_LOOP('',(#21055,#21056,#21057));
#21055=ORIENTED_EDGE('',*,*,#21058,.T.);
#21056=ORIENTED_EDGE('',*,*,#21059,.T.);
#21057=ORIENTED_EDGE('',*,*,#21060,.T.);
#21058=EDGE_CURVE('',#641,#961,#21061,.F.);
#21059=EDGE_CURVE('',#961,#645,#21062,.T.);
#21060=EDGE_CURVE('',#645,#641,#21063,.T.);
#21061=LINE('',#640,#21064);
#21062=LINE('',#960,#21065);
#21063=LINE('',#644,#21066);
#21064=VECTOR('',#21067,1.0);
#21065=VECTOR('',#21068,1.0);
#21066=VECTOR('',#21069,1.0);
#21067=DIRECTION('',(-0.7939608163466731,-0.6079689318592887,0));
#21068=DIRECTION('',(0.8232129255271159,0.5677327533664824,0));
#21069=DIRECTION('',(-0.9914444500921159,0.1305293161766429,0));
#21070=FACE_SURFACE('',(#21075),#21071,.T.);
#21071=PLANE('',#21072);
#21072=AXIS2_PLACEMENT_3D('',#644,#21073,#21074);
#21073=DIRECTION('',(0,0,1));
#21074=DIRECTION('',(-0.8232129255271159,-0.5677327533664824,0));
#21075=FACE_BOUND('',#21076,.T.);
#21076=EDGE_LOOP('',(#21077,#21078,#21079));
#21077=ORIENTED_EDGE('',*,*,#21080,.T.);
#21078=ORIENTED_EDGE('',*,*,#21081,.T.);
#21079=ORIENTED_EDGE('',*,*,#21082,.T.);
#21080=EDGE_CURVE('',#645,#961,#21083,.F.);
#21081=EDGE_CURVE('',#961,#557,#21084,.T.);
#21082=EDGE_CURVE('',#557,#645,#21085,.T.);
#21083=LINE('',#644,#21086);
#21084=LINE('',#960,#21087);
#21085=LINE('',#556,#21088);
#21086=VECTOR('',#21089,1.0);
#21087=VECTOR('',#21090,1.0);
#21088=VECTOR('',#21091,1.0);
#21089=DIRECTION('',(-0.8232129255271159,-0.5677327533664824,0));
#21090=DIRECTION('',(1,0,0));
#21091=DIRECTION('',(-0.8987683813496493,0.4384237638246029,0));
#21092=FACE_SURFACE('',(#21097),#21093,.T.);
#21093=PLANE('',#21094);
#21094=AXIS2_PLACEMENT_3D('',#644,#21095,#21096);
#21095=DIRECTION('',(-0,0,1));
#21096=DIRECTION('',(0.8987683813496493,-0.4384237638246029,0));
#21097=FACE_BOUND('',#21098,.T.);
#21098=EDGE_LOOP('',(#21099,#21100,#21101));
#21099=ORIENTED_EDGE('',*,*,#21102,.T.);
#21100=ORIENTED_EDGE('',*,*,#21103,.T.);
#21101=ORIENTED_EDGE('',*,*,#21104,.T.);
#21102=EDGE_CURVE('',#645,#557,#21105,.F.);
#21103=EDGE_CURVE('',#557,#649,#21106,.T.);
#21104=EDGE_CURVE('',#649,#645,#21107,.T.);
#21105=LINE('',#644,#21108);
#21106=LINE('',#556,#21109);
#21107=LINE('',#648,#21110);
#21108=VECTOR('',#21111,1.0);
#21109=VECTOR('',#21112,1.0);
#21110=VECTOR('',#21113,1.0);
#21111=DIRECTION('',(0.8987683813496493,-0.4384237638246029,0));
#21112=DIRECTION('',(-0.8845503498504297,0.46644472189047476,0));
#21113=DIRECTION('',(-0.9914441880137961,-0.1305313067952071,0));
#21114=FACE_SURFACE('',(#21119),#21115,.T.);
#21115=PLANE('',#21116);
#21116=AXIS2_PLACEMENT_3D('',#648,#21117,#21118);
#21117=DIRECTION('',(-0,0,1));
#21118=DIRECTION('',(0.8845503498504297,-0.46644472189047476,0));
#21119=FACE_BOUND('',#21120,.T.);
#21120=EDGE_LOOP('',(#21121,#21122,#21123));
#21121=ORIENTED_EDGE('',*,*,#21124,.T.);
#21122=ORIENTED_EDGE('',*,*,#21125,.T.);
#21123=ORIENTED_EDGE('',*,*,#21126,.T.);
#21124=EDGE_CURVE('',#649,#557,#21127,.F.);
#21125=EDGE_CURVE('',#557,#653,#21128,.T.);
#21126=EDGE_CURVE('',#653,#649,#21129,.T.);
#21127=LINE('',#648,#21130);
#21128=LINE('',#556,#21131);
#21129=LINE('',#652,#21132);
#21130=VECTOR('',#21133,1.0);
#21131=VECTOR('',#21134,1.0);
#21132=VECTOR('',#21135,1.0);
#21133=DIRECTION('',(0.8845503498504297,-0.46644472189047476,0));
#21134=DIRECTION('',(-0.86246108668894,0.5061233781869129,0));
#21135=DIRECTION('',(-0.9238736003210871,-0.38269775362517106,0));
#21136=FACE_SURFACE('',(#21141),#21137,.T.);
#21137=PLANE('',#21138);
#21138=AXIS2_PLACEMENT_3D('',#652,#21139,#21140);
#21139=DIRECTION('',(-0,0,1));
#21140=DIRECTION('',(0.86246108668894,-0.5061233781869129,0));
#21141=FACE_BOUND('',#21142,.T.);
#21142=EDGE_LOOP('',(#21143,#21144,#21145));
#21143=ORIENTED_EDGE('',*,*,#21146,.T.);
#21144=ORIENTED_EDGE('',*,*,#21147,.T.);
#21145=ORIENTED_EDGE('',*,*,#21148,.T.);
#21146=EDGE_CURVE('',#653,#557,#21149,.F.);
#21147=EDGE_CURVE('',#557,#657,#21150,.T.);
#21148=EDGE_CURVE('',#657,#653,#21151,.T.);
#21149=LINE('',#652,#21152);
#21150=LINE('',#556,#21153);
#21151=LINE('',#656,#21154);
#21152=VECTOR('',#21155,1.0);
#21153=VECTOR('',#21156,1.0);
#21154=VECTOR('',#21157,1.0);
#21155=DIRECTION('',(0.86246108668894,-0.5061233781869129,0));
#21156=DIRECTION('',(-0.8328618024867193,0.5534810005398315,0));
#21157=DIRECTION('',(-0.7933621908187063,-0.6087498946031471,0));
#21158=FACE_SURFACE('',(#21163),#21159,.T.);
#21159=PLANE('',#21160);
#21160=AXIS2_PLACEMENT_3D('',#656,#21161,#21162);
#21161=DIRECTION('',(-0,0,1));
#21162=DIRECTION('',(0.8328618024867193,-0.5534810005398315,0));
#21163=FACE_BOUND('',#21164,.T.);
#21164=EDGE_LOOP('',(#21165,#21166,#21167));
#21165=ORIENTED_EDGE('',*,*,#21168,.T.);
#21166=ORIENTED_EDGE('',*,*,#21169,.T.);
#21167=ORIENTED_EDGE('',*,*,#21170,.T.);
#21168=EDGE_CURVE('',#657,#557,#21171,.F.);
#21169=EDGE_CURVE('',#557,#661,#21172,.T.);
#21170=EDGE_CURVE('',#661,#657,#21173,.T.);
#21171=LINE('',#656,#21174);
#21172=LINE('',#556,#21175);
#21173=LINE('',#660,#21176);
#21174=VECTOR('',#21177,1.0);
#21175=VECTOR('',#21178,1.0);
#21176=VECTOR('',#21179,1.0);
#21177=DIRECTION('',(0.8328618024867193,-0.5534810005398315,0));
#21178=DIRECTION('',(-0.7980037358194997,0.6026525015447312,0));
#21179=DIRECTION('',(-0.6087647524157085,-0.7933507901403017,0));
#21180=FACE_SURFACE('',(#21185),#21181,.T.);
#21181=PLANE('',#21182);
#21182=AXIS2_PLACEMENT_3D('',#660,#21183,#21184);
#21183=DIRECTION('',(-0,0,1));
#21184=DIRECTION('',(0.7980037358194997,-0.6026525015447312,0));
#21185=FACE_BOUND('',#21186,.T.);
#21186=EDGE_LOOP('',(#21187,#21188,#21189));
#21187=ORIENTED_EDGE('',*,*,#21190,.T.);
#21188=ORIENTED_EDGE('',*,*,#21191,.T.);
#21189=ORIENTED_EDGE('',*,*,#21192,.T.);
#21190=EDGE_CURVE('',#661,#557,#21193,.F.);
#21191=EDGE_CURVE('',#557,#665,#21194,.T.);
#21192=EDGE_CURVE('',#665,#661,#21195,.T.);
#21193=LINE('',#660,#21196);
#21194=LINE('',#556,#21197);
#21195=LINE('',#664,#21198);
#21196=VECTOR('',#21199,1.0);
#21197=VECTOR('',#21200,1.0);
#21198=VECTOR('',#21201,1.0);
#21199=DIRECTION('',(0.7980037358194997,-0.6026525015447312,0));
#21200=DIRECTION('',(-0.7620444034171252,0.6475247695807766,0));
#21201=DIRECTION('',(-0.3826791862967638,-0.9238812912789428,0));
#21202=FACE_SURFACE('',(#21207),#21203,.T.);
#21203=PLANE('',#21204);
#21204=AXIS2_PLACEMENT_3D('',#78,#21205,#21206);
#21205=DIRECTION('',(0,-1,0));
#21206=DIRECTION('',(1,0,0));
#21207=FACE_BOUND('',#21208,.T.);
#21208=EDGE_LOOP('',(#21209,#21210,#21211));
#21209=ORIENTED_EDGE('',*,*,#21212,.T.);
#21210=ORIENTED_EDGE('',*,*,#21213,.T.);
#21211=ORIENTED_EDGE('',*,*,#21214,.T.);
#21212=EDGE_CURVE('',#79,#77,#21215,.F.);
#21213=EDGE_CURVE('',#77,#107,#21216,.T.);
#21214=EDGE_CURVE('',#107,#79,#21217,.T.);
#21215=LINE('',#78,#21218);
#21216=LINE('',#76,#21219);
#21217=LINE('',#106,#21220);
#21218=VECTOR('',#21221,1.0);
#21219=VECTOR('',#21222,1.0);
#21220=VECTOR('',#21223,1.0);
#21221=DIRECTION('',(1,0,0));
#21222=DIRECTION('',(-0.23695618581439065,0,0.9715203374115727));
#21223=DIRECTION('',(0,0,-1));
#21224=FACE_SURFACE('',(#21229),#21225,.T.);
#21225=PLANE('',#21226);
#21226=AXIS2_PLACEMENT_3D('',#106,#21227,#21228);
#21227=DIRECTION('',(0,-1,0));
#21228=DIRECTION('',(0.23695618581439065,0,-0.9715203374115727));
#21229=FACE_BOUND('',#21230,.T.);
#21230=EDGE_LOOP('',(#21231,#21232,#21233));
#21231=ORIENTED_EDGE('',*,*,#21234,.T.);
#21232=ORIENTED_EDGE('',*,*,#21235,.T.);
#21233=ORIENTED_EDGE('',*,*,#21236,.T.);
#21234=EDGE_CURVE('',#107,#77,#21237,.F.);
#21235=EDGE_CURVE('',#77,#99,#21238,.T.);
#21236=EDGE_CURVE('',#99,#107,#21239,.T.);
#21237=LINE('',#106,#21240);
#21238=LINE('',#76,#21241);
#21239=LINE('',#98,#21242);
#21240=VECTOR('',#21243,1.0);
#21241=VECTOR('',#21244,1.0);
#21242=VECTOR('',#21245,1.0);
#21243=DIRECTION('',(0.23695618581439065,0,-0.9715203374115727));
#21244=DIRECTION('',(0,0,1));
#21245=DIRECTION('',(-1,0,0));
#21246=FACE_SURFACE('',(#21251),#21247,.T.);
#21247=PLANE('',#21248);
#21248=AXIS2_PLACEMENT_3D('',#62,#21249,#21250);
#21249=DIRECTION('',(1,0,0));
#21250=DIRECTION('',(0,1,0));
#21251=FACE_BOUND('',#21252,.T.);
#21252=EDGE_LOOP('',(#21253,#21254,#21255));
#21253=ORIENTED_EDGE('',*,*,#21256,.T.);
#21254=ORIENTED_EDGE('',*,*,#21257,.T.);
#21255=ORIENTED_EDGE('',*,*,#21258,.T.);
#21256=EDGE_CURVE('',#63,#67,#21259,.F.);
#21257=EDGE_CURVE('',#67,#65,#21260,.T.);
#21258=EDGE_CURVE('',#65,#63,#21261,.T.);
#21259=LINE('',#62,#21262);
#21260=LINE('',#66,#21263);
#21261=LINE('',#64,#21264);
#21262=VECTOR('',#21265,1.0);
#21263=VECTOR('',#21266,1.0);
#21264=VECTOR('',#21267,1.0);
#21265=DIRECTION('',(0,1,0));
#21266=DIRECTION('',(0,-0.23695618581439065,0.9715203374115727));
#21267=DIRECTION('',(0,0,-1));
#21268=FACE_SURFACE('',(#21273),#21269,.T.);
#21269=PLANE('',#21270);
#21270=AXIS2_PLACEMENT_3D('',#64,#21271,#21272);
#21271=DIRECTION('',(1,-0,0));
#21272=DIRECTION('',(0,0.23695618581439065,-0.9715203374115727));
#21273=FACE_BOUND('',#21274,.T.);
#21274=EDGE_LOOP('',(#21275,#21276,#21277));
#21275=ORIENTED_EDGE('',*,*,#21278,.T.);
#21276=ORIENTED_EDGE('',*,*,#21279,.T.);
#21277=ORIENTED_EDGE('',*,*,#21280,.T.);
#21278=EDGE_CURVE('',#65,#67,#21281,.F.);
#21279=EDGE_CURVE('',#67,#129,#21282,.T.);
#21280=EDGE_CURVE('',#129,#65,#21283,.T.);
#21281=LINE('',#64,#21284);
#21282=LINE('',#66,#21285);
#21283=LINE('',#128,#21286);
#21284=VECTOR('',#21287,1.0);
#21285=VECTOR('',#21288,1.0);
#21286=VECTOR('',#21289,1.0);
#21287=DIRECTION('',(0,0.23695618581439065,-0.9715203374115727));
#21288=DIRECTION('',(0,0,1));
#21289=DIRECTION('',(0,-1,0));
#21290=FACE_SURFACE('',(#21295),#21291,.T.);
#21291=PLANE('',#21292);
#21292=AXIS2_PLACEMENT_3D('',#96,#21293,#21294);
#21293=DIRECTION('',(0,1,-0));
#21294=DIRECTION('',(-1,0,0));
#21295=FACE_BOUND('',#21296,.T.);
#21296=EDGE_LOOP('',(#21297,#21298,#21299));
#21297=ORIENTED_EDGE('',*,*,#21300,.T.);
#21298=ORIENTED_EDGE('',*,*,#21301,.T.);
#21299=ORIENTED_EDGE('',*,*,#21302,.T.);
#21300=EDGE_CURVE('',#97,#91,#21303,.F.);
#21301=EDGE_CURVE('',#91,#127,#21304,.T.);
#21302=EDGE_CURVE('',#127,#97,#21305,.T.);
#21303=LINE('',#96,#21306);
#21304=LINE('',#90,#21307);
#21305=LINE('',#126,#21308);
#21306=VECTOR('',#21309,1.0);
#21307=VECTOR('',#21310,1.0);
#21308=VECTOR('',#21311,1.0);
#21309=DIRECTION('',(-1,0,0));
#21310=DIRECTION('',(0.23695618581439065,0,0.9715203374115727));
#21311=DIRECTION('',(0,0,-1));
#21312=FACE_SURFACE('',(#21317),#21313,.T.);
#21313=PLANE('',#21314);
#21314=AXIS2_PLACEMENT_3D('',#126,#21315,#21316);
#21315=DIRECTION('',(0,1,0));
#21316=DIRECTION('',(-0.23695618581439065,0,-0.9715203374115727));
#21317=FACE_BOUND('',#21318,.T.);
#21318=EDGE_LOOP('',(#21319,#21320,#21321));
#21319=ORIENTED_EDGE('',*,*,#21322,.T.);
#21320=ORIENTED_EDGE('',*,*,#21323,.T.);
#21321=ORIENTED_EDGE('',*,*,#21324,.T.);
#21322=EDGE_CURVE('',#127,#91,#21325,.F.);
#21323=EDGE_CURVE('',#91,#119,#21326,.T.);
#21324=EDGE_CURVE('',#119,#127,#21327,.T.);
#21325=LINE('',#126,#21328);
#21326=LINE('',#90,#21329);
#21327=LINE('',#118,#21330);
#21328=VECTOR('',#21331,1.0);
#21329=VECTOR('',#21332,1.0);
#21330=VECTOR('',#21333,1.0);
#21331=DIRECTION('',(-0.23695618581439065,0,-0.9715203374115727));
#21332=DIRECTION('',(0,0,1));
#21333=DIRECTION('',(1,0,0));
#21334=FACE_SURFACE('',(#21339),#21335,.T.);
#21335=PLANE('',#21336);
#21336=AXIS2_PLACEMENT_3D('',#94,#21337,#21338);
#21337=DIRECTION('',(-1,0,0));
#21338=DIRECTION('',(0,-1,0));
#21339=FACE_BOUND('',#21340,.T.);
#21340=EDGE_LOOP('',(#21341,#21342,#21343));
#21341=ORIENTED_EDGE('',*,*,#21344,.T.);
#21342=ORIENTED_EDGE('',*,*,#21345,.T.);
#21343=ORIENTED_EDGE('',*,*,#21346,.T.);
#21344=EDGE_CURVE('',#95,#83,#21347,.F.);
#21345=EDGE_CURVE('',#83,#117,#21348,.T.);
#21346=EDGE_CURVE('',#117,#95,#21349,.T.);
#21347=LINE('',#94,#21350);
#21348=LINE('',#82,#21351);
#21349=LINE('',#116,#21352);
#21350=VECTOR('',#21353,1.0);
#21351=VECTOR('',#21354,1.0);
#21352=VECTOR('',#21355,1.0);
#21353=DIRECTION('',(0,-1,0));
#21354=DIRECTION('',(0,0.23695618581439065,0.9715203374115727));
#21355=DIRECTION('',(0,0,-1));
#21356=FACE_SURFACE('',(#21361),#21357,.T.);
#21357=PLANE('',#21358);
#21358=AXIS2_PLACEMENT_3D('',#116,#21359,#21360);
#21359=DIRECTION('',(-1,-0,0));
#21360=DIRECTION('',(0,-0.23695618581439065,-0.9715203374115727));
#21361=FACE_BOUND('',#21362,.T.);
#21362=EDGE_LOOP('',(#21363,#21364,#21365));
#21363=ORIENTED_EDGE('',*,*,#21366,.T.);
#21364=ORIENTED_EDGE('',*,*,#21367,.T.);
#21365=ORIENTED_EDGE('',*,*,#21368,.T.);
#21366=EDGE_CURVE('',#117,#83,#21369,.F.);
#21367=EDGE_CURVE('',#83,#109,#21370,.T.);
#21368=EDGE_CURVE('',#109,#117,#21371,.T.);
#21369=LINE('',#116,#21372);
#21370=LINE('',#82,#21373);
#21371=LINE('',#108,#21374);
#21372=VECTOR('',#21375,1.0);
#21373=VECTOR('',#21376,1.0);
#21374=VECTOR('',#21377,1.0);
#21375=DIRECTION('',(0,-0.23695618581439065,-0.9715203374115727));
#21376=DIRECTION('',(0,0,1));
#21377=DIRECTION('',(0,1,0));
ENDSEC;
END-ISO-10303-21;
